2025-10-25 19:16:35,486 [INFO] Activator:176 - 


2025-10-25 19:16:35,491 [INFO] Activator:177 - !SESSION log4j initialized
2025-10-25 19:16:38,119 [INFO] LogOutputStream:77 - [STDOUT_REDIRECT] 
2025-10-25 19:16:40,543 [INFO] ApplicationProperties:184 - Using Application install path: C:\ST\STM32CubeIDE_1.19.0\STM32CubeIDE\plugins\com.st.stm32cube.common.mx_6.15.0.202507011659
2025-10-25 19:16:40,561 [INFO] DbMcusXml:78 - Set database path to: C:\ST\STM32CubeIDE_1.19.0\STM32CubeIDE\plugins\com.st.stm32cube.common.mx_6.15.0.202507011659\\db\/mcu/
2025-10-25 19:16:40,562 [INFO] ApiDb:274 - Set plugin database path to: C:\ST\STM32CubeIDE_1.19.0\STM32CubeIDE\plugins\com.st.stm32cube.common.mx_6.15.0.202507011659\\db\/plugins/boardmanager/
2025-10-25 19:16:40,563 [WARN] ApiDb:259 - Overriding images path with different value:  => C:\ST\STM32CubeIDE_1.19.0\STM32CubeIDE\plugins\com.st.stm32cube.common.mx_6.15.0.202507011659\\db\/plugins/mcufinder/images/
2025-10-25 19:16:42,191 [WARN] ApiFinderProperties:113 - C:\Users\s2rajago\.stmcufinder\plugins\mcufinder\mcu\mcuFinder.mfd doesn't exist
2025-10-25 19:16:42,192 [INFO] ApiDb:250 - Set database path to: C:\Users\s2rajago\.stmcufinder\plugins\mcufinder//mcu/
2025-10-25 19:16:42,194 [INFO] DbMcusAds:125 - Set database path to: C:\Users\s2rajago\.stmcufinder\plugins\mcufinder//mcu/
2025-10-25 19:16:42,198 [INFO] CrossReferenceDbSqlite:203 - Set database path to: C:\Users\s2rajago\.stmcufinder\plugins\mcufinder//mcu/cs/
2025-10-25 19:16:42,333 [INFO] RulesReader:64 - Compatibility file has been processed (317 Rules)
2025-10-25 19:16:42,419 [INFO] DbMcusXml:78 - Set database path to: C:\ST\STM32CubeIDE_1.19.0\STM32CubeIDE\plugins\com.st.stm32cube.common.mx_6.15.0.202507011659\\db\/mcu/
2025-10-25 19:16:42,419 [INFO] ApiDb:274 - Set plugin database path to: C:\ST\STM32CubeIDE_1.19.0\STM32CubeIDE\plugins\com.st.stm32cube.common.mx_6.15.0.202507011659\\db\/plugins/boardmanager/
2025-10-25 19:16:42,420 [INFO] ApiDb:261 - Set plugin images path to: C:\ST\STM32CubeIDE_1.19.0\STM32CubeIDE\plugins\com.st.stm32cube.common.mx_6.15.0.202507011659\\db\/plugins/mcufinder/images/
2025-10-25 19:16:42,421 [WARN] DbFile:41 - Overriding database path with different value: C:\Users\s2rajago\.stmcufinder\plugins\mcufinder/ => C:\Users\s2rajago\.stmcufinder\plugins\mcufinder
2025-10-25 19:16:42,422 [INFO] ApiDb:250 - Set database path to: C:\Users\s2rajago\.stmcufinder\plugins\mcufinder//mcu/
2025-10-25 19:16:42,423 [WARN] DbFile:41 - Overriding database path with different value: C:\Users\s2rajago\.stmcufinder\plugins\mcufinder/ => C:\Users\s2rajago\.stmcufinder\plugins\mcufinder
2025-10-25 19:16:42,423 [INFO] DbMcusAds:125 - Set database path to: C:\Users\s2rajago\.stmcufinder\plugins\mcufinder//mcu/
2025-10-25 19:16:42,424 [WARN] DbFile:41 - Overriding database path with different value: C:\Users\s2rajago\.stmcufinder\plugins\mcufinder/ => C:\Users\s2rajago\.stmcufinder\plugins\mcufinder
2025-10-25 19:16:42,425 [WARN] DbFile:41 - Overriding database path with different value: C:\Users\s2rajago\.stmcufinder\plugins\mcufinder/ => C:\Users\s2rajago\.stmcufinder\plugins\mcufinder
2025-10-25 19:16:42,425 [INFO] CrossReferenceDbSqlite:203 - Set database path to: C:\Users\s2rajago\.stmcufinder\plugins\mcufinder//mcu/cs/
2025-10-25 19:16:42,496 [INFO] MainPanel:274 - HeapMemory: 268435456
2025-10-25 19:16:42,595 [INFO] DbMcusXml:78 - Set database path to: C:\ST\STM32CubeIDE_1.19.0\STM32CubeIDE\plugins\com.st.stm32cube.common.mx_6.15.0.202507011659\\db\/mcu/
2025-10-25 19:16:42,596 [INFO] ApiDb:274 - Set plugin database path to: C:\ST\STM32CubeIDE_1.19.0\STM32CubeIDE\plugins\com.st.stm32cube.common.mx_6.15.0.202507011659\\db\/plugins/boardmanager/
2025-10-25 19:16:42,597 [INFO] ApiDb:261 - Set plugin images path to: C:\ST\STM32CubeIDE_1.19.0\STM32CubeIDE\plugins\com.st.stm32cube.common.mx_6.15.0.202507011659\\db\/plugins/mcufinder/images/
2025-10-25 19:16:42,598 [WARN] DbFile:41 - Overriding database path with different value: C:\Users\s2rajago\.stmcufinder\plugins\mcufinder/ => C:\Users\s2rajago\.stmcufinder\plugins\mcufinder
2025-10-25 19:16:42,598 [INFO] ApiDb:250 - Set database path to: C:\Users\s2rajago\.stmcufinder\plugins\mcufinder//mcu/
2025-10-25 19:16:42,599 [WARN] DbFile:41 - Overriding database path with different value: C:\Users\s2rajago\.stmcufinder\plugins\mcufinder/ => C:\Users\s2rajago\.stmcufinder\plugins\mcufinder
2025-10-25 19:16:42,600 [INFO] DbMcusAds:125 - Set database path to: C:\Users\s2rajago\.stmcufinder\plugins\mcufinder//mcu/
2025-10-25 19:16:42,600 [WARN] DbFile:41 - Overriding database path with different value: C:\Users\s2rajago\.stmcufinder\plugins\mcufinder/ => C:\Users\s2rajago\.stmcufinder\plugins\mcufinder
2025-10-25 19:16:42,601 [WARN] DbFile:41 - Overriding database path with different value: C:\Users\s2rajago\.stmcufinder\plugins\mcufinder/ => C:\Users\s2rajago\.stmcufinder\plugins\mcufinder
2025-10-25 19:16:42,602 [INFO] CrossReferenceDbSqlite:203 - Set database path to: C:\Users\s2rajago\.stmcufinder\plugins\mcufinder//mcu/cs/
2025-10-25 19:16:42,620 [INFO] ApplicationProperties:184 - Using Application install path: C:\ST\STM32CubeIDE_1.19.0\STM32CubeIDE\plugins\com.st.stm32cube.common.mx_6.15.0.202507011659
2025-10-25 19:16:42,622 [INFO] PluginManage:196 - Search for loadable plugins [exclusion list=, ]
2025-10-25 19:16:42,624 [INFO] PluginManage:310 - Check plugin analytics
2025-10-25 19:16:42,870 [INFO] AnalyticsPlugin:253 - Accepted Software Licenses: 
2025-10-25 19:16:42,881 [INFO] AnalyticsPlugin:255 - Accepted CMSIS Pack Licenses: 
2025-10-25 19:16:42,884 [INFO] AnalyticsPlugin:257 - Accepted Firmware Licenses: 
2025-10-25 19:16:42,891 [INFO] PluginManage:359 - Loaded plugin analytics (category:tool,tabindex:-1)
2025-10-25 19:16:42,896 [INFO] PluginManage:310 - Check plugin cadmodel
2025-10-25 19:16:42,904 [INFO] CADModel:105 - Init CAD model plugin
2025-10-25 19:16:42,909 [INFO] PluginManage:359 - Loaded plugin cadmodel (category:power,tabindex:5)
2025-10-25 19:16:42,914 [INFO] PluginManage:310 - Check plugin clock
2025-10-25 19:16:42,926 [INFO] PluginManage:359 - Loaded plugin clock (category:base,tabindex:2)
2025-10-25 19:16:42,928 [INFO] PluginManage:310 - Check plugin ddr
2025-10-25 19:16:42,934 [INFO] PluginManage:359 - Loaded plugin ddr (category:tool,tabindex:6)
2025-10-25 19:16:42,939 [INFO] PluginManage:310 - Check plugin filemanager
2025-10-25 19:16:43,222 [INFO] PluginManage:359 - Loaded plugin filemanager (category:base,tabindex:10)
2025-10-25 19:16:43,246 [INFO] PluginManage:310 - Check plugin ipmanager
2025-10-25 19:16:43,263 [INFO] PluginManage:359 - Loaded plugin ipmanager (category:base,tabindex:5)
2025-10-25 19:16:43,264 [INFO] PluginManage:310 - Check plugin lpbam
2025-10-25 19:16:43,272 [INFO] PluginManage:359 - Loaded plugin lpbam (category:base,tabindex:0)
2025-10-25 19:16:43,273 [INFO] PluginManage:310 - Check plugin memorymap
2025-10-25 19:16:43,287 [INFO] PluginManage:359 - Loaded plugin memorymap (category:base,tabindex:4)
2025-10-25 19:16:43,288 [INFO] PluginManage:310 - Check plugin pinoutandconfiguration
2025-10-25 19:16:43,296 [INFO] PluginManage:359 - Loaded plugin pinoutandconfiguration (category:base,tabindex:1)
2025-10-25 19:16:43,297 [INFO] PluginManage:310 - Check plugin pinoutconfig
2025-10-25 19:16:43,393 [WARN] SupportedApi:132 - Cannot load RTOS API schema: s4s-elt-must-match.1: The content of 'definitions' must match (annotation?, (simpleType | complexType)?, (unique | key | keyref)*)). A problem was found starting at: attribute.
2025-10-25 19:16:43,535 [INFO] PluginManage:359 - Loaded plugin pinoutconfig (category:base,tabindex:0)
2025-10-25 19:16:43,536 [INFO] PluginManage:310 - Check plugin power
2025-10-25 19:16:43,545 [INFO] PluginManage:359 - Loaded plugin power (category:power,tabindex:4)
2025-10-25 19:16:43,545 [INFO] PluginManage:310 - Check plugin projectmanager
2025-10-25 19:16:43,563 [INFO] PluginManage:359 - Loaded plugin projectmanager (category:projectmanager,tabindex:4)
2025-10-25 19:16:43,564 [INFO] PluginManage:310 - Check plugin rif
2025-10-25 19:16:43,573 [INFO] PluginManage:359 - Loaded plugin rif (category:base,tabindex:3)
2025-10-25 19:16:43,574 [INFO] PluginManage:310 - Check plugin thirdparty
2025-10-25 19:16:43,702 [WARN] IntegrityCheckThread:84 - waiting for thirdparty lock release [integrity check]
2025-10-25 19:16:43,702 [INFO] PluginManage:359 - Loaded plugin thirdparty (category:base,tabindex:-1)
2025-10-25 19:16:43,703 [INFO] IntegrityCheckThread:86 - entering critical section [integrity check]
2025-10-25 19:16:43,704 [INFO] PluginManage:310 - Check plugin tools
2025-10-25 19:16:43,704 [INFO] ThirdPartyUpdaterWithRetryManager:70 - Updater plugin not ready yet. [1/15]
2025-10-25 19:16:43,707 [INFO] PluginManage:359 - Loaded plugin tools (category:base,tabindex:7)
2025-10-25 19:16:43,708 [INFO] PluginManage:310 - Check plugin tutovideos
2025-10-25 19:16:43,883 [INFO] PluginManage:359 - Loaded plugin tutovideos (category:base,tabindex:-1)
2025-10-25 19:16:43,884 [INFO] PluginManage:310 - Check plugin updater
2025-10-25 19:16:43,908 [INFO] PluginManage:359 - Loaded plugin updater (category:base,tabindex:12)
2025-10-25 19:16:43,909 [INFO] PluginManage:310 - Check plugin userauth
2025-10-25 19:16:43,913 [INFO] UserAuth:118 - Init User Auth plugin
2025-10-25 19:16:43,914 [INFO] PluginManage:359 - Loaded plugin userauth (category:base,tabindex:14)
2025-10-25 19:16:43,916 [INFO] PluginManage:283 - PluginManage : Loaded plugins [18]
2025-10-25 19:16:44,113 [INFO] PinOutPanel:1589 - setPackage(No Configuration,No Configuration)
2025-10-25 19:16:44,200 [INFO] CADModel:165 - CPN selected for project level
2025-10-25 19:16:44,201 [INFO] CADModel:114 - Register for checkConnection events
2025-10-25 19:16:44,219 [INFO] IPUIPlugin:80 - create IPUIPlugin
2025-10-25 19:16:44,220 [INFO] PluginManager:220 - loadIPPluginJar : add adc
2025-10-25 19:16:44,223 [INFO] IPUIPlugin:80 - create IPUIPlugin
2025-10-25 19:16:44,224 [INFO] PluginManager:220 - loadIPPluginJar : add aes
2025-10-25 19:16:44,227 [INFO] IPUIPlugin:80 - create IPUIPlugin
2025-10-25 19:16:44,228 [INFO] PluginManager:220 - loadIPPluginJar : add can
2025-10-25 19:16:44,230 [INFO] IPUIPlugin:80 - create IPUIPlugin
2025-10-25 19:16:44,231 [INFO] PluginManager:220 - loadIPPluginJar : add comp
2025-10-25 19:16:44,234 [INFO] IPUIPlugin:80 - create IPUIPlugin
2025-10-25 19:16:44,235 [INFO] PluginManager:220 - loadIPPluginJar : add cryp
2025-10-25 19:16:44,238 [INFO] IPUIPlugin:80 - create IPUIPlugin
2025-10-25 19:16:44,238 [INFO] PluginManager:220 - loadIPPluginJar : add ddr_ctrl_phy
2025-10-25 19:16:44,241 [INFO] IPUIPlugin:80 - create IPUIPlugin
2025-10-25 19:16:44,242 [INFO] PluginManager:220 - loadIPPluginJar : add dfsdm
2025-10-25 19:16:44,247 [INFO] IPUIPlugin:80 - create IPUIPlugin
2025-10-25 19:16:44,248 [INFO] PluginManager:220 - loadIPPluginJar : add dma
2025-10-25 19:16:44,251 [INFO] IPUIPlugin:80 - create IPUIPlugin
2025-10-25 19:16:44,252 [INFO] PluginManager:220 - loadIPPluginJar : add dma3
2025-10-25 19:16:44,255 [INFO] IPUIPlugin:80 - create IPUIPlugin
2025-10-25 19:16:44,256 [INFO] PluginManager:220 - loadIPPluginJar : add extmemmanager
2025-10-25 19:16:44,257 [INFO] IPUIPlugin:80 - create IPUIPlugin
2025-10-25 19:16:44,258 [INFO] PluginManager:220 - loadIPPluginJar : add fatfs
2025-10-25 19:16:44,263 [INFO] IPUIPlugin:80 - create IPUIPlugin
2025-10-25 19:16:44,264 [INFO] PluginManager:220 - loadIPPluginJar : add fmc
2025-10-25 19:16:44,268 [INFO] IPUIPlugin:80 - create IPUIPlugin
2025-10-25 19:16:44,269 [INFO] PluginManager:220 - loadIPPluginJar : add freertos
2025-10-25 19:16:44,271 [INFO] IPUIPlugin:80 - create IPUIPlugin
2025-10-25 19:16:44,272 [INFO] PluginManager:220 - loadIPPluginJar : add genericplugin
2025-10-25 19:16:44,274 [INFO] IPUIPlugin:80 - create IPUIPlugin
2025-10-25 19:16:44,278 [INFO] PluginManager:220 - loadIPPluginJar : add gfxmmu
2025-10-25 19:16:44,287 [INFO] IPUIPlugin:80 - create IPUIPlugin
2025-10-25 19:16:44,288 [INFO] PluginManager:220 - loadIPPluginJar : add gic
2025-10-25 19:16:44,292 [INFO] IPUIPlugin:80 - create IPUIPlugin
2025-10-25 19:16:44,292 [INFO] PluginManager:220 - loadIPPluginJar : add gpio
2025-10-25 19:16:44,296 [INFO] IPUIPlugin:80 - create IPUIPlugin
2025-10-25 19:16:44,297 [INFO] PluginManager:220 - loadIPPluginJar : add gtzc
2025-10-25 19:16:44,300 [INFO] IPUIPlugin:80 - create IPUIPlugin
2025-10-25 19:16:44,301 [INFO] PluginManager:220 - loadIPPluginJar : add hash
2025-10-25 19:16:44,304 [INFO] IPUIPlugin:80 - create IPUIPlugin
2025-10-25 19:16:44,305 [INFO] PluginManager:220 - loadIPPluginJar : add i2c
2025-10-25 19:16:44,308 [INFO] IPUIPlugin:80 - create IPUIPlugin
2025-10-25 19:16:44,308 [INFO] PluginManager:220 - loadIPPluginJar : add i2s
2025-10-25 19:16:44,311 [INFO] IPUIPlugin:80 - create IPUIPlugin
2025-10-25 19:16:44,312 [INFO] PluginManager:220 - loadIPPluginJar : add i3c
2025-10-25 19:16:44,315 [INFO] IPUIPlugin:80 - create IPUIPlugin
2025-10-25 19:16:44,316 [INFO] PluginManager:220 - loadIPPluginJar : add ipddr
2025-10-25 19:16:44,322 [INFO] IPUIPlugin:80 - create IPUIPlugin
2025-10-25 19:16:44,323 [INFO] PluginManager:220 - loadIPPluginJar : add linkedlist
2025-10-25 19:16:44,325 [INFO] IPUIPlugin:80 - create IPUIPlugin
2025-10-25 19:16:44,326 [INFO] PluginManager:220 - loadIPPluginJar : add lorawan
2025-10-25 19:16:44,328 [INFO] IPUIPlugin:80 - create IPUIPlugin
2025-10-25 19:16:44,329 [INFO] PluginManager:220 - loadIPPluginJar : add ltdc
2025-10-25 19:16:44,334 [INFO] IPUIPlugin:80 - create IPUIPlugin
2025-10-25 19:16:44,335 [INFO] PluginManager:220 - loadIPPluginJar : add mdma
2025-10-25 19:16:44,339 [INFO] IPUIPlugin:80 - create IPUIPlugin
2025-10-25 19:16:44,340 [INFO] PluginManager:220 - loadIPPluginJar : add nvic
2025-10-25 19:16:44,343 [INFO] IPUIPlugin:80 - create IPUIPlugin
2025-10-25 19:16:44,344 [INFO] PluginManager:220 - loadIPPluginJar : add opamp
2025-10-25 19:16:44,347 [INFO] IPUIPlugin:80 - create IPUIPlugin
2025-10-25 19:16:44,348 [INFO] PluginManager:220 - loadIPPluginJar : add openamp
2025-10-25 19:16:44,352 [INFO] IPUIPlugin:80 - create IPUIPlugin
2025-10-25 19:16:44,353 [INFO] PluginManager:220 - loadIPPluginJar : add pdm2pcm
2025-10-25 19:16:44,358 [INFO] IPUIPlugin:80 - create IPUIPlugin
2025-10-25 19:16:44,369 [INFO] PluginManager:220 - loadIPPluginJar : add plateformsettings
2025-10-25 19:16:44,375 [INFO] IPUIPlugin:80 - create IPUIPlugin
2025-10-25 19:16:44,376 [INFO] PluginManager:220 - loadIPPluginJar : add quadspi
2025-10-25 19:16:44,378 [INFO] IPUIPlugin:80 - create IPUIPlugin
2025-10-25 19:16:44,379 [INFO] PluginManager:220 - loadIPPluginJar : add radio
2025-10-25 19:16:44,382 [INFO] IPUIPlugin:80 - create IPUIPlugin
2025-10-25 19:16:44,383 [INFO] PluginManager:220 - loadIPPluginJar : add resmgrutility
2025-10-25 19:16:44,386 [INFO] IPUIPlugin:80 - create IPUIPlugin
2025-10-25 19:16:44,386 [INFO] PluginManager:220 - loadIPPluginJar : add sai
2025-10-25 19:16:44,389 [INFO] IPUIPlugin:80 - create IPUIPlugin
2025-10-25 19:16:44,390 [INFO] PluginManager:220 - loadIPPluginJar : add spi
2025-10-25 19:16:44,395 [INFO] IPUIPlugin:80 - create IPUIPlugin
2025-10-25 19:16:44,396 [INFO] PluginManager:220 - loadIPPluginJar : add stm32_wpan
2025-10-25 19:16:44,399 [INFO] IPUIPlugin:80 - create IPUIPlugin
2025-10-25 19:16:44,399 [INFO] PluginManager:220 - loadIPPluginJar : add tim
2025-10-25 19:16:44,402 [INFO] IPUIPlugin:80 - create IPUIPlugin
2025-10-25 19:16:44,403 [INFO] PluginManager:220 - loadIPPluginJar : add touchsensing
2025-10-25 19:16:44,406 [INFO] IPUIPlugin:80 - create IPUIPlugin
2025-10-25 19:16:44,407 [INFO] PluginManager:220 - loadIPPluginJar : add tracer_emb
2025-10-25 19:16:44,409 [INFO] IPUIPlugin:80 - create IPUIPlugin
2025-10-25 19:16:44,410 [INFO] PluginManager:220 - loadIPPluginJar : add ts
2025-10-25 19:16:44,412 [INFO] IPUIPlugin:80 - create IPUIPlugin
2025-10-25 19:16:44,413 [INFO] PluginManager:220 - loadIPPluginJar : add tsc
2025-10-25 19:16:44,415 [INFO] IPUIPlugin:80 - create IPUIPlugin
2025-10-25 19:16:44,416 [INFO] PluginManager:220 - loadIPPluginJar : add ucpd
2025-10-25 19:16:44,419 [INFO] IPUIPlugin:80 - create IPUIPlugin
2025-10-25 19:16:44,420 [INFO] PluginManager:220 - loadIPPluginJar : add usart
2025-10-25 19:16:44,423 [INFO] IPUIPlugin:80 - create IPUIPlugin
2025-10-25 19:16:44,424 [INFO] PluginManager:220 - loadIPPluginJar : add usbx
2025-10-25 19:16:44,558 [FATAL] Updater:351 - Updater called before beeing initialized
2025-10-25 19:16:44,579 [INFO] RulesReader:64 - Compatibility file has been processed (317 Rules)
2025-10-25 19:16:44,590 [INFO] RulesReader:64 - Compatibility file has been processed (317 Rules)
2025-10-25 19:16:44,600 [INFO] CADModel:165 - CPN selected for project level
2025-10-25 19:16:44,601 [INFO] CADModel:114 - Register for checkConnection events
2025-10-25 19:16:44,602 [FATAL] Updater:351 - Updater called before beeing initialized
2025-10-25 19:16:44,603 [ERROR] CADModel:125 - Updater not yet initialized, retry later 
2025-10-25 19:16:44,730 [FATAL] Updater:351 - Updater called before beeing initialized
2025-10-25 19:16:44,732 [INFO] CADModel:165 - CPN selected for project level
2025-10-25 19:16:44,733 [INFO] CADModel:114 - Register for checkConnection events
2025-10-25 19:16:44,733 [FATAL] Updater:351 - Updater called before beeing initialized
2025-10-25 19:16:44,734 [ERROR] CADModel:125 - Updater not yet initialized, retry later 
2025-10-25 19:16:44,738 [FATAL] Updater:351 - Updater called before beeing initialized
2025-10-25 19:16:44,844 [FATAL] Updater:351 - Updater called before beeing initialized
2025-10-25 19:16:44,850 [INFO] DbMcusAds:53 - JSON generation date=Thu Sep 30 02:55:09 EDT 2021 (1632984909247)
2025-10-25 19:16:44,850 [FATAL] Updater:351 - Updater called before beeing initialized
2025-10-25 19:16:44,890 [WARN] DetailPanel:346 - Failed to get advertising image, set to default
2025-10-25 19:16:44,977 [FATAL] Updater:351 - Updater called before beeing initialized
2025-10-25 19:16:44,979 [FATAL] Updater:351 - Updater called before beeing initialized
2025-10-25 19:16:44,980 [FATAL] Updater:351 - Updater called before beeing initialized
2025-10-25 19:16:44,981 [WARN] DetailPanel:346 - Failed to get advertising image, set to default
2025-10-25 19:16:44,982 [FATAL] Updater:351 - Updater called before beeing initialized
2025-10-25 19:16:45,028 [ERROR] Updater:1198 - MainUpdater not yet initialized. External WinMGr cannot be set.
2025-10-25 19:16:45,031 [INFO] Updater:1134 - Updater Version found : 6.15.0
2025-10-25 19:16:45,045 [INFO] ApplicationProperties:184 - Using Application install path: C:\ST\STM32CubeIDE_1.19.0\STM32CubeIDE\plugins\com.st.stm32cube.common.mx_6.15.0.202507011659
2025-10-25 19:16:45,070 [INFO] MainUpdater:525 - Copy updater definitions from MX database
2025-10-25 19:16:45,100 [INFO] MainUpdater:558 - Copy flag file definitions from MX database
2025-10-25 19:16:45,102 [INFO] MainUpdater:574 - Copy thirdparty index definitions from MX database
2025-10-25 19:16:45,105 [INFO] MainUpdater:593 - Copy default thirdparty db definitions from MX database
2025-10-25 19:16:45,316 [INFO] MainUpdater:2872 - connection check result : 10
2025-10-25 19:16:45,317 [INFO] MainUpdater:3604 - Updater definition file requires update
2025-10-25 19:16:45,319 [INFO] MainUpdater:289 - Updater Check For Update Now.
2025-10-25 19:16:45,320 [INFO] MicroXplorer:498 - Change Database Version : DB.6.0.150
2025-10-25 19:16:45,325 [INFO] McuFinderGlobals:63 - Set McuFinder mode to 2 (CubeIDE integrated)
2025-10-25 19:16:45,327 [INFO] UserAuth:171 - activating auth plugin
2025-10-25 19:16:45,329 [INFO] UserAuth:487 - Internet connection configuration mode: 1
2025-10-25 19:16:45,344 [INFO] JxBrowserEngine:152 - Initiate JxBrowser Engine with user profile folder
2025-10-25 19:16:45,383 [INFO] ServerAccessManage:452 - Complete download http(s) 200
2025-10-25 19:16:45,384 [INFO] ServerAccessManage:509 - Download File updaters.zip
2025-10-25 19:16:45,448 [INFO] FileExtend:248 - Unzip File : updaters.zip
2025-10-25 19:16:45,453 [INFO] FileExtend:263 - Standard Zip Deflate
2025-10-25 19:16:45,818 [INFO] ServerAccessManage:452 - Complete download http(s) 200
2025-10-25 19:16:45,824 [INFO] ServerAccessManage:509 - Download File PacksControlFlags.xml
2025-10-25 19:16:45,877 [INFO] ServerAccessManage:452 - Complete download http(s) 200
2025-10-25 19:16:45,878 [INFO] ServerAccessManage:509 - Download File cubemx.pidx
2025-10-25 19:16:45,977 [INFO] ServerAccessManage:452 - Complete download http(s) 200
2025-10-25 19:16:45,981 [INFO] ServerAccessManage:509 - Download File STMicroelectronics.FP-ATR-ASTRA1.pdsc
2025-10-25 19:16:46,122 [INFO] ServerAccessManage:452 - Complete download http(s) 200
2025-10-25 19:16:46,126 [INFO] ServerAccessManage:509 - Download File STMicroelectronics.FP-ATR-SIGFOX1.pdsc
2025-10-25 19:16:46,164 [INFO] ServerAccessManage:452 - Complete download http(s) 200
2025-10-25 19:16:46,165 [INFO] ServerAccessManage:509 - Download File STMicroelectronics.FP-SNS-STBOX1.pdsc
2025-10-25 19:16:46,239 [INFO] ServerAccessManage:452 - Complete download http(s) 200
2025-10-25 19:16:46,240 [INFO] ServerAccessManage:509 - Download File STMicroelectronics.FP-SNS-FLIGHT1.pdsc
2025-10-25 19:16:46,341 [INFO] ServerAccessManage:452 - Complete download http(s) 200
2025-10-25 19:16:46,342 [INFO] ServerAccessManage:509 - Download File STMicroelectronics.FP-SNS-MOTENV1.pdsc
2025-10-25 19:16:46,432 [INFO] ServerAccessManage:452 - Complete download http(s) 200
2025-10-25 19:16:46,433 [INFO] ServerAccessManage:509 - Download File STMicroelectronics.FP-SNS-MOTENVWB1.pdsc
2025-10-25 19:16:46,521 [INFO] ServerAccessManage:452 - Complete download http(s) 200
2025-10-25 19:16:46,522 [INFO] ServerAccessManage:509 - Download File STMicroelectronics.FP-SNS-SMARTAG2.pdsc
2025-10-25 19:16:46,566 [INFO] ServerAccessManage:452 - Complete download http(s) 200
2025-10-25 19:16:46,567 [INFO] ServerAccessManage:509 - Download File STMicroelectronics.FP-SNS-STAIOTCFT.pdsc
2025-10-25 19:16:46,605 [INFO] ServerAccessManage:452 - Complete download http(s) 200
2025-10-25 19:16:46,606 [INFO] ServerAccessManage:509 - Download File STMicroelectronics.X-CUBE-AI.pdsc
2025-10-25 19:16:46,708 [WARN] MainUpdater:1193 - Updater busy. Cannot search thirdparties
2025-10-25 19:16:46,709 [INFO] ThirdPartyUpdaterWithRetryManager:96 - Updater plugin is busy. [1/15]
2025-10-25 19:16:47,402 [INFO] ServerAccessManage:452 - Complete download http(s) 200
2025-10-25 19:16:47,452 [INFO] ServerAccessManage:509 - Download File STMicroelectronics.X-CUBE-ALS.pdsc
2025-10-25 19:16:47,877 [INFO] ServerAccessManage:452 - Complete download http(s) 200
2025-10-25 19:16:47,902 [INFO] ServerAccessManage:509 - Download File STMicroelectronics.X-CUBE-BLE1.pdsc
2025-10-25 19:16:49,174 [ERROR] ServerAccessManage:1212 - Problem, file not found on Server
2025-10-25 19:16:49,203 [INFO] ServerAccessManage:452 - Complete download http(s) 200
2025-10-25 19:16:49,204 [INFO] ServerAccessManage:509 - Download File STMicroelectronics.X-CUBE-BLE2.pdsc
2025-10-25 19:16:49,468 [INFO] ServerAccessManage:452 - Complete download http(s) 200
2025-10-25 19:16:49,477 [INFO] ServerAccessManage:509 - Download File STMicroelectronics.X-CUBE-BLEMGR.pdsc
2025-10-25 19:16:49,711 [WARN] MainUpdater:1193 - Updater busy. Cannot search thirdparties
2025-10-25 19:16:49,711 [INFO] ThirdPartyUpdaterWithRetryManager:96 - Updater plugin is busy. [2/15]
2025-10-25 19:16:49,926 [ERROR] ServerAccessManage:1212 - Problem, file not found on Server
2025-10-25 19:16:50,037 [INFO] ServerAccessManage:452 - Complete download http(s) 200
2025-10-25 19:16:50,038 [INFO] ServerAccessManage:509 - Download File STMicroelectronics.X-CUBE-DISPLAY.pdsc
2025-10-25 19:16:50,154 [INFO] ServerAccessManage:452 - Complete download http(s) 200
2025-10-25 19:16:50,155 [INFO] ServerAccessManage:509 - Download File STMicroelectronics.X-CUBE-DPOWER.pdsc
2025-10-25 19:16:50,691 [ERROR] ServerAccessManage:1212 - Problem, file not found on Server
2025-10-25 19:16:51,024 [ERROR] ServerAccessManage:1212 - Problem, file not found on Server
2025-10-25 19:16:51,316 [ERROR] ServerAccessManage:1212 - Problem, file not found on Server
2025-10-25 19:16:51,331 [INFO] WebApp:169 - Instantiating new browser for Auth
2025-10-25 19:16:51,777 [ERROR] ServerAccessManage:1212 - Problem, file not found on Server
2025-10-25 19:16:52,076 [ERROR] ServerAccessManage:1212 - Problem, file not found on Server
2025-10-25 19:16:52,321 [INFO] WebApp:463 - Apply proxy settings
2025-10-25 19:16:52,325 [INFO] WebApp:548 - Chromium requires no authentication
2025-10-25 19:16:52,336 [INFO] WebApp:491 - Direct internet connection detected
2025-10-25 19:16:52,371 [INFO] WebApp:900 - Register for checkConnection events
2025-10-25 19:16:52,372 [ERROR] ServerAccessManage:1212 - Problem, file not found on Server
2025-10-25 19:16:52,374 [INFO] WebApp:463 - Apply proxy settings
2025-10-25 19:16:52,383 [INFO] WebApp:548 - Chromium requires no authentication
2025-10-25 19:16:52,385 [INFO] WebApp:491 - Direct internet connection detected
2025-10-25 19:16:52,607 [INFO] WebApp:225 - Starting web application
2025-10-25 19:16:52,611 [INFO] WebApp:593 - Web application path used C:\ST\STM32CubeIDE_1.19.0\STM32CubeIDE\plugins\com.st.stm32cube.common.mx_6.15.0.202507011659\db\plugins\mcufinder\reactClient1\index.html
2025-10-25 19:16:52,701 [INFO] WebApp:191 - Connection restablished
2025-10-25 19:16:52,789 [ERROR] ServerAccessManage:1212 - Problem, file not found on Server
2025-10-25 19:16:52,712 [WARN] MainUpdater:1193 - Updater busy. Cannot search thirdparties
2025-10-25 19:16:52,901 [INFO] ThirdPartyUpdaterWithRetryManager:96 - Updater plugin is busy. [3/15]
2025-10-25 19:16:53,136 [ERROR] ServerAccessManage:1212 - Problem, file not found on Server
2025-10-25 19:16:53,546 [ERROR] ServerAccessManage:1212 - Problem, file not found on Server
2025-10-25 19:16:53,825 [ERROR] ServerAccessManage:1212 - Problem, file not found on Server
2025-10-25 19:16:54,089 [ERROR] ServerAccessManage:1212 - Problem, file not found on Server
2025-10-25 19:16:54,104 [INFO] ServerAccessManage:452 - Complete download http(s) 200
2025-10-25 19:16:54,105 [INFO] ServerAccessManage:509 - Download File STMicroelectronics.X-CUBE-EEPRMA1.pdsc
2025-10-25 19:16:54,402 [ERROR] ServerAccessManage:1212 - Problem, file not found on Server
2025-10-25 19:16:54,709 [ERROR] ServerAccessManage:1212 - Problem, file not found on Server
2025-10-25 19:16:54,800 [INFO] ServerAccessManage:452 - Complete download http(s) 200
2025-10-25 19:16:54,801 [INFO] ServerAccessManage:509 - Download File STMicroelectronics.X-CUBE-FREERTOS.pdsc
2025-10-25 19:16:54,954 [INFO] ServerAccessManage:452 - Complete download http(s) 200
2025-10-25 19:16:54,955 [INFO] ServerAccessManage:509 - Download File STMicroelectronics.X-CUBE-GNSS1.pdsc
2025-10-25 19:16:55,645 [ERROR] ServerAccessManage:1212 - Problem, file not found on Server
2025-10-25 19:16:55,903 [ERROR] ServerAccessManage:1212 - Problem, file not found on Server
2025-10-25 19:16:55,993 [WARN] MainUpdater:1193 - Updater busy. Cannot search thirdparties
2025-10-25 19:16:55,995 [INFO] ThirdPartyUpdaterWithRetryManager:96 - Updater plugin is busy. [4/15]
2025-10-25 19:16:56,292 [ERROR] ServerAccessManage:1212 - Problem, file not found on Server
2025-10-25 19:16:56,441 [ERROR] ServerAccessManage:1212 - Problem, file not found on Server
2025-10-25 19:16:56,788 [ERROR] ServerAccessManage:1212 - Problem, file not found on Server
2025-10-25 19:16:57,084 [ERROR] ServerAccessManage:1212 - Problem, file not found on Server
2025-10-25 19:16:57,099 [INFO] ServerAccessManage:452 - Complete download http(s) 200
2025-10-25 19:16:57,100 [INFO] ServerAccessManage:509 - Download File STMicroelectronics.X-CUBE-ISPU.pdsc
2025-10-25 19:16:57,184 [INFO] ServerAccessManage:452 - Complete download http(s) 200
2025-10-25 19:16:57,185 [INFO] ServerAccessManage:509 - Download File STMicroelectronics.X-CUBE-IPS.pdsc
2025-10-25 19:16:57,270 [INFO] ServerAccessManage:452 - Complete download http(s) 200
2025-10-25 19:16:57,271 [INFO] ServerAccessManage:509 - Download File STMicroelectronics.X-CUBE-MEMS1.pdsc
2025-10-25 19:16:57,753 [INFO] ServerAccessManage:452 - Complete download http(s) 200
2025-10-25 19:16:57,754 [INFO] ServerAccessManage:509 - Download File STMicroelectronics.X-CUBE-NFC4.pdsc
2025-10-25 19:16:58,005 [INFO] ServerAccessManage:452 - Complete download http(s) 200
2025-10-25 19:16:58,006 [INFO] ServerAccessManage:509 - Download File STMicroelectronics.X-CUBE-NFC6.pdsc
2025-10-25 19:16:58,063 [INFO] ServerAccessManage:452 - Complete download http(s) 200
2025-10-25 19:16:58,065 [INFO] ServerAccessManage:509 - Download File STMicroelectronics.X-CUBE-NFC7.pdsc
2025-10-25 19:16:58,133 [INFO] ServerAccessManage:452 - Complete download http(s) 200
2025-10-25 19:16:58,134 [INFO] ServerAccessManage:509 - Download File STMicroelectronics.X-CUBE-NFC9.pdsc
2025-10-25 19:16:58,171 [INFO] ServerAccessManage:452 - Complete download http(s) 200
2025-10-25 19:16:58,172 [INFO] ServerAccessManage:509 - Download File STMicroelectronics.X-CUBE-NFC10.pdsc
2025-10-25 19:16:58,212 [INFO] ServerAccessManage:452 - Complete download http(s) 200
2025-10-25 19:16:58,225 [INFO] ServerAccessManage:509 - Download File STMicroelectronics.X-CUBE-NFC12.pdsc
2025-10-25 19:16:58,307 [INFO] ServerAccessManage:452 - Complete download http(s) 200
2025-10-25 19:16:58,308 [INFO] ServerAccessManage:509 - Download File STMicroelectronics.X-CUBE-SFXS2LP1.pdsc
2025-10-25 19:16:58,391 [INFO] ServerAccessManage:452 - Complete download http(s) 200
2025-10-25 19:16:58,392 [INFO] ServerAccessManage:509 - Download File STMicroelectronics.X-CUBE-SAFEA1.pdsc
2025-10-25 19:16:58,428 [INFO] ServerAccessManage:452 - Complete download http(s) 200
2025-10-25 19:16:58,429 [INFO] ServerAccessManage:509 - Download File STMicroelectronics.X-CUBE-SUBG2.pdsc
2025-10-25 19:16:58,601 [INFO] ServerAccessManage:452 - Complete download http(s) 200
2025-10-25 19:16:58,602 [INFO] ServerAccessManage:509 - Download File STMicroelectronics.X-CUBE-SMBUS.pdsc
2025-10-25 19:16:58,886 [ERROR] ServerAccessManage:1212 - Problem, file not found on Server
2025-10-25 19:16:58,901 [INFO] ServerAccessManage:452 - Complete download http(s) 200
2025-10-25 19:16:58,902 [INFO] ServerAccessManage:509 - Download File STMicroelectronics.X-CUBE-ST60.pdsc
2025-10-25 19:16:58,958 [INFO] ServerAccessManage:452 - Complete download http(s) 200
2025-10-25 19:16:58,959 [INFO] ServerAccessManage:509 - Download File STMicroelectronics.X-CUBE-ST67W61.pdsc
2025-10-25 19:16:58,995 [INFO] ServerAccessManage:452 - Complete download http(s) 200
2025-10-25 19:16:58,996 [WARN] MainUpdater:1193 - Updater busy. Cannot search thirdparties
2025-10-25 19:16:58,996 [INFO] ServerAccessManage:509 - Download File STMicroelectronics.X-CUBE-STSE01.pdsc
2025-10-25 19:16:58,997 [INFO] ThirdPartyUpdaterWithRetryManager:96 - Updater plugin is busy. [5/15]
2025-10-25 19:16:59,059 [INFO] ServerAccessManage:452 - Complete download http(s) 200
2025-10-25 19:16:59,060 [INFO] ServerAccessManage:509 - Download File STMicroelectronics.X-CUBE-PM33A1.pdsc
2025-10-25 19:16:59,092 [INFO] ServerAccessManage:452 - Complete download http(s) 200
2025-10-25 19:16:59,093 [INFO] ServerAccessManage:509 - Download File STMicroelectronics.X-CUBE-TCPP.pdsc
2025-10-25 19:16:59,155 [INFO] ServerAccessManage:452 - Complete download http(s) 200
2025-10-25 19:16:59,156 [INFO] ServerAccessManage:509 - Download File STMicroelectronics.X-CUBE-TOF1.pdsc
2025-10-25 19:16:59,830 [ERROR] ServerAccessManage:1212 - Problem, file not found on Server
2025-10-25 19:16:59,862 [INFO] ServerAccessManage:452 - Complete download http(s) 200
2025-10-25 19:16:59,863 [INFO] ServerAccessManage:509 - Download File STMicroelectronics.X-CUBE-TOUCHGFX.pdsc
2025-10-25 19:17:00,259 [INFO] ServerAccessManage:452 - Complete download http(s) 200
2025-10-25 19:17:00,260 [INFO] ServerAccessManage:509 - Download File STMicroelectronics.X-CUBE-ALGOBUILD.pdsc
2025-10-25 19:17:00,362 [INFO] ServerAccessManage:452 - Complete download http(s) 200
2025-10-25 19:17:00,363 [INFO] ServerAccessManage:509 - Download File STMicroelectronics.X-CUBE-AZRTOS-H7.pdsc
2025-10-25 19:17:00,525 [INFO] ServerAccessManage:452 - Complete download http(s) 200
2025-10-25 19:17:00,527 [INFO] ServerAccessManage:509 - Download File STMicroelectronics.X-CUBE-AZRTOS-H7RS.pdsc
2025-10-25 19:17:00,586 [INFO] ServerAccessManage:452 - Complete download http(s) 200
2025-10-25 19:17:00,587 [INFO] ServerAccessManage:509 - Download File STMicroelectronics.X-CUBE-AZRTOS-F4.pdsc
2025-10-25 19:17:00,645 [INFO] ServerAccessManage:452 - Complete download http(s) 200
2025-10-25 19:17:00,646 [INFO] ServerAccessManage:509 - Download File STMicroelectronics.X-CUBE-AZRTOS-F7.pdsc
2025-10-25 19:17:00,705 [INFO] ServerAccessManage:452 - Complete download http(s) 200
2025-10-25 19:17:00,707 [INFO] ServerAccessManage:509 - Download File STMicroelectronics.X-CUBE-AZRTOS-L4.pdsc
2025-10-25 19:17:00,775 [INFO] ServerAccessManage:452 - Complete download http(s) 200
2025-10-25 19:17:00,776 [INFO] ServerAccessManage:509 - Download File STMicroelectronics.X-CUBE-AZRTOS-L5.pdsc
2025-10-25 19:17:00,851 [INFO] ServerAccessManage:452 - Complete download http(s) 200
2025-10-25 19:17:00,852 [INFO] ServerAccessManage:509 - Download File STMicroelectronics.X-CUBE-AZRTOS-G0.pdsc
2025-10-25 19:17:00,912 [INFO] ServerAccessManage:452 - Complete download http(s) 200
2025-10-25 19:17:00,913 [INFO] ServerAccessManage:509 - Download File STMicroelectronics.X-CUBE-AZRTOS-G4.pdsc
2025-10-25 19:17:00,975 [INFO] ServerAccessManage:452 - Complete download http(s) 200
2025-10-25 19:17:00,976 [INFO] ServerAccessManage:509 - Download File STMicroelectronics.X-CUBE-AZRTOS-WB.pdsc
2025-10-25 19:17:01,039 [INFO] ServerAccessManage:452 - Complete download http(s) 200
2025-10-25 19:17:01,040 [INFO] ServerAccessManage:509 - Download File STMicroelectronics.X-CUBE-AZRTOS-WL.pdsc
2025-10-25 19:17:01,097 [INFO] ServerAccessManage:452 - Complete download http(s) 200
2025-10-25 19:17:01,098 [INFO] ServerAccessManage:509 - Download File STMicroelectronics.X-CUBE-WB05N.pdsc
2025-10-25 19:17:01,262 [INFO] ServerAccessManage:452 - Complete download http(s) 200
2025-10-25 19:17:01,263 [INFO] ServerAccessManage:509 - Download File wolfSSL.I-CUBE-wolfSSL.pdsc
2025-10-25 19:17:01,999 [WARN] MainUpdater:1193 - Updater busy. Cannot search thirdparties
2025-10-25 19:17:02,000 [INFO] ThirdPartyUpdaterWithRetryManager:96 - Updater plugin is busy. [6/15]
2025-10-25 19:17:02,402 [ERROR] ServerAccessManage:1212 - Problem, file not found on Server
2025-10-25 19:17:02,491 [ERROR] ServerAccessManage:1212 - Problem, file not found on Server
2025-10-25 19:17:02,598 [ERROR] ServerAccessManage:1212 - Problem, file not found on Server
2025-10-25 19:17:02,629 [INFO] ServerAccessManage:452 - Complete download http(s) 200
2025-10-25 19:17:02,630 [INFO] ServerAccessManage:509 - Download File wolfSSL.I-CUBE-wolfMQTT.pdsc
2025-10-25 19:17:02,889 [ERROR] ServerAccessManage:1212 - Problem, file not found on Server
2025-10-25 19:17:02,919 [INFO] ServerAccessManage:452 - Complete download http(s) 200
2025-10-25 19:17:02,920 [INFO] ServerAccessManage:509 - Download File wolfSSL.I-CUBE-wolfTPM.pdsc
2025-10-25 19:17:03,216 [INFO] ServerAccessManage:452 - Complete download http(s) 200
2025-10-25 19:17:03,217 [INFO] ServerAccessManage:509 - Download File wolfSSL.I-CUBE-wolfSSH.pdsc
2025-10-25 19:17:03,871 [INFO] ServerAccessManage:452 - Complete download http(s) 200
2025-10-25 19:17:03,872 [INFO] ServerAccessManage:509 - Download File RealThread.X-CUBE-RT-Thread_Nano.pdsc
2025-10-25 19:17:04,353 [INFO] ServerAccessManage:452 - Complete download http(s) 200
2025-10-25 19:17:04,354 [INFO] ServerAccessManage:509 - Download File SEGGER.I-CUBE-embOS.pdsc
2025-10-25 19:17:05,001 [WARN] MainUpdater:1193 - Updater busy. Cannot search thirdparties
2025-10-25 19:17:05,002 [INFO] ThirdPartyUpdaterWithRetryManager:96 - Updater plugin is busy. [7/15]
2025-10-25 19:17:05,452 [INFO] ServerAccessManage:452 - Complete download http(s) 200
2025-10-25 19:17:05,453 [INFO] ServerAccessManage:509 - Download File emotas.I-CUBE-CANOPEN.pdsc
2025-10-25 19:17:05,982 [INFO] ServerAccessManage:452 - Complete download http(s) 200
2025-10-25 19:17:05,983 [INFO] ServerAccessManage:509 - Download File WES.I-CUBE-Cesium.pdsc
2025-10-25 19:17:06,264 [ERROR] ServerAccessManage:1212 - Problem, file not found on Server
2025-10-25 19:17:06,413 [ERROR] ServerAccessManage:1212 - Problem, file not found on Server
2025-10-25 19:17:06,751 [INFO] ServerAccessManage:452 - Complete download http(s) 200
2025-10-25 19:17:06,752 [INFO] ServerAccessManage:509 - Download File ITTIA_DB.I-CUBE-ITTIADB.pdsc
2025-10-25 19:17:08,004 [WARN] MainUpdater:1193 - Updater busy. Cannot search thirdparties
2025-10-25 19:17:08,005 [INFO] ThirdPartyUpdaterWithRetryManager:96 - Updater plugin is busy. [8/15]
2025-10-25 19:17:08,366 [INFO] ServerAccessManage:452 - Complete download http(s) 200
2025-10-25 19:17:08,367 [INFO] ServerAccessManage:509 - Download File Infineon.AIROC-Wi-Fi-Bluetooth-STM32.pdsc
2025-10-25 19:17:10,044 [INFO] ServerAccessManage:452 - Complete download http(s) 200
2025-10-25 19:17:10,044 [INFO] ServerAccessManage:509 - Download File Cesanta.I-CUBE-Mongoose.pdsc
2025-10-25 19:17:11,016 [WARN] MainUpdater:1193 - Updater busy. Cannot search thirdparties
2025-10-25 19:17:11,016 [INFO] ThirdPartyUpdaterWithRetryManager:96 - Updater plugin is busy. [9/15]
2025-10-25 19:17:11,600 [INFO] ServerAccessManage:452 - Complete download http(s) 200
2025-10-25 19:17:11,600 [INFO] ServerAccessManage:509 - Download File EmbeddedOffice.I-CUBE-FS-RTOS.pdsc
2025-10-25 19:17:11,946 [INFO] ServerAccessManage:452 - Complete download http(s) 200
2025-10-25 19:17:11,947 [INFO] ServerAccessManage:509 - Download File quantropi.X-CUBE-qispace-sdk-base.pdsc
2025-10-25 19:17:12,128 [WARN] PackLoader:240 - Cannot read IP mode file for STMicroelectronics.FP-ATR-ASTRA1.2.0.2
2025-10-25 19:17:12,128 [WARN] CheckServerUpdateThread:151 - Open CheckUpdateFile Fail
2025-10-25 19:17:12,144 [WARN] PackLoader:240 - Cannot read IP mode file for STMicroelectronics.FP-ATR-SIGFOX1.3.2.0
2025-10-25 19:17:12,179 [WARN] PackLoader:240 - Cannot read IP mode file for STMicroelectronics.FP-SNS-STBOX1.2.1.0
2025-10-25 19:17:12,189 [WARN] PackLoader:240 - Cannot read IP mode file for STMicroelectronics.FP-SNS-FLIGHT1.5.1.0
2025-10-25 19:17:12,198 [WARN] PackLoader:240 - Cannot read IP mode file for STMicroelectronics.FP-SNS-MOTENV1.5.0.0
2025-10-25 19:17:12,204 [WARN] PackLoader:240 - Cannot read IP mode file for STMicroelectronics.FP-SNS-MOTENVWB1.1.4.0
2025-10-25 19:17:12,210 [WARN] PackLoader:240 - Cannot read IP mode file for STMicroelectronics.FP-SNS-SMARTAG2.1.2.0
2025-10-25 19:17:12,220 [WARN] PackLoader:240 - Cannot read IP mode file for STMicroelectronics.FP-SNS-STAIOTCFT.1.0.0
2025-10-25 19:17:12,226 [WARN] PackLoader:240 - Cannot read IP mode file for STMicroelectronics.X-CUBE-AI.10.2.0
2025-10-25 19:17:12,226 [WARN] PackLoader:240 - Cannot read IP mode file for STMicroelectronics.X-CUBE-ALS.1.0.2
2025-10-25 19:17:12,239 [WARN] PackLoader:240 - Cannot read IP mode file for STMicroelectronics.X-CUBE-BLE1.7.1.0
2025-10-25 19:17:12,245 [WARN] PackLoader:240 - Cannot read IP mode file for STMicroelectronics.X-CUBE-BLE2.3.3.0
2025-10-25 19:17:12,258 [WARN] PackLoader:240 - Cannot read IP mode file for STMicroelectronics.X-CUBE-BLEMGR.4.1.0
2025-10-25 19:17:12,278 [WARN] PackLoader:240 - Cannot read IP mode file for STMicroelectronics.X-CUBE-DISPLAY.3.0.0
2025-10-25 19:17:12,283 [WARN] PackLoader:240 - Cannot read IP mode file for STMicroelectronics.X-CUBE-DPower.1.3.0
2025-10-25 19:17:12,283 [WARN] PackLoader:240 - Cannot read IP mode file for STMicroelectronics.X-CUBE-EEPRMA1.5.2.0
2025-10-25 19:17:12,299 [INFO] CheckServerUpdateThread:120 - End of CheckServer Thread
2025-10-25 19:17:12,299 [WARN] PackLoader:240 - Cannot read IP mode file for STMicroelectronics.X-CUBE-FREERTOS.1.3.1
2025-10-25 19:17:12,308 [WARN] PackLoader:240 - Cannot read IP mode file for STMicroelectronics.X-CUBE-GNSS1.7.0.1
2025-10-25 19:17:12,339 [WARN] PackLoader:240 - Cannot read IP mode file for STMicroelectronics.X-CUBE-ISPU.2.1.0
2025-10-25 19:17:12,357 [WARN] PackLoader:240 - Cannot read IP mode file for STMicroelectronics.X-CUBE-IPS.3.2.0
2025-10-25 19:17:12,431 [WARN] PackLoader:240 - Cannot read IP mode file for STMicroelectronics.X-CUBE-MEMS1.11.3.0
2025-10-25 19:17:12,602 [WARN] PackLoader:240 - Cannot read IP mode file for STMicroelectronics.X-CUBE-NFC4.3.0.0
2025-10-25 19:17:12,615 [WARN] PackLoader:240 - Cannot read IP mode file for STMicroelectronics.X-CUBE-NFC6.3.1.0
2025-10-25 19:17:12,621 [WARN] PackLoader:240 - Cannot read IP mode file for STMicroelectronics.X-CUBE-NFC7.2.0.0
2025-10-25 19:17:12,636 [WARN] PackLoader:240 - Cannot read IP mode file for STMicroelectronics.X-CUBE-NFC9.1.0.0
2025-10-25 19:17:12,647 [WARN] PackLoader:240 - Cannot read IP mode file for STMicroelectronics.X-CUBE-NFC10.1.0.0
2025-10-25 19:17:12,654 [WARN] PackLoader:240 - Cannot read IP mode file for STMicroelectronics.X-CUBE-NFC12.1.0.0
2025-10-25 19:17:12,665 [WARN] PackLoader:240 - Cannot read IP mode file for STMicroelectronics.X-CUBE-SFXS2LP1.4.0.0
2025-10-25 19:17:12,679 [WARN] PackLoader:240 - Cannot read IP mode file for STMicroelectronics.X-CUBE-SAFEA1.1.2.2
2025-10-25 19:17:12,688 [WARN] PackLoader:240 - Cannot read IP mode file for STMicroelectronics.X-CUBE-SUBG2.5.0.0
2025-10-25 19:17:12,702 [WARN] PackLoader:240 - Cannot read IP mode file for STMicroelectronics.X-CUBE-SMBUS.2.1.0
2025-10-25 19:17:12,706 [WARN] PackLoader:240 - Cannot read IP mode file for STMicroelectronics.X-CUBE-ST60.1.1.0
2025-10-25 19:17:12,715 [WARN] PackLoader:240 - Cannot read IP mode file for STMicroelectronics.X-CUBE-ST67W61.1.1.0
2025-10-25 19:17:12,739 [WARN] PackLoader:240 - Cannot read IP mode file for STMicroelectronics.X-CUBE-STSE01.1.0.0
2025-10-25 19:17:12,755 [WARN] PackLoader:240 - Cannot read IP mode file for STMicroelectronics.X-CUBE-PM33A1.1.0.0
2025-10-25 19:17:12,767 [WARN] PackLoader:240 - Cannot read IP mode file for STMicroelectronics.X-CUBE-TCPP.4.2.0
2025-10-25 19:17:12,784 [WARN] PackLoader:240 - Cannot read IP mode file for STMicroelectronics.X-CUBE-TOF1.3.4.3
2025-10-25 19:17:12,815 [WARN] PackLoader:240 - Cannot read IP mode file for STMicroelectronics.X-CUBE-TOUCHGFX.4.26.0
2025-10-25 19:17:12,834 [WARN] PackLoader:240 - Cannot read IP mode file for STMicroelectronics.X-CUBE-ALGOBUILD.1.4.0
2025-10-25 19:17:12,853 [WARN] PackLoader:240 - Cannot read IP mode file for STMicroelectronics.X-CUBE-AZRTOS-H7.3.4.0
2025-10-25 19:17:12,884 [WARN] PackLoader:240 - Cannot read IP mode file for STMicroelectronics.X-CUBE-AZRTOS-H7RS.1.1.0
2025-10-25 19:17:12,905 [WARN] PackLoader:240 - Cannot read IP mode file for STMicroelectronics.X-CUBE-AZRTOS-F4.1.1.0
2025-10-25 19:17:12,925 [WARN] PackLoader:240 - Cannot read IP mode file for STMicroelectronics.X-CUBE-AZRTOS-F7.1.1.0
2025-10-25 19:17:13,056 [WARN] ConditionMgr:438 - getConditionDescription Invalid condition id : LAN8742 Phy interface Condition cause : null
2025-10-25 19:17:13,069 [WARN] PackLoader:240 - Cannot read IP mode file for STMicroelectronics.X-CUBE-AZRTOS-L4.2.0.0
2025-10-25 19:17:13,075 [WARN] ConditionMgr:1044 - genDependencies : Invalid condition id : LAN8742 Phy interface Condition cause : null
2025-10-25 19:17:13,098 [WARN] ConditionMgr:1044 - genDependencies : Invalid condition id : LAN8742 Phy interface Condition cause : null
2025-10-25 19:17:13,102 [WARN] ConditionMgr:1044 - genDependencies : Invalid condition id : LAN8742 Phy interface Condition cause : null
2025-10-25 19:17:13,157 [WARN] PackLoader:240 - Cannot read IP mode file for STMicroelectronics.X-CUBE-AZRTOS-L5.2.0.0
2025-10-25 19:17:13,188 [WARN] PackLoader:240 - Cannot read IP mode file for STMicroelectronics.X-CUBE-AZRTOS-G0.1.1.0
2025-10-25 19:17:13,215 [WARN] PackLoader:240 - Cannot read IP mode file for STMicroelectronics.X-CUBE-AZRTOS-G4.2.0.0
2025-10-25 19:17:13,245 [WARN] ConditionMgr:438 - getConditionDescription Invalid condition id : UX DEVICE CLASS RTOS Condition cause : null
2025-10-25 19:17:13,249 [WARN] ConditionMgr:438 - getConditionDescription Invalid condition id : UX DEVICE CLASS RTOS Condition cause : null
2025-10-25 19:17:13,255 [WARN] PackLoader:240 - Cannot read IP mode file for STMicroelectronics.X-CUBE-AZRTOS-WB.2.0.0
2025-10-25 19:17:13,265 [WARN] ConditionMgr:1044 - genDependencies : Invalid condition id : UX DEVICE CLASS RTOS Condition cause : null
2025-10-25 19:17:13,269 [WARN] ConditionMgr:1044 - genDependencies : Invalid condition id : UX DEVICE CLASS RTOS Condition cause : null
2025-10-25 19:17:13,271 [WARN] ConditionMgr:1044 - genDependencies : Invalid condition id : UX DEVICE CLASS RTOS Condition cause : null
2025-10-25 19:17:13,279 [WARN] ConditionMgr:1044 - genDependencies : Invalid condition id : UX DEVICE CLASS RTOS Condition cause : null
2025-10-25 19:17:13,285 [WARN] ConditionMgr:1044 - genDependencies : Invalid condition id : UX DEVICE CLASS RTOS Condition cause : null
2025-10-25 19:17:13,300 [INFO] LogOutputStream:77 - [STDOUT_REDIRECT] 1 : Invalid condition id : UX_CORESTACK_Condition cause : null
2025-10-25 19:17:13,310 [INFO] LogOutputStream:77 - [STDOUT_REDIRECT] 1 : Invalid condition id : UX_CORESTACK_Condition cause : null
2025-10-25 19:17:13,316 [INFO] LogOutputStream:77 - [STDOUT_REDIRECT] 1 : Invalid condition id : UX_CORESTACK_Condition cause : null
2025-10-25 19:17:13,330 [INFO] LogOutputStream:77 - [STDOUT_REDIRECT] 1 : Invalid condition id : UX_CORESTACK_Condition cause : null
2025-10-25 19:17:13,336 [INFO] LogOutputStream:77 - [STDOUT_REDIRECT] 1 : Invalid condition id : UX_CORESTACK_Condition cause : null
2025-10-25 19:17:13,348 [WARN] PackLoader:240 - Cannot read IP mode file for STMicroelectronics.X-CUBE-AZRTOS-WL.2.0.0
2025-10-25 19:17:13,373 [WARN] PackLoader:240 - Cannot read IP mode file for STMicroelectronics.X-CUBE-WB05N.2.0.0
2025-10-25 19:17:13,407 [WARN] PackLoader:240 - Cannot read IP mode file for wolfSSL.I-CUBE-wolfSSL.5.8.2
2025-10-25 19:17:13,427 [WARN] PackLoader:240 - Cannot read IP mode file for wolfSSL.I-CUBE-wolfMQTT.1.19.2
2025-10-25 19:17:13,468 [WARN] PackLoader:240 - Cannot read IP mode file for wolfSSL.I-CUBE-wolfTPM.3.8.0
2025-10-25 19:17:13,498 [WARN] PackLoader:240 - Cannot read IP mode file for wolfSSL.I-CUBE-wolfSSH.1.4.20
2025-10-25 19:17:13,514 [WARN] PackLoader:240 - Cannot read IP mode file for RealThread.X-CUBE-RT-Thread_Nano.4.1.1
2025-10-25 19:17:13,583 [WARN] PackLoader:240 - Cannot read IP mode file for SEGGER.I-CUBE-embOS.1.3.1
2025-10-25 19:17:13,714 [WARN] PackLoader:240 - Cannot read IP mode file for emotas.I-CUBE-CANOPEN.1.3.0
2025-10-25 19:17:13,823 [WARN] PackLoader:240 - Cannot read IP mode file for WES.I-CUBE-Cesium.1.4.0
2025-10-25 19:17:13,862 [WARN] PackLoader:240 - Cannot read IP mode file for ITTIA_DB.I-CUBE-ITTIADB.8.9.0
2025-10-25 19:17:13,938 [WARN] PackLoader:240 - Cannot read IP mode file for Infineon.AIROC-Wi-Fi-Bluetooth-STM32.1.7.1
2025-10-25 19:17:13,965 [WARN] PackLoader:240 - Cannot read IP mode file for Cesanta.I-CUBE-Mongoose.7.19.0
2025-10-25 19:17:13,999 [WARN] PackLoader:240 - Cannot read IP mode file for EmbeddedOffice.I-CUBE-FS-RTOS.1.0.1
2025-10-25 19:17:14,058 [WARN] ConditionMgr:438 - getConditionDescription Invalid condition id : Cortex-A Device cause : null
2025-10-25 19:17:14,125 [WARN] ConditionMgr:1044 - genDependencies : Invalid condition id : Cortex-A Device cause : null
2025-10-25 19:17:14,139 [WARN] ConditionMgr:1044 - genDependencies : Invalid condition id : Cortex-A Device cause : null
2025-10-25 19:17:14,151 [WARN] ConditionMgr:1044 - genDependencies : Invalid condition id : Cortex-A Device cause : null
2025-10-25 19:17:14,165 [INFO] PopulateThirdPartyThread:66 - Ending populate Thread
2025-10-25 19:17:14,200 [INFO] ThirdParty:1030 - CMSIS Pack Vendor :STMicroelectronics X-CUBE-PM33A1 1.0.0
2025-10-25 19:17:14,216 [INFO] ThirdParty:1030 - CMSIS Pack Vendor :STMicroelectronics X-CUBE-NFC9 1.0.0
2025-10-25 19:17:14,228 [INFO] ThirdParty:1030 - CMSIS Pack Vendor :STMicroelectronics FP-SNS-MOTENVWB1 1.4.0
2025-10-25 19:17:14,236 [INFO] ThirdParty:1030 - CMSIS Pack Vendor :STMicroelectronics X-CUBE-AZRTOS-F4 1.1.0
2025-10-25 19:17:14,242 [INFO] ThirdParty:1030 - CMSIS Pack Vendor :STMicroelectronics FP-ATR-ASTRA1 2.0.2
2025-10-25 19:17:14,248 [INFO] ThirdParty:1030 - CMSIS Pack Vendor :wolfSSL I-CUBE-wolfSSL 5.8.2
2025-10-25 19:17:14,256 [INFO] ThirdParty:1030 - CMSIS Pack Vendor :STMicroelectronics X-CUBE-BLE1 7.1.0
2025-10-25 19:17:14,266 [INFO] ThirdParty:1030 - CMSIS Pack Vendor :STMicroelectronics X-CUBE-SMBUS 2.1.0
2025-10-25 19:17:14,273 [INFO] ThirdParty:1030 - CMSIS Pack Vendor :wolfSSL I-CUBE-wolfMQTT 1.19.2
2025-10-25 19:17:14,279 [INFO] ThirdParty:1030 - CMSIS Pack Vendor :STMicroelectronics X-CUBE-ISPU 2.1.0
2025-10-25 19:17:14,285 [INFO] ThirdParty:1030 - CMSIS Pack Vendor :STMicroelectronics X-CUBE-BLEMGR 4.1.0
2025-10-25 19:17:14,297 [INFO] ThirdParty:1030 - CMSIS Pack Vendor :STMicroelectronics X-CUBE-EEPRMA1 5.2.0
2025-10-25 19:17:14,321 [INFO] ThirdParty:1030 - CMSIS Pack Vendor :STMicroelectronics X-CUBE-IPS 3.2.0
2025-10-25 19:17:14,358 [INFO] ThirdParty:1030 - CMSIS Pack Vendor :STMicroelectronics X-CUBE-AZRTOS-WB 2.0.0
2025-10-25 19:17:14,374 [INFO] ThirdParty:1030 - CMSIS Pack Vendor :STMicroelectronics X-CUBE-GNSS1 7.0.1
2025-10-25 19:17:14,378 [INFO] ThirdParty:1030 - CMSIS Pack Vendor :STMicroelectronics X-CUBE-NFC12 1.0.0
2025-10-25 19:17:14,388 [INFO] ThirdParty:1030 - CMSIS Pack Vendor :STMicroelectronics X-CUBE-AZRTOS-F7 1.1.0
2025-10-25 19:17:14,390 [INFO] ThirdParty:1030 - CMSIS Pack Vendor :STMicroelectronics X-CUBE-AZRTOS-L5 2.0.0
2025-10-25 19:17:14,396 [INFO] ThirdParty:1030 - CMSIS Pack Vendor :STMicroelectronics X-CUBE-NFC6 3.1.0
2025-10-25 19:17:14,400 [INFO] ThirdParty:1030 - CMSIS Pack Vendor :STMicroelectronics X-CUBE-ST67W61 1.1.0
2025-10-25 19:17:14,404 [INFO] ThirdParty:1030 - CMSIS Pack Vendor :Cesanta I-CUBE-Mongoose 7.19.0
2025-10-25 19:17:14,414 [INFO] ThirdParty:1030 - CMSIS Pack Vendor :quantropi X-CUBE-qispace-sdk-base 2.1.0
2025-10-25 19:17:14,416 [INFO] ThirdParty:1030 - CMSIS Pack Vendor :STMicroelectronics X-CUBE-AZRTOS-G0 1.1.0
2025-10-25 19:17:14,418 [INFO] ThirdParty:1030 - CMSIS Pack Vendor :STMicroelectronics X-CUBE-NFC4 3.0.0
2025-10-25 19:17:14,421 [INFO] ThirdParty:1030 - CMSIS Pack Vendor :STMicroelectronics X-CUBE-SAFEA1 1.2.2
2025-10-25 19:17:14,427 [INFO] ThirdParty:1030 - CMSIS Pack Vendor :STMicroelectronics X-CUBE-SUBG2 5.0.0
2025-10-25 19:17:14,427 [INFO] ThirdParty:1030 - CMSIS Pack Vendor :STMicroelectronics X-CUBE-AZRTOS-H7RS 1.1.0
2025-10-25 19:17:14,429 [INFO] ThirdParty:1030 - CMSIS Pack Vendor :EmbeddedOffice I-CUBE-FS-RTOS 1.0.1
2025-10-25 19:17:14,431 [INFO] ThirdParty:1030 - CMSIS Pack Vendor :WES I-CUBE-Cesium 1.4.0
2025-10-25 19:17:14,435 [INFO] ThirdParty:1030 - CMSIS Pack Vendor :STMicroelectronics X-CUBE-AZRTOS-G4 2.0.0
2025-10-25 19:17:14,439 [INFO] ThirdParty:1030 - CMSIS Pack Vendor :Infineon AIROC-Wi-Fi-Bluetooth-STM32 1.7.1
2025-10-25 19:17:14,445 [INFO] ThirdParty:1030 - CMSIS Pack Vendor :STMicroelectronics X-CUBE-WB05N 2.0.0
2025-10-25 19:17:14,452 [INFO] ThirdParty:1030 - CMSIS Pack Vendor :wolfSSL I-CUBE-wolfTPM 3.8.0
2025-10-25 19:17:14,455 [INFO] ThirdParty:1030 - CMSIS Pack Vendor :STMicroelectronics X-CUBE-AZRTOS-H7 3.4.0
2025-10-25 19:17:14,461 [INFO] ThirdParty:1030 - CMSIS Pack Vendor :STMicroelectronics X-CUBE-DISPLAY 3.0.0
2025-10-25 19:17:14,467 [INFO] ThirdParty:1030 - CMSIS Pack Vendor :wolfSSL I-CUBE-wolfSSH 1.4.20
2025-10-25 19:17:14,473 [INFO] ThirdParty:1030 - CMSIS Pack Vendor :STMicroelectronics X-CUBE-NFC7 2.0.0
2025-10-25 19:17:14,479 [INFO] ThirdParty:1030 - CMSIS Pack Vendor :STMicroelectronics X-CUBE-TCPP 4.2.0
2025-10-25 19:17:14,486 [INFO] ThirdParty:1030 - CMSIS Pack Vendor :RealThread X-CUBE-RT-Thread_Nano 4.1.1
2025-10-25 19:17:14,495 [INFO] ThirdParty:1030 - CMSIS Pack Vendor :STMicroelectronics FP-ATR-SIGFOX1 3.2.0
2025-10-25 19:17:14,500 [INFO] ThirdParty:1030 - CMSIS Pack Vendor :STMicroelectronics X-CUBE-NFC10 1.0.0
2025-10-25 19:17:14,504 [INFO] ThirdParty:1030 - CMSIS Pack Vendor :STMicroelectronics X-CUBE-FREERTOS 1.3.1
2025-10-25 19:17:14,508 [INFO] ThirdParty:1030 - CMSIS Pack Vendor :STMicroelectronics X-CUBE-ALS 1.0.2
2025-10-25 19:17:14,513 [INFO] ThirdParty:1030 - CMSIS Pack Vendor :STMicroelectronics X-CUBE-ST60 1.1.0
2025-10-25 19:17:14,513 [WARN] PackLoader:240 - Cannot read IP mode file for STMicroelectronics.FP-SNS-MOTENVWB1.1.4.0
2025-10-25 19:17:14,514 [INFO] ThirdParty:1030 - CMSIS Pack Vendor :emotas I-CUBE-CANOPEN 1.3.0
2025-10-25 19:17:14,517 [INFO] ThirdParty:1030 - CMSIS Pack Vendor :ITTIA_DB I-CUBE-ITTIADB 8.9.0
2025-10-25 19:17:14,518 [INFO] ThirdParty:1030 - CMSIS Pack Vendor :STMicroelectronics X-CUBE-TOUCHGFX 4.26.0
2025-10-25 19:17:14,517 [WARN] PackLoader:240 - Cannot read IP mode file for STMicroelectronics.FP-ATR-ASTRA1.2.0.2
2025-10-25 19:17:14,518 [INFO] ThirdParty:1030 - CMSIS Pack Vendor :STMicroelectronics X-CUBE-STSE01 1.0.0
2025-10-25 19:17:14,520 [INFO] ThirdParty:1030 - CMSIS Pack Vendor :STMicroelectronics FP-SNS-STBOX1 2.1.0
2025-10-25 19:17:14,520 [INFO] ThirdParty:1030 - CMSIS Pack Vendor :STMicroelectronics FP-SNS-STAIOTCFT 1.0.0
2025-10-25 19:17:14,521 [INFO] ThirdParty:1030 - CMSIS Pack Vendor :STMicroelectronics X-CUBE-AI 10.2.0
2025-10-25 19:17:14,522 [INFO] ThirdParty:1030 - CMSIS Pack Vendor :STMicroelectronics FP-SNS-SMARTAG2 1.2.0
2025-10-25 19:17:14,523 [WARN] PackLoader:240 - Cannot read IP mode file for STMicroelectronics.X-CUBE-SMBUS.2.1.0
2025-10-25 19:17:14,523 [INFO] ThirdParty:1030 - CMSIS Pack Vendor :STMicroelectronics FP-SNS-FLIGHT1 5.1.0
2025-10-25 19:17:14,525 [INFO] ThirdParty:1030 - CMSIS Pack Vendor :STMicroelectronics X-CUBE-AZRTOS-WL 2.0.0
2025-10-25 19:17:14,529 [INFO] ThirdParty:1030 - CMSIS Pack Vendor :SEGGER I-CUBE-embOS 1.3.1
2025-10-25 19:17:14,530 [INFO] ThirdParty:1030 - CMSIS Pack Vendor :STMicroelectronics X-CUBE-DPower 1.3.0
2025-10-25 19:17:14,532 [INFO] ThirdParty:1030 - CMSIS Pack Vendor :STMicroelectronics X-CUBE-ALGOBUILD 1.4.0
2025-10-25 19:17:14,536 [INFO] ThirdParty:1030 - CMSIS Pack Vendor :STMicroelectronics X-CUBE-MEMS1 11.3.0
2025-10-25 19:17:14,539 [WARN] PackLoader:240 - Cannot read IP mode file for STMicroelectronics.X-CUBE-AZRTOS-F7.1.1.0
2025-10-25 19:17:14,539 [INFO] ThirdParty:1030 - CMSIS Pack Vendor :STMicroelectronics FP-SNS-MOTENV1 5.0.0
2025-10-25 19:17:14,541 [INFO] ThirdParty:1030 - CMSIS Pack Vendor :STMicroelectronics X-CUBE-AZRTOS-L4 2.0.0
2025-10-25 19:17:14,545 [INFO] ThirdParty:1030 - CMSIS Pack Vendor :STMicroelectronics X-CUBE-SFXS2LP1 4.0.0
2025-10-25 19:17:14,547 [INFO] ThirdParty:1030 - CMSIS Pack Vendor :STMicroelectronics X-CUBE-BLE2 3.3.0
2025-10-25 19:17:14,547 [WARN] PackLoader:240 - Cannot read IP mode file for Cesanta.I-CUBE-Mongoose.7.19.0
2025-10-25 19:17:14,548 [INFO] ThirdParty:1030 - CMSIS Pack Vendor :STMicroelectronics X-CUBE-TOF1 3.4.3
2025-10-25 19:17:14,551 [INFO] LoadServerUpdatesThread:375 - End of LoadServerUpdate Thread
2025-10-25 19:17:14,553 [WARN] PackLoader:240 - Cannot read IP mode file for WES.I-CUBE-Cesium.1.4.0
2025-10-25 19:17:14,569 [WARN] PackLoader:240 - Cannot read IP mode file for Infineon.AIROC-Wi-Fi-Bluetooth-STM32.1.7.1
2025-10-25 19:17:14,586 [WARN] PackLoader:240 - Cannot read IP mode file for STMicroelectronics.X-CUBE-AZRTOS-H7.3.4.0
2025-10-25 19:17:14,595 [WARN] PackLoader:240 - Cannot read IP mode file for STMicroelectronics.X-CUBE-DISPLAY.3.0.0
2025-10-25 19:17:14,602 [WARN] PackLoader:240 - Cannot read IP mode file for STMicroelectronics.X-CUBE-NFC10.1.0.0
2025-10-25 19:17:14,607 [WARN] PackLoader:240 - Cannot read IP mode file for STMicroelectronics.X-CUBE-ST60.1.1.0
2025-10-25 19:17:14,615 [WARN] PackLoader:240 - Cannot read IP mode file for emotas.I-CUBE-CANOPEN.1.3.0
2025-10-25 19:17:14,620 [WARN] PackLoader:240 - Cannot read IP mode file for STMicroelectronics.FP-SNS-STBOX1.2.1.0
2025-10-25 19:17:14,625 [WARN] PackLoader:240 - Cannot read IP mode file for STMicroelectronics.FP-SNS-SMARTAG2.1.2.0
2025-10-25 19:17:14,632 [WARN] PackLoader:240 - Cannot read IP mode file for STMicroelectronics.FP-SNS-FLIGHT1.5.1.0
2025-10-25 19:17:14,641 [INFO] LogOutputStream:77 - [STDOUT_REDIRECT] 1 : Invalid condition id : UX_CORESTACK_Condition cause : null
2025-10-25 19:17:14,647 [INFO] LogOutputStream:77 - [STDOUT_REDIRECT] 1 : Invalid condition id : UX_CORESTACK_Condition cause : null
2025-10-25 19:17:14,649 [INFO] LogOutputStream:77 - [STDOUT_REDIRECT] 1 : Invalid condition id : UX_CORESTACK_Condition cause : null
2025-10-25 19:17:14,651 [INFO] LogOutputStream:77 - [STDOUT_REDIRECT] 1 : Invalid condition id : UX_CORESTACK_Condition cause : null
2025-10-25 19:17:14,653 [INFO] LogOutputStream:77 - [STDOUT_REDIRECT] 1 : Invalid condition id : UX_CORESTACK_Condition cause : null
2025-10-25 19:17:14,655 [WARN] PackLoader:240 - Cannot read IP mode file for STMicroelectronics.X-CUBE-AZRTOS-WL.2.0.0
2025-10-25 19:17:14,666 [WARN] PackLoader:240 - Cannot read IP mode file for STMicroelectronics.FP-SNS-MOTENV1.5.0.0
2025-10-25 19:17:14,670 [WARN] PackLoader:240 - Cannot read IP mode file for STMicroelectronics.X-CUBE-BLE2.3.3.0
2025-10-25 19:17:14,681 [WARN] PackLoader:240 - Cannot read IP mode file for STMicroelectronics.X-CUBE-NFC9.1.0.0
2025-10-25 19:17:14,687 [WARN] PackLoader:240 - Cannot read IP mode file for wolfSSL.I-CUBE-wolfSSL.5.8.2
2025-10-25 19:17:14,691 [WARN] PackLoader:240 - Cannot read IP mode file for STMicroelectronics.X-CUBE-BLE1.7.1.0
2025-10-25 19:17:14,697 [WARN] PackLoader:240 - Cannot read IP mode file for wolfSSL.I-CUBE-wolfMQTT.1.19.2
2025-10-25 19:17:14,717 [WARN] PackLoader:240 - Cannot read IP mode file for STMicroelectronics.X-CUBE-EEPRMA1.5.2.0
2025-10-25 19:17:14,735 [WARN] PackLoader:240 - Cannot read IP mode file for STMicroelectronics.X-CUBE-ST67W61.1.1.0
2025-10-25 19:17:14,786 [WARN] PackLoader:240 - Cannot read IP mode file for STMicroelectronics.X-CUBE-AZRTOS-G0.1.1.0
2025-10-25 19:17:14,802 [WARN] PackLoader:240 - Cannot read IP mode file for STMicroelectronics.X-CUBE-SAFEA1.1.2.2
2025-10-25 19:17:14,832 [WARN] PackLoader:240 - Cannot read IP mode file for STMicroelectronics.X-CUBE-NFC4.3.0.0
2025-10-25 19:17:14,838 [WARN] PackLoader:240 - Cannot read IP mode file for EmbeddedOffice.I-CUBE-FS-RTOS.1.0.1
2025-10-25 19:17:14,851 [WARN] PackLoader:240 - Cannot read IP mode file for STMicroelectronics.X-CUBE-WB05N.2.0.0
2025-10-25 19:17:14,855 [WARN] PackLoader:240 - Cannot read IP mode file for wolfSSL.I-CUBE-wolfTPM.3.8.0
2025-10-25 19:17:14,864 [WARN] PackLoader:240 - Cannot read IP mode file for STMicroelectronics.X-CUBE-TCPP.4.2.0
2025-10-25 19:17:14,872 [WARN] PackLoader:240 - Cannot read IP mode file for RealThread.X-CUBE-RT-Thread_Nano.4.1.1
2025-10-25 19:17:14,876 [WARN] PackLoader:240 - Cannot read IP mode file for STMicroelectronics.FP-ATR-SIGFOX1.3.2.0
2025-10-25 19:17:14,880 [WARN] PackLoader:240 - Cannot read IP mode file for ITTIA_DB.I-CUBE-ITTIADB.8.9.0
2025-10-25 19:17:14,888 [WARN] PackLoader:240 - Cannot read IP mode file for STMicroelectronics.X-CUBE-AI.10.2.0
2025-10-25 19:17:14,909 [WARN] PackLoader:240 - Cannot read IP mode file for SEGGER.I-CUBE-embOS.1.3.1
2025-10-25 19:17:14,936 [WARN] PackLoader:240 - Cannot read IP mode file for STMicroelectronics.X-CUBE-ALGOBUILD.1.4.0
2025-10-25 19:17:14,965 [WARN] PackLoader:240 - Cannot read IP mode file for STMicroelectronics.X-CUBE-MEMS1.11.3.0
2025-10-25 19:17:15,047 [WARN] PackLoader:240 - Cannot read IP mode file for STMicroelectronics.X-CUBE-PM33A1.1.0.0
2025-10-25 19:17:15,059 [WARN] PackLoader:240 - Cannot read IP mode file for STMicroelectronics.X-CUBE-AZRTOS-F4.1.1.0
2025-10-25 19:17:15,067 [WARN] PackLoader:240 - Cannot read IP mode file for STMicroelectronics.X-CUBE-ISPU.2.1.0
2025-10-25 19:17:15,076 [WARN] PackLoader:240 - Cannot read IP mode file for STMicroelectronics.X-CUBE-IPS.3.2.0
2025-10-25 19:17:15,103 [WARN] PackLoader:240 - Cannot read IP mode file for STMicroelectronics.X-CUBE-NFC12.1.0.0
2025-10-25 19:17:15,137 [WARN] PackLoader:240 - Cannot read IP mode file for STMicroelectronics.X-CUBE-AZRTOS-L5.2.0.0
2025-10-25 19:17:15,157 [WARN] PackLoader:240 - Cannot read IP mode file for STMicroelectronics.X-CUBE-NFC6.3.1.0
2025-10-25 19:17:15,180 [WARN] PackLoader:240 - Cannot read IP mode file for STMicroelectronics.X-CUBE-FREERTOS.1.3.1
2025-10-25 19:17:15,192 [WARN] PackLoader:240 - Cannot read IP mode file for STMicroelectronics.X-CUBE-TOUCHGFX.4.26.0
2025-10-25 19:17:15,236 [WARN] PackLoader:240 - Cannot read IP mode file for STMicroelectronics.FP-SNS-STAIOTCFT.1.0.0
2025-10-25 19:17:15,240 [WARN] PackLoader:240 - Cannot read IP mode file for STMicroelectronics.X-CUBE-DPower.1.3.0
2025-10-25 19:17:15,272 [WARN] ConditionMgr:438 - getConditionDescription Invalid condition id : LAN8742 Phy interface Condition cause : null
2025-10-25 19:17:15,272 [WARN] PackLoader:240 - Cannot read IP mode file for STMicroelectronics.X-CUBE-AZRTOS-L4.2.0.0
2025-10-25 19:17:15,274 [WARN] ConditionMgr:1044 - genDependencies : Invalid condition id : LAN8742 Phy interface Condition cause : null
2025-10-25 19:17:15,274 [WARN] ConditionMgr:1044 - genDependencies : Invalid condition id : LAN8742 Phy interface Condition cause : null
2025-10-25 19:17:15,281 [WARN] ConditionMgr:1044 - genDependencies : Invalid condition id : LAN8742 Phy interface Condition cause : null
2025-10-25 19:17:15,289 [WARN] PackLoader:240 - Cannot read IP mode file for STMicroelectronics.X-CUBE-SFXS2LP1.4.0.0
2025-10-25 19:17:15,307 [WARN] PackLoader:240 - Cannot read IP mode file for STMicroelectronics.X-CUBE-BLEMGR.4.1.0
2025-10-25 19:17:15,340 [WARN] ConditionMgr:438 - getConditionDescription Invalid condition id : UX DEVICE CLASS RTOS Condition cause : null
2025-10-25 19:17:15,342 [WARN] ConditionMgr:438 - getConditionDescription Invalid condition id : UX DEVICE CLASS RTOS Condition cause : null
2025-10-25 19:17:15,349 [WARN] PackLoader:240 - Cannot read IP mode file for STMicroelectronics.X-CUBE-AZRTOS-WB.2.0.0
2025-10-25 19:17:15,349 [WARN] ConditionMgr:1044 - genDependencies : Invalid condition id : UX DEVICE CLASS RTOS Condition cause : null
2025-10-25 19:17:15,349 [WARN] ConditionMgr:1044 - genDependencies : Invalid condition id : UX DEVICE CLASS RTOS Condition cause : null
2025-10-25 19:17:15,349 [WARN] ConditionMgr:1044 - genDependencies : Invalid condition id : UX DEVICE CLASS RTOS Condition cause : null
2025-10-25 19:17:15,349 [WARN] ConditionMgr:1044 - genDependencies : Invalid condition id : UX DEVICE CLASS RTOS Condition cause : null
2025-10-25 19:17:15,356 [WARN] ConditionMgr:1044 - genDependencies : Invalid condition id : UX DEVICE CLASS RTOS Condition cause : null
2025-10-25 19:17:15,364 [WARN] PackLoader:240 - Cannot read IP mode file for STMicroelectronics.X-CUBE-GNSS1.7.0.1
2025-10-25 19:17:15,368 [WARN] ConditionMgr:438 - getConditionDescription Invalid condition id : Cortex-A Device cause : null
2025-10-25 19:17:15,381 [WARN] ConditionMgr:1044 - genDependencies : Invalid condition id : Cortex-A Device cause : null
2025-10-25 19:17:15,383 [WARN] ConditionMgr:1044 - genDependencies : Invalid condition id : Cortex-A Device cause : null
2025-10-25 19:17:15,383 [WARN] ConditionMgr:1044 - genDependencies : Invalid condition id : Cortex-A Device cause : null
2025-10-25 19:17:15,391 [WARN] PackLoader:240 - Cannot read IP mode file for STMicroelectronics.X-CUBE-SUBG2.5.0.0
2025-10-25 19:17:15,444 [WARN] PackLoader:240 - Cannot read IP mode file for STMicroelectronics.X-CUBE-AZRTOS-H7RS.1.1.0
2025-10-25 19:17:15,457 [WARN] PackLoader:240 - Cannot read IP mode file for STMicroelectronics.X-CUBE-AZRTOS-G4.2.0.0
2025-10-25 19:17:15,483 [WARN] PackLoader:240 - Cannot read IP mode file for wolfSSL.I-CUBE-wolfSSH.1.4.20
2025-10-25 19:17:15,487 [WARN] PackLoader:240 - Cannot read IP mode file for STMicroelectronics.X-CUBE-NFC7.2.0.0
2025-10-25 19:17:15,495 [WARN] PackLoader:240 - Cannot read IP mode file for STMicroelectronics.X-CUBE-ALS.1.0.2
2025-10-25 19:17:15,500 [WARN] PackLoader:240 - Cannot read IP mode file for STMicroelectronics.X-CUBE-STSE01.1.0.0
2025-10-25 19:17:15,507 [WARN] PackLoader:240 - Cannot read IP mode file for STMicroelectronics.X-CUBE-TOF1.3.4.3
2025-10-25 19:17:15,515 [INFO] ThirdParty:978 - Integrity check success = true
2025-10-25 19:17:15,517 [INFO] IntegrityCheckThread:100 - exiting critical section [integrity check]
2025-10-25 19:17:15,517 [INFO] IntegrityCheckThread:103 - End integrity checks thread
2025-10-25 19:32:43,899 [ERROR] LogOutputStream:75 - [STDERR_REDIRECT] 
2025-10-25 19:34:20,213 [INFO] Activator:176 - 


2025-10-25 19:34:20,216 [INFO] Activator:177 - !SESSION log4j initialized
2025-10-25 19:34:25,201 [INFO] LogOutputStream:77 - [STDOUT_REDIRECT] 
2025-10-25 19:34:26,373 [INFO] ApplicationProperties:184 - Using Application install path: C:\ST\STM32CubeIDE_1.19.0\STM32CubeIDE\plugins\com.st.stm32cube.common.mx_6.15.0.202507011659
2025-10-25 19:34:26,388 [INFO] DbMcusXml:78 - Set database path to: C:\ST\STM32CubeIDE_1.19.0\STM32CubeIDE\plugins\com.st.stm32cube.common.mx_6.15.0.202507011659\\db\/mcu/
2025-10-25 19:34:26,390 [INFO] ApiDb:274 - Set plugin database path to: C:\ST\STM32CubeIDE_1.19.0\STM32CubeIDE\plugins\com.st.stm32cube.common.mx_6.15.0.202507011659\\db\/plugins/boardmanager/
2025-10-25 19:34:26,391 [WARN] ApiDb:259 - Overriding images path with different value:  => C:\ST\STM32CubeIDE_1.19.0\STM32CubeIDE\plugins\com.st.stm32cube.common.mx_6.15.0.202507011659\\db\/plugins/mcufinder/images/
2025-10-25 19:34:26,396 [INFO] ApiDb:250 - Set database path to: C:\Users\s2rajago\.stmcufinder\plugins\mcufinder//mcu/
2025-10-25 19:34:26,398 [INFO] DbMcusAds:125 - Set database path to: C:\Users\s2rajago\.stmcufinder\plugins\mcufinder//mcu/
2025-10-25 19:34:26,400 [INFO] CrossReferenceDbSqlite:203 - Set database path to: C:\Users\s2rajago\.stmcufinder\plugins\mcufinder//mcu/cs/
2025-10-25 19:34:26,526 [INFO] RulesReader:64 - Compatibility file has been processed (317 Rules)
2025-10-25 19:34:26,614 [INFO] DbMcusXml:78 - Set database path to: C:\ST\STM32CubeIDE_1.19.0\STM32CubeIDE\plugins\com.st.stm32cube.common.mx_6.15.0.202507011659\\db\/mcu/
2025-10-25 19:34:26,615 [INFO] ApiDb:274 - Set plugin database path to: C:\ST\STM32CubeIDE_1.19.0\STM32CubeIDE\plugins\com.st.stm32cube.common.mx_6.15.0.202507011659\\db\/plugins/boardmanager/
2025-10-25 19:34:26,616 [INFO] ApiDb:261 - Set plugin images path to: C:\ST\STM32CubeIDE_1.19.0\STM32CubeIDE\plugins\com.st.stm32cube.common.mx_6.15.0.202507011659\\db\/plugins/mcufinder/images/
2025-10-25 19:34:26,617 [WARN] DbFile:41 - Overriding database path with different value: C:\Users\s2rajago\.stmcufinder\plugins\mcufinder/ => C:\Users\s2rajago\.stmcufinder\plugins\mcufinder
2025-10-25 19:34:26,617 [INFO] ApiDb:250 - Set database path to: C:\Users\s2rajago\.stmcufinder\plugins\mcufinder//mcu/
2025-10-25 19:34:26,618 [WARN] DbFile:41 - Overriding database path with different value: C:\Users\s2rajago\.stmcufinder\plugins\mcufinder/ => C:\Users\s2rajago\.stmcufinder\plugins\mcufinder
2025-10-25 19:34:26,619 [INFO] DbMcusAds:125 - Set database path to: C:\Users\s2rajago\.stmcufinder\plugins\mcufinder//mcu/
2025-10-25 19:34:26,619 [WARN] DbFile:41 - Overriding database path with different value: C:\Users\s2rajago\.stmcufinder\plugins\mcufinder/ => C:\Users\s2rajago\.stmcufinder\plugins\mcufinder
2025-10-25 19:34:26,620 [WARN] DbFile:41 - Overriding database path with different value: C:\Users\s2rajago\.stmcufinder\plugins\mcufinder/ => C:\Users\s2rajago\.stmcufinder\plugins\mcufinder
2025-10-25 19:34:26,621 [INFO] CrossReferenceDbSqlite:203 - Set database path to: C:\Users\s2rajago\.stmcufinder\plugins\mcufinder//mcu/cs/
2025-10-25 19:34:26,687 [INFO] MainPanel:274 - HeapMemory: 268435456
2025-10-25 19:34:26,790 [INFO] DbMcusXml:78 - Set database path to: C:\ST\STM32CubeIDE_1.19.0\STM32CubeIDE\plugins\com.st.stm32cube.common.mx_6.15.0.202507011659\\db\/mcu/
2025-10-25 19:34:26,791 [INFO] ApiDb:274 - Set plugin database path to: C:\ST\STM32CubeIDE_1.19.0\STM32CubeIDE\plugins\com.st.stm32cube.common.mx_6.15.0.202507011659\\db\/plugins/boardmanager/
2025-10-25 19:34:26,791 [INFO] ApiDb:261 - Set plugin images path to: C:\ST\STM32CubeIDE_1.19.0\STM32CubeIDE\plugins\com.st.stm32cube.common.mx_6.15.0.202507011659\\db\/plugins/mcufinder/images/
2025-10-25 19:34:26,800 [WARN] DbFile:41 - Overriding database path with different value: C:\Users\s2rajago\.stmcufinder\plugins\mcufinder/ => C:\Users\s2rajago\.stmcufinder\plugins\mcufinder
2025-10-25 19:34:26,801 [INFO] ApiDb:250 - Set database path to: C:\Users\s2rajago\.stmcufinder\plugins\mcufinder//mcu/
2025-10-25 19:34:26,802 [WARN] DbFile:41 - Overriding database path with different value: C:\Users\s2rajago\.stmcufinder\plugins\mcufinder/ => C:\Users\s2rajago\.stmcufinder\plugins\mcufinder
2025-10-25 19:34:26,802 [INFO] DbMcusAds:125 - Set database path to: C:\Users\s2rajago\.stmcufinder\plugins\mcufinder//mcu/
2025-10-25 19:34:26,803 [WARN] DbFile:41 - Overriding database path with different value: C:\Users\s2rajago\.stmcufinder\plugins\mcufinder/ => C:\Users\s2rajago\.stmcufinder\plugins\mcufinder
2025-10-25 19:34:26,804 [WARN] DbFile:41 - Overriding database path with different value: C:\Users\s2rajago\.stmcufinder\plugins\mcufinder/ => C:\Users\s2rajago\.stmcufinder\plugins\mcufinder
2025-10-25 19:34:26,804 [INFO] CrossReferenceDbSqlite:203 - Set database path to: C:\Users\s2rajago\.stmcufinder\plugins\mcufinder//mcu/cs/
2025-10-25 19:34:26,826 [INFO] ApplicationProperties:184 - Using Application install path: C:\ST\STM32CubeIDE_1.19.0\STM32CubeIDE\plugins\com.st.stm32cube.common.mx_6.15.0.202507011659
2025-10-25 19:34:26,828 [INFO] PluginManage:196 - Search for loadable plugins [exclusion list=, ]
2025-10-25 19:34:26,830 [INFO] PluginManage:310 - Check plugin analytics
2025-10-25 19:34:27,094 [INFO] AnalyticsPlugin:253 - Accepted Software Licenses: 
2025-10-25 19:34:27,103 [INFO] AnalyticsPlugin:255 - Accepted CMSIS Pack Licenses: 
2025-10-25 19:34:27,104 [INFO] AnalyticsPlugin:257 - Accepted Firmware Licenses: 
2025-10-25 19:34:27,108 [INFO] PluginManage:359 - Loaded plugin analytics (category:tool,tabindex:-1)
2025-10-25 19:34:27,109 [INFO] PluginManage:310 - Check plugin cadmodel
2025-10-25 19:34:27,115 [INFO] CADModel:105 - Init CAD model plugin
2025-10-25 19:34:27,116 [INFO] PluginManage:359 - Loaded plugin cadmodel (category:power,tabindex:5)
2025-10-25 19:34:27,117 [INFO] PluginManage:310 - Check plugin clock
2025-10-25 19:34:27,130 [INFO] PluginManage:359 - Loaded plugin clock (category:base,tabindex:2)
2025-10-25 19:34:27,131 [INFO] PluginManage:310 - Check plugin ddr
2025-10-25 19:34:27,136 [INFO] PluginManage:359 - Loaded plugin ddr (category:tool,tabindex:6)
2025-10-25 19:34:27,138 [INFO] PluginManage:310 - Check plugin filemanager
2025-10-25 19:34:27,385 [INFO] PluginManage:359 - Loaded plugin filemanager (category:base,tabindex:10)
2025-10-25 19:34:27,388 [INFO] PluginManage:310 - Check plugin ipmanager
2025-10-25 19:34:27,400 [INFO] PluginManage:359 - Loaded plugin ipmanager (category:base,tabindex:5)
2025-10-25 19:34:27,402 [INFO] PluginManage:310 - Check plugin lpbam
2025-10-25 19:34:27,420 [INFO] PluginManage:359 - Loaded plugin lpbam (category:base,tabindex:0)
2025-10-25 19:34:27,422 [INFO] PluginManage:310 - Check plugin memorymap
2025-10-25 19:34:27,439 [INFO] PluginManage:359 - Loaded plugin memorymap (category:base,tabindex:4)
2025-10-25 19:34:27,440 [INFO] PluginManage:310 - Check plugin pinoutandconfiguration
2025-10-25 19:34:27,470 [INFO] PluginManage:359 - Loaded plugin pinoutandconfiguration (category:base,tabindex:1)
2025-10-25 19:34:27,501 [INFO] PluginManage:310 - Check plugin pinoutconfig
2025-10-25 19:34:27,618 [WARN] SupportedApi:132 - Cannot load RTOS API schema: s4s-elt-must-match.1: The content of 'definitions' must match (annotation?, (simpleType | complexType)?, (unique | key | keyref)*)). A problem was found starting at: attribute.
2025-10-25 19:34:27,755 [INFO] PluginManage:359 - Loaded plugin pinoutconfig (category:base,tabindex:0)
2025-10-25 19:34:27,755 [INFO] PluginManage:310 - Check plugin power
2025-10-25 19:34:27,764 [INFO] PluginManage:359 - Loaded plugin power (category:power,tabindex:4)
2025-10-25 19:34:27,765 [INFO] PluginManage:310 - Check plugin projectmanager
2025-10-25 19:34:27,784 [INFO] PluginManage:359 - Loaded plugin projectmanager (category:projectmanager,tabindex:4)
2025-10-25 19:34:27,785 [INFO] PluginManage:310 - Check plugin rif
2025-10-25 19:34:27,793 [INFO] PluginManage:359 - Loaded plugin rif (category:base,tabindex:3)
2025-10-25 19:34:27,794 [INFO] PluginManage:310 - Check plugin thirdparty
2025-10-25 19:34:27,912 [WARN] IntegrityCheckThread:84 - waiting for thirdparty lock release [integrity check]
2025-10-25 19:34:27,913 [INFO] PluginManage:359 - Loaded plugin thirdparty (category:base,tabindex:-1)
2025-10-25 19:34:27,914 [INFO] IntegrityCheckThread:86 - entering critical section [integrity check]
2025-10-25 19:34:27,923 [INFO] PluginManage:310 - Check plugin tools
2025-10-25 19:34:27,934 [INFO] ThirdPartyUpdaterWithRetryManager:70 - Updater plugin not ready yet. [1/15]
2025-10-25 19:34:27,938 [INFO] PluginManage:359 - Loaded plugin tools (category:base,tabindex:7)
2025-10-25 19:34:27,939 [INFO] PluginManage:310 - Check plugin tutovideos
2025-10-25 19:34:28,123 [INFO] PluginManage:359 - Loaded plugin tutovideos (category:base,tabindex:-1)
2025-10-25 19:34:28,124 [INFO] PluginManage:310 - Check plugin updater
2025-10-25 19:34:28,145 [INFO] PluginManage:359 - Loaded plugin updater (category:base,tabindex:12)
2025-10-25 19:34:28,146 [INFO] PluginManage:310 - Check plugin userauth
2025-10-25 19:34:28,150 [INFO] UserAuth:118 - Init User Auth plugin
2025-10-25 19:34:28,152 [INFO] PluginManage:359 - Loaded plugin userauth (category:base,tabindex:14)
2025-10-25 19:34:28,154 [INFO] PluginManage:283 - PluginManage : Loaded plugins [18]
2025-10-25 19:34:28,387 [INFO] PinOutPanel:1589 - setPackage(No Configuration,No Configuration)
2025-10-25 19:34:28,479 [INFO] CADModel:165 - CPN selected for project level
2025-10-25 19:34:28,490 [INFO] CADModel:114 - Register for checkConnection events
2025-10-25 19:34:28,511 [INFO] IPUIPlugin:80 - create IPUIPlugin
2025-10-25 19:34:28,511 [INFO] PluginManager:220 - loadIPPluginJar : add adc
2025-10-25 19:34:28,514 [INFO] IPUIPlugin:80 - create IPUIPlugin
2025-10-25 19:34:28,515 [INFO] PluginManager:220 - loadIPPluginJar : add aes
2025-10-25 19:34:28,517 [INFO] IPUIPlugin:80 - create IPUIPlugin
2025-10-25 19:34:28,518 [INFO] PluginManager:220 - loadIPPluginJar : add can
2025-10-25 19:34:28,520 [INFO] IPUIPlugin:80 - create IPUIPlugin
2025-10-25 19:34:28,521 [INFO] PluginManager:220 - loadIPPluginJar : add comp
2025-10-25 19:34:28,523 [INFO] IPUIPlugin:80 - create IPUIPlugin
2025-10-25 19:34:28,524 [INFO] PluginManager:220 - loadIPPluginJar : add cryp
2025-10-25 19:34:28,526 [INFO] IPUIPlugin:80 - create IPUIPlugin
2025-10-25 19:34:28,527 [INFO] PluginManager:220 - loadIPPluginJar : add ddr_ctrl_phy
2025-10-25 19:34:28,530 [INFO] IPUIPlugin:80 - create IPUIPlugin
2025-10-25 19:34:28,530 [INFO] PluginManager:220 - loadIPPluginJar : add dfsdm
2025-10-25 19:34:28,536 [INFO] IPUIPlugin:80 - create IPUIPlugin
2025-10-25 19:34:28,537 [INFO] PluginManager:220 - loadIPPluginJar : add dma
2025-10-25 19:34:28,539 [INFO] IPUIPlugin:80 - create IPUIPlugin
2025-10-25 19:34:28,540 [INFO] PluginManager:220 - loadIPPluginJar : add dma3
2025-10-25 19:34:28,543 [INFO] IPUIPlugin:80 - create IPUIPlugin
2025-10-25 19:34:28,544 [INFO] PluginManager:220 - loadIPPluginJar : add extmemmanager
2025-10-25 19:34:28,546 [INFO] IPUIPlugin:80 - create IPUIPlugin
2025-10-25 19:34:28,546 [INFO] PluginManager:220 - loadIPPluginJar : add fatfs
2025-10-25 19:34:28,550 [INFO] IPUIPlugin:80 - create IPUIPlugin
2025-10-25 19:34:28,551 [INFO] PluginManager:220 - loadIPPluginJar : add fmc
2025-10-25 19:34:28,556 [INFO] IPUIPlugin:80 - create IPUIPlugin
2025-10-25 19:34:28,557 [INFO] PluginManager:220 - loadIPPluginJar : add freertos
2025-10-25 19:34:28,559 [INFO] IPUIPlugin:80 - create IPUIPlugin
2025-10-25 19:34:28,560 [INFO] PluginManager:220 - loadIPPluginJar : add genericplugin
2025-10-25 19:34:28,563 [INFO] IPUIPlugin:80 - create IPUIPlugin
2025-10-25 19:34:28,563 [INFO] PluginManager:220 - loadIPPluginJar : add gfxmmu
2025-10-25 19:34:28,568 [INFO] IPUIPlugin:80 - create IPUIPlugin
2025-10-25 19:34:28,569 [INFO] PluginManager:220 - loadIPPluginJar : add gic
2025-10-25 19:34:28,573 [INFO] IPUIPlugin:80 - create IPUIPlugin
2025-10-25 19:34:28,574 [INFO] PluginManager:220 - loadIPPluginJar : add gpio
2025-10-25 19:34:28,577 [INFO] IPUIPlugin:80 - create IPUIPlugin
2025-10-25 19:34:28,578 [INFO] PluginManager:220 - loadIPPluginJar : add gtzc
2025-10-25 19:34:28,580 [INFO] IPUIPlugin:80 - create IPUIPlugin
2025-10-25 19:34:28,581 [INFO] PluginManager:220 - loadIPPluginJar : add hash
2025-10-25 19:34:28,584 [INFO] IPUIPlugin:80 - create IPUIPlugin
2025-10-25 19:34:28,585 [INFO] PluginManager:220 - loadIPPluginJar : add i2c
2025-10-25 19:34:28,588 [INFO] IPUIPlugin:80 - create IPUIPlugin
2025-10-25 19:34:28,589 [INFO] PluginManager:220 - loadIPPluginJar : add i2s
2025-10-25 19:34:28,593 [INFO] IPUIPlugin:80 - create IPUIPlugin
2025-10-25 19:34:28,594 [INFO] PluginManager:220 - loadIPPluginJar : add i3c
2025-10-25 19:34:28,597 [INFO] IPUIPlugin:80 - create IPUIPlugin
2025-10-25 19:34:28,598 [INFO] PluginManager:220 - loadIPPluginJar : add ipddr
2025-10-25 19:34:28,604 [INFO] IPUIPlugin:80 - create IPUIPlugin
2025-10-25 19:34:28,605 [INFO] PluginManager:220 - loadIPPluginJar : add linkedlist
2025-10-25 19:34:28,608 [INFO] IPUIPlugin:80 - create IPUIPlugin
2025-10-25 19:34:28,608 [INFO] PluginManager:220 - loadIPPluginJar : add lorawan
2025-10-25 19:34:28,610 [INFO] IPUIPlugin:80 - create IPUIPlugin
2025-10-25 19:34:28,611 [INFO] PluginManager:220 - loadIPPluginJar : add ltdc
2025-10-25 19:34:28,616 [INFO] IPUIPlugin:80 - create IPUIPlugin
2025-10-25 19:34:28,617 [INFO] PluginManager:220 - loadIPPluginJar : add mdma
2025-10-25 19:34:28,621 [INFO] IPUIPlugin:80 - create IPUIPlugin
2025-10-25 19:34:28,622 [INFO] PluginManager:220 - loadIPPluginJar : add nvic
2025-10-25 19:34:28,625 [INFO] IPUIPlugin:80 - create IPUIPlugin
2025-10-25 19:34:28,626 [INFO] PluginManager:220 - loadIPPluginJar : add opamp
2025-10-25 19:34:28,629 [INFO] IPUIPlugin:80 - create IPUIPlugin
2025-10-25 19:34:28,630 [INFO] PluginManager:220 - loadIPPluginJar : add openamp
2025-10-25 19:34:28,633 [INFO] IPUIPlugin:80 - create IPUIPlugin
2025-10-25 19:34:28,634 [INFO] PluginManager:220 - loadIPPluginJar : add pdm2pcm
2025-10-25 19:34:28,639 [INFO] IPUIPlugin:80 - create IPUIPlugin
2025-10-25 19:34:28,643 [INFO] PluginManager:220 - loadIPPluginJar : add plateformsettings
2025-10-25 19:34:28,645 [INFO] IPUIPlugin:80 - create IPUIPlugin
2025-10-25 19:34:28,646 [INFO] PluginManager:220 - loadIPPluginJar : add quadspi
2025-10-25 19:34:28,648 [INFO] IPUIPlugin:80 - create IPUIPlugin
2025-10-25 19:34:28,649 [INFO] PluginManager:220 - loadIPPluginJar : add radio
2025-10-25 19:34:28,653 [INFO] IPUIPlugin:80 - create IPUIPlugin
2025-10-25 19:34:28,654 [INFO] PluginManager:220 - loadIPPluginJar : add resmgrutility
2025-10-25 19:34:28,658 [INFO] IPUIPlugin:80 - create IPUIPlugin
2025-10-25 19:34:28,659 [INFO] PluginManager:220 - loadIPPluginJar : add sai
2025-10-25 19:34:28,661 [INFO] IPUIPlugin:80 - create IPUIPlugin
2025-10-25 19:34:28,662 [INFO] PluginManager:220 - loadIPPluginJar : add spi
2025-10-25 19:34:28,667 [INFO] IPUIPlugin:80 - create IPUIPlugin
2025-10-25 19:34:28,668 [INFO] PluginManager:220 - loadIPPluginJar : add stm32_wpan
2025-10-25 19:34:28,671 [INFO] IPUIPlugin:80 - create IPUIPlugin
2025-10-25 19:34:28,672 [INFO] PluginManager:220 - loadIPPluginJar : add tim
2025-10-25 19:34:28,675 [INFO] IPUIPlugin:80 - create IPUIPlugin
2025-10-25 19:34:28,676 [INFO] PluginManager:220 - loadIPPluginJar : add touchsensing
2025-10-25 19:34:28,679 [INFO] IPUIPlugin:80 - create IPUIPlugin
2025-10-25 19:34:28,680 [INFO] PluginManager:220 - loadIPPluginJar : add tracer_emb
2025-10-25 19:34:28,682 [INFO] IPUIPlugin:80 - create IPUIPlugin
2025-10-25 19:34:28,683 [INFO] PluginManager:220 - loadIPPluginJar : add ts
2025-10-25 19:34:28,685 [INFO] IPUIPlugin:80 - create IPUIPlugin
2025-10-25 19:34:28,686 [INFO] PluginManager:220 - loadIPPluginJar : add tsc
2025-10-25 19:34:28,688 [INFO] IPUIPlugin:80 - create IPUIPlugin
2025-10-25 19:34:28,689 [INFO] PluginManager:220 - loadIPPluginJar : add ucpd
2025-10-25 19:34:28,692 [INFO] IPUIPlugin:80 - create IPUIPlugin
2025-10-25 19:34:28,693 [INFO] PluginManager:220 - loadIPPluginJar : add usart
2025-10-25 19:34:28,697 [INFO] IPUIPlugin:80 - create IPUIPlugin
2025-10-25 19:34:28,698 [INFO] PluginManager:220 - loadIPPluginJar : add usbx
2025-10-25 19:34:28,831 [FATAL] Updater:351 - Updater called before beeing initialized
2025-10-25 19:34:28,856 [INFO] RulesReader:64 - Compatibility file has been processed (317 Rules)
2025-10-25 19:34:28,871 [INFO] RulesReader:64 - Compatibility file has been processed (317 Rules)
2025-10-25 19:34:28,891 [INFO] CADModel:165 - CPN selected for project level
2025-10-25 19:34:28,892 [INFO] CADModel:114 - Register for checkConnection events
2025-10-25 19:34:28,893 [FATAL] Updater:351 - Updater called before beeing initialized
2025-10-25 19:34:28,894 [ERROR] CADModel:125 - Updater not yet initialized, retry later 
2025-10-25 19:34:29,039 [FATAL] Updater:351 - Updater called before beeing initialized
2025-10-25 19:34:29,043 [INFO] CADModel:165 - CPN selected for project level
2025-10-25 19:34:29,044 [INFO] CADModel:114 - Register for checkConnection events
2025-10-25 19:34:29,044 [FATAL] Updater:351 - Updater called before beeing initialized
2025-10-25 19:34:29,045 [ERROR] CADModel:125 - Updater not yet initialized, retry later 
2025-10-25 19:34:29,050 [FATAL] Updater:351 - Updater called before beeing initialized
2025-10-25 19:34:29,195 [FATAL] Updater:351 - Updater called before beeing initialized
2025-10-25 19:34:29,200 [INFO] DbMcusAds:53 - JSON generation date=Thu Sep 30 02:55:09 EDT 2021 (1632984909247)
2025-10-25 19:34:29,201 [FATAL] Updater:351 - Updater called before beeing initialized
2025-10-25 19:34:29,237 [WARN] DetailPanel:346 - Failed to get advertising image, set to default
2025-10-25 19:34:29,326 [FATAL] Updater:351 - Updater called before beeing initialized
2025-10-25 19:34:29,328 [FATAL] Updater:351 - Updater called before beeing initialized
2025-10-25 19:34:29,329 [FATAL] Updater:351 - Updater called before beeing initialized
2025-10-25 19:34:29,330 [WARN] DetailPanel:346 - Failed to get advertising image, set to default
2025-10-25 19:34:29,331 [FATAL] Updater:351 - Updater called before beeing initialized
2025-10-25 19:34:29,385 [ERROR] Updater:1198 - MainUpdater not yet initialized. External WinMGr cannot be set.
2025-10-25 19:34:29,388 [INFO] Updater:1134 - Updater Version found : 6.15.0
2025-10-25 19:34:29,408 [INFO] ApplicationProperties:184 - Using Application install path: C:\ST\STM32CubeIDE_1.19.0\STM32CubeIDE\plugins\com.st.stm32cube.common.mx_6.15.0.202507011659
2025-10-25 19:34:29,760 [INFO] MainUpdater:2872 - connection check result : 10
2025-10-25 19:34:29,767 [INFO] MainUpdater:289 - Updater Check For Update Now.
2025-10-25 19:34:29,768 [INFO] MicroXplorer:498 - Change Database Version : DB.6.0.150
2025-10-25 19:34:29,792 [INFO] McuFinderGlobals:63 - Set McuFinder mode to 2 (CubeIDE integrated)
2025-10-25 19:34:29,794 [INFO] UserAuth:171 - activating auth plugin
2025-10-25 19:34:29,799 [INFO] UserAuth:487 - Internet connection configuration mode: 1
2025-10-25 19:34:29,843 [INFO] JxBrowserEngine:152 - Initiate JxBrowser Engine with user profile folder
2025-10-25 19:34:30,002 [INFO] CheckServerUpdateThread:120 - End of CheckServer Thread
2025-10-25 19:34:30,688 [INFO] WebApp:169 - Instantiating new browser for Auth
2025-10-25 19:34:31,201 [WARN] PackLoader:240 - Cannot read IP mode file for STMicroelectronics.FP-SNS-MOTENVWB1.1.4.0
2025-10-25 19:34:31,218 [WARN] PackLoader:240 - Cannot read IP mode file for STMicroelectronics.FP-ATR-ASTRA1.2.0.2
2025-10-25 19:34:31,311 [WARN] PackLoader:240 - Cannot read IP mode file for STMicroelectronics.X-CUBE-SMBUS.2.1.0
2025-10-25 19:34:31,345 [WARN] PackLoader:240 - Cannot read IP mode file for STMicroelectronics.X-CUBE-AZRTOS-F7.1.1.0
2025-10-25 19:34:31,363 [WARN] PackLoader:240 - Cannot read IP mode file for Cesanta.I-CUBE-Mongoose.7.19.0
2025-10-25 19:34:31,392 [WARN] PackLoader:240 - Cannot read IP mode file for WES.I-CUBE-Cesium.1.4.0
2025-10-25 19:34:31,435 [WARN] PackLoader:240 - Cannot read IP mode file for Infineon.AIROC-Wi-Fi-Bluetooth-STM32.1.7.1
2025-10-25 19:34:31,500 [WARN] PackLoader:240 - Cannot read IP mode file for STMicroelectronics.X-CUBE-AZRTOS-H7.3.4.0
2025-10-25 19:34:31,540 [WARN] PackLoader:240 - Cannot read IP mode file for STMicroelectronics.X-CUBE-DISPLAY.3.0.0
2025-10-25 19:34:31,594 [WARN] PackLoader:240 - Cannot read IP mode file for STMicroelectronics.X-CUBE-NFC10.1.0.0
2025-10-25 19:34:31,614 [WARN] PackLoader:240 - Cannot read IP mode file for STMicroelectronics.X-CUBE-ST60.1.1.0
2025-10-25 19:34:31,629 [WARN] PackLoader:240 - Cannot read IP mode file for emotas.I-CUBE-CANOPEN.1.3.0
2025-10-25 19:34:31,651 [WARN] PackLoader:240 - Cannot read IP mode file for STMicroelectronics.FP-SNS-STBOX1.2.1.0
2025-10-25 19:34:31,674 [WARN] PackLoader:240 - Cannot read IP mode file for STMicroelectronics.FP-SNS-SMARTAG2.1.2.0
2025-10-25 19:34:31,682 [WARN] PackLoader:240 - Cannot read IP mode file for STMicroelectronics.FP-SNS-FLIGHT1.5.1.0
2025-10-25 19:34:31,695 [INFO] LogOutputStream:77 - [STDOUT_REDIRECT] 1 : Invalid condition id : UX_CORESTACK_Condition cause : null
2025-10-25 19:34:31,706 [INFO] LogOutputStream:77 - [STDOUT_REDIRECT] 1 : Invalid condition id : UX_CORESTACK_Condition cause : null
2025-10-25 19:34:31,711 [INFO] LogOutputStream:77 - [STDOUT_REDIRECT] 1 : Invalid condition id : UX_CORESTACK_Condition cause : null
2025-10-25 19:34:31,714 [INFO] LogOutputStream:77 - [STDOUT_REDIRECT] 1 : Invalid condition id : UX_CORESTACK_Condition cause : null
2025-10-25 19:34:31,717 [INFO] LogOutputStream:77 - [STDOUT_REDIRECT] 1 : Invalid condition id : UX_CORESTACK_Condition cause : null
2025-10-25 19:34:31,721 [WARN] PackLoader:240 - Cannot read IP mode file for STMicroelectronics.X-CUBE-AZRTOS-WL.2.0.0
2025-10-25 19:34:31,732 [WARN] PackLoader:240 - Cannot read IP mode file for STMicroelectronics.FP-SNS-MOTENV1.5.0.0
2025-10-25 19:34:31,744 [WARN] PackLoader:240 - Cannot read IP mode file for STMicroelectronics.X-CUBE-BLE2.3.3.0
2025-10-25 19:34:31,751 [WARN] PackLoader:240 - Cannot read IP mode file for STMicroelectronics.X-CUBE-NFC9.1.0.0
2025-10-25 19:34:31,763 [WARN] PackLoader:240 - Cannot read IP mode file for wolfSSL.I-CUBE-wolfSSL.5.8.2
2025-10-25 19:34:31,770 [WARN] PackLoader:240 - Cannot read IP mode file for STMicroelectronics.X-CUBE-BLE1.7.1.0
2025-10-25 19:34:31,776 [WARN] PackLoader:240 - Cannot read IP mode file for wolfSSL.I-CUBE-wolfMQTT.1.19.2
2025-10-25 19:34:31,797 [WARN] PackLoader:240 - Cannot read IP mode file for STMicroelectronics.X-CUBE-EEPRMA1.5.2.0
2025-10-25 19:34:31,851 [WARN] PackLoader:240 - Cannot read IP mode file for STMicroelectronics.X-CUBE-ST67W61.1.1.0
2025-10-25 19:34:31,991 [WARN] PackLoader:240 - Cannot read IP mode file for STMicroelectronics.X-CUBE-AZRTOS-G0.1.1.0
2025-10-25 19:34:32,048 [WARN] PackLoader:240 - Cannot read IP mode file for STMicroelectronics.X-CUBE-SAFEA1.1.2.2
2025-10-25 19:34:32,106 [WARN] PackLoader:240 - Cannot read IP mode file for STMicroelectronics.X-CUBE-NFC4.3.0.0
2025-10-25 19:34:32,121 [WARN] PackLoader:240 - Cannot read IP mode file for EmbeddedOffice.I-CUBE-FS-RTOS.1.0.1
2025-10-25 19:34:32,139 [WARN] PackLoader:240 - Cannot read IP mode file for STMicroelectronics.X-CUBE-WB05N.2.0.0
2025-10-25 19:34:32,163 [WARN] PackLoader:240 - Cannot read IP mode file for wolfSSL.I-CUBE-wolfTPM.3.8.0
2025-10-25 19:34:32,205 [WARN] PackLoader:240 - Cannot read IP mode file for STMicroelectronics.X-CUBE-TCPP.4.2.0
2025-10-25 19:34:32,255 [INFO] WebApp:463 - Apply proxy settings
2025-10-25 19:34:32,266 [WARN] PackLoader:240 - Cannot read IP mode file for RealThread.X-CUBE-RT-Thread_Nano.4.1.1
2025-10-25 19:34:32,276 [INFO] WebApp:548 - Chromium requires no authentication
2025-10-25 19:34:32,284 [WARN] PackLoader:240 - Cannot read IP mode file for STMicroelectronics.FP-ATR-SIGFOX1.3.2.0
2025-10-25 19:34:32,296 [INFO] WebApp:491 - Direct internet connection detected
2025-10-25 19:34:32,298 [WARN] PackLoader:240 - Cannot read IP mode file for ITTIA_DB.I-CUBE-ITTIADB.8.9.0
2025-10-25 19:34:32,308 [WARN] PackLoader:240 - Cannot read IP mode file for STMicroelectronics.X-CUBE-AI.10.2.0
2025-10-25 19:34:32,330 [WARN] PackLoader:240 - Cannot read IP mode file for SEGGER.I-CUBE-embOS.1.3.1
2025-10-25 19:34:32,335 [INFO] WebApp:900 - Register for checkConnection events
2025-10-25 19:34:32,396 [WARN] PackLoader:240 - Cannot read IP mode file for STMicroelectronics.X-CUBE-ALGOBUILD.1.4.0
2025-10-25 19:34:32,406 [INFO] WebApp:463 - Apply proxy settings
2025-10-25 19:34:32,458 [INFO] WebApp:548 - Chromium requires no authentication
2025-10-25 19:34:32,451 [WARN] PackLoader:240 - Cannot read IP mode file for STMicroelectronics.X-CUBE-MEMS1.11.3.0
2025-10-25 19:34:32,466 [INFO] WebApp:491 - Direct internet connection detected
2025-10-25 19:34:32,642 [WARN] PackLoader:240 - Cannot read IP mode file for STMicroelectronics.X-CUBE-PM33A1.1.0.0
2025-10-25 19:34:32,719 [WARN] PackLoader:240 - Cannot read IP mode file for STMicroelectronics.X-CUBE-AZRTOS-F4.1.1.0
2025-10-25 19:34:32,797 [INFO] WebApp:191 - Connection restablished
2025-10-25 19:34:32,836 [WARN] PackLoader:240 - Cannot read IP mode file for STMicroelectronics.X-CUBE-ISPU.2.1.0
2025-10-25 19:34:32,890 [WARN] PackLoader:240 - Cannot read IP mode file for STMicroelectronics.X-CUBE-IPS.3.2.0
2025-10-25 19:34:32,941 [WARN] PackLoader:240 - Cannot read IP mode file for STMicroelectronics.X-CUBE-NFC12.1.0.0
2025-10-25 19:34:33,051 [WARN] PackLoader:240 - Cannot read IP mode file for STMicroelectronics.X-CUBE-AZRTOS-L5.2.0.0
2025-10-25 19:34:33,072 [INFO] WebApp:225 - Starting web application
2025-10-25 19:34:33,167 [WARN] PackLoader:240 - Cannot read IP mode file for STMicroelectronics.X-CUBE-NFC6.3.1.0
2025-10-25 19:34:33,235 [INFO] WebApp:593 - Web application path used C:\ST\STM32CubeIDE_1.19.0\STM32CubeIDE\plugins\com.st.stm32cube.common.mx_6.15.0.202507011659\db\plugins\mcufinder\reactClient1\index.html
2025-10-25 19:34:33,256 [WARN] PackLoader:240 - Cannot read IP mode file for STMicroelectronics.X-CUBE-FREERTOS.1.3.1
2025-10-25 19:34:33,363 [WARN] PackLoader:240 - Cannot read IP mode file for STMicroelectronics.X-CUBE-TOUCHGFX.4.26.0
2025-10-25 19:34:33,399 [WARN] PackLoader:240 - Cannot read IP mode file for STMicroelectronics.FP-SNS-STAIOTCFT.1.0.0
2025-10-25 19:34:33,418 [WARN] PackLoader:240 - Cannot read IP mode file for STMicroelectronics.X-CUBE-DPower.1.3.0
2025-10-25 19:34:33,438 [WARN] ConditionMgr:438 - getConditionDescription Invalid condition id : LAN8742 Phy interface Condition cause : null
2025-10-25 19:34:33,482 [WARN] PackLoader:240 - Cannot read IP mode file for STMicroelectronics.X-CUBE-AZRTOS-L4.2.0.0
2025-10-25 19:34:33,511 [WARN] ConditionMgr:1044 - genDependencies : Invalid condition id : LAN8742 Phy interface Condition cause : null
2025-10-25 19:34:33,591 [WARN] ConditionMgr:1044 - genDependencies : Invalid condition id : LAN8742 Phy interface Condition cause : null
2025-10-25 19:34:33,598 [WARN] ConditionMgr:1044 - genDependencies : Invalid condition id : LAN8742 Phy interface Condition cause : null
2025-10-25 19:34:33,618 [WARN] PackLoader:240 - Cannot read IP mode file for STMicroelectronics.X-CUBE-SFXS2LP1.4.0.0
2025-10-25 19:34:33,637 [WARN] PackLoader:240 - Cannot read IP mode file for STMicroelectronics.X-CUBE-BLEMGR.4.1.0
2025-10-25 19:34:33,663 [WARN] ConditionMgr:438 - getConditionDescription Invalid condition id : UX DEVICE CLASS RTOS Condition cause : null
2025-10-25 19:34:33,699 [WARN] ConditionMgr:438 - getConditionDescription Invalid condition id : UX DEVICE CLASS RTOS Condition cause : null
2025-10-25 19:34:33,704 [WARN] PackLoader:240 - Cannot read IP mode file for STMicroelectronics.X-CUBE-AZRTOS-WB.2.0.0
2025-10-25 19:34:33,721 [WARN] ConditionMgr:1044 - genDependencies : Invalid condition id : UX DEVICE CLASS RTOS Condition cause : null
2025-10-25 19:34:33,731 [WARN] ConditionMgr:1044 - genDependencies : Invalid condition id : UX DEVICE CLASS RTOS Condition cause : null
2025-10-25 19:34:33,851 [WARN] ConditionMgr:1044 - genDependencies : Invalid condition id : UX DEVICE CLASS RTOS Condition cause : null
2025-10-25 19:34:33,885 [WARN] ConditionMgr:1044 - genDependencies : Invalid condition id : UX DEVICE CLASS RTOS Condition cause : null
2025-10-25 19:34:33,903 [WARN] ConditionMgr:1044 - genDependencies : Invalid condition id : UX DEVICE CLASS RTOS Condition cause : null
2025-10-25 19:34:33,929 [WARN] PackLoader:240 - Cannot read IP mode file for STMicroelectronics.X-CUBE-GNSS1.7.0.1
2025-10-25 19:34:33,951 [WARN] ConditionMgr:438 - getConditionDescription Invalid condition id : Cortex-A Device cause : null
2025-10-25 19:34:33,983 [WARN] ConditionMgr:1044 - genDependencies : Invalid condition id : Cortex-A Device cause : null
2025-10-25 19:34:34,027 [WARN] ConditionMgr:1044 - genDependencies : Invalid condition id : Cortex-A Device cause : null
2025-10-25 19:34:34,039 [WARN] ConditionMgr:1044 - genDependencies : Invalid condition id : Cortex-A Device cause : null
2025-10-25 19:34:34,053 [WARN] PackLoader:240 - Cannot read IP mode file for STMicroelectronics.X-CUBE-SUBG2.5.0.0
2025-10-25 19:34:34,070 [WARN] PackLoader:240 - Cannot read IP mode file for STMicroelectronics.X-CUBE-AZRTOS-H7RS.1.1.0
2025-10-25 19:34:34,084 [WARN] PackLoader:240 - Cannot read IP mode file for STMicroelectronics.X-CUBE-AZRTOS-G4.2.0.0
2025-10-25 19:34:34,096 [WARN] PackLoader:240 - Cannot read IP mode file for wolfSSL.I-CUBE-wolfSSH.1.4.20
2025-10-25 19:34:34,103 [WARN] PackLoader:240 - Cannot read IP mode file for STMicroelectronics.X-CUBE-NFC7.2.0.0
2025-10-25 19:34:34,109 [WARN] PackLoader:240 - Cannot read IP mode file for STMicroelectronics.X-CUBE-ALS.1.0.2
2025-10-25 19:34:34,116 [WARN] PackLoader:240 - Cannot read IP mode file for STMicroelectronics.X-CUBE-STSE01.1.0.0
2025-10-25 19:34:34,127 [WARN] PackLoader:240 - Cannot read IP mode file for STMicroelectronics.X-CUBE-TOF1.3.4.3
2025-10-25 19:34:34,139 [INFO] ThirdParty:978 - Integrity check success = true
2025-10-25 19:34:34,139 [INFO] IntegrityCheckThread:100 - exiting critical section [integrity check]
2025-10-25 19:34:34,145 [INFO] IntegrityCheckThread:103 - End integrity checks thread
2025-10-25 19:36:32,036 [INFO] McuFinderGlobals:63 - Set McuFinder mode to 2 (CubeIDE integrated)
2025-10-25 19:36:33,551 [INFO] MainUpdater:2872 - connection check result : 10
2025-10-25 19:36:33,553 [INFO] MainUpdater:2872 - connection check result : 10
2025-10-25 19:36:33,587 [INFO] MicroXplorer:468 - Change Database Path : 
2025-10-25 19:36:33,589 [INFO] MicroXplorer:498 - Change Database Version : DB.6.0.150
2025-10-25 19:36:33,602 [WARN] ThirdParty:871 - waiting for thirdparty lock release [close project]
2025-10-25 19:36:33,604 [INFO] ThirdParty:873 - entering critical section [close project]
2025-10-25 19:36:33,612 [INFO] ThirdParty:883 - exiting critical section [close project]
2025-10-25 19:36:33,617 [INFO] PinOutPanel:1589 - setPackage(No Configuration,No Configuration)
2025-10-25 19:36:33,621 [INFO] UtilMem:75 - Begin LoadConfig() Used Memory: 324185744 Bytes (400556032)
2025-10-25 19:36:33,637 [INFO] MicroXplorer:468 - Change Database Path : 
2025-10-25 19:36:33,682 [INFO] MicroXplorer:498 - Change Database Version : DB.6.0.150
2025-10-25 19:36:33,700 [INFO] OpenFileManager:355 - Change cursor
2025-10-25 19:36:33,763 [INFO] Mcu:2029 - Initializing MCU STM32F401R(D-E)Tx STM32F401RETx STM32F401RET6
2025-10-25 19:36:35,533 [INFO] Context:786 - Trying to add GPIOservice into a context  which must be forbidden
2025-10-25 19:36:35,971 [INFO] ImportTextPane:234 - (OptionalMessage_ERROR) Pin16 (VP_RIF_VS_RIF1) cannot be retrieved for this MCU
2025-10-25 19:36:36,130 [INFO] RtosManager:558 - Registered RTOS mode: class=CMSIS, group=RTOS, mode=CMSIS_V1, owner=FREERTOS
2025-10-25 19:36:36,132 [INFO] RtosManager:558 - Registered RTOS mode: class=CMSIS, group=RTOS2, mode=CMSIS_V2, owner=FREERTOS
2025-10-25 19:36:36,133 [INFO] RtosManager:558 - Registered RTOS mode: class=RTOS, group=Core, mode=CMSIS_V1, owner=FREERTOS
2025-10-25 19:36:36,134 [INFO] RtosManager:558 - Registered RTOS mode: class=RTOS, group=Core, mode=CMSIS_V2, owner=FREERTOS
2025-10-25 19:36:36,135 [WARN] ModelIntegratedComponent:184 - Missing modes for component STMicroelectronics:FreeRTOS:0.0.1:STMicroelectronics:RTOS:FreeRTOS:Core:::10.2.0:
2025-10-25 19:36:36,162 [WARN] ModelIntegratedComponent:63 - No mode defined for component null
2025-10-25 19:36:36,163 [WARN] ModelIntegratedComponent:63 - No mode defined for component null
2025-10-25 19:36:36,164 [WARN] ModelIntegratedComponent:63 - No mode defined for component null
2025-10-25 19:36:36,165 [WARN] ModelIntegratedComponent:63 - No mode defined for component null
2025-10-25 19:36:36,165 [WARN] ModelIntegratedComponent:63 - No mode defined for component null
2025-10-25 19:36:36,166 [WARN] ModelIntegratedComponent:63 - No mode defined for component null
2025-10-25 19:36:36,167 [WARN] ModelIntegratedComponent:63 - No mode defined for component null
2025-10-25 19:36:36,167 [WARN] ModelIntegratedComponent:63 - No mode defined for component null
2025-10-25 19:36:36,168 [WARN] ModelIntegratedComponent:63 - No mode defined for component null
2025-10-25 19:36:36,172 [WARN] ModelIntegratedComponent:63 - No mode defined for component null
2025-10-25 19:36:36,192 [WARN] ModelIntegratedComponent:63 - No mode defined for component null
2025-10-25 19:36:36,193 [WARN] ModelIntegratedComponent:63 - No mode defined for component null
2025-10-25 19:36:36,194 [WARN] ModelIntegratedComponent:63 - No mode defined for component null
2025-10-25 19:36:36,195 [WARN] ModelIntegratedComponent:63 - No mode defined for component null
2025-10-25 19:36:36,195 [WARN] ModelIntegratedComponent:63 - No mode defined for component null
2025-10-25 19:36:36,196 [WARN] ModelIntegratedComponent:63 - No mode defined for component null
2025-10-25 19:36:36,197 [WARN] ModelIntegratedComponent:63 - No mode defined for component null
2025-10-25 19:36:36,198 [WARN] ModelIntegratedComponent:63 - No mode defined for component null
2025-10-25 19:36:36,198 [WARN] ModelIntegratedComponent:63 - No mode defined for component null
2025-10-25 19:36:36,199 [WARN] ModelIntegratedComponent:63 - No mode defined for component null
2025-10-25 19:36:36,199 [WARN] ModelIntegratedComponent:63 - No mode defined for component null
2025-10-25 19:36:36,200 [WARN] ModelIntegratedComponent:63 - No mode defined for component null
2025-10-25 19:36:36,201 [WARN] ModelIntegratedComponent:63 - No mode defined for component null
2025-10-25 19:36:36,202 [WARN] ModelIntegratedComponent:63 - No mode defined for component null
2025-10-25 19:36:36,202 [WARN] ModelIntegratedComponent:63 - No mode defined for component null
2025-10-25 19:36:36,203 [WARN] ModelIntegratedComponent:63 - No mode defined for component null
2025-10-25 19:36:36,204 [WARN] ModelIntegratedComponent:63 - No mode defined for component null
2025-10-25 19:36:36,206 [WARN] ModelIntegratedComponent:63 - No mode defined for component null
2025-10-25 19:36:36,213 [WARN] ModelIntegratedComponent:63 - No mode defined for component null
2025-10-25 19:36:36,222 [WARN] ModelIntegratedComponent:63 - No mode defined for component null
2025-10-25 19:36:36,228 [WARN] ModelIntegratedComponent:63 - No mode defined for component null
2025-10-25 19:36:36,228 [WARN] ModelIntegratedComponent:63 - No mode defined for component null
2025-10-25 19:36:36,229 [WARN] ModelIntegratedComponent:63 - No mode defined for component null
2025-10-25 19:36:36,230 [WARN] ModelIntegratedComponent:63 - No mode defined for component null
2025-10-25 19:36:36,230 [WARN] ModelIntegratedComponent:63 - No mode defined for component null
2025-10-25 19:36:36,231 [WARN] ModelPack:524 - Component already loaded: STMicroelectronics:HAL Drivers:0.0.0:STMicroelectronics:Device:STMicro_Driver:XSPI:HAL::0.0.1:HAL_XSPI
2025-10-25 19:36:36,362 [INFO] ThirdPartyModel:298 - Start build external matchings
2025-10-25 19:36:36,796 [INFO] ThirdPartyModel:316 - End build external matchings
2025-10-25 19:36:36,817 [INFO] ImportTextPane:234 - (OptionalMessage_ERROR) IP (RCC) : Parameter (RTCHSEDivFreq_Value) has invalid value (4000000)
2025-10-25 19:36:37,228 [INFO] ApiDb:581 - Connected to CubeFinder SQLite database (C:\Users\s2rajago\.stmcufinder\plugins\mcufinder\mcu\cube-finder-db.db)
2025-10-25 19:36:37,318 [INFO] ApiDb:668 - CubeFinder database Data Model version=2.1
2025-10-25 19:36:37,319 [INFO] ApiDb:669 - CubeFinder database Configuration version=3.0.39
2025-10-25 19:36:37,320 [INFO] ApiDb:670 - CubeFinder database generation date=2025-06-24 (1750757100)
2025-10-25 19:36:37,320 [INFO] ApiDb:671 - CubeFinder database FW Pack versions=[FP-ATR-ASTRA1_V2.0.0, FP-SNS-FLIGHT1_V5.1.0, FP-SNS-MOTENV1_V5.0.0, FP-SNS-MOTENVWB1_V1.4.0, FP-SNS-SMARTAG2_V1.2.0, FP-SNS-STBOX1_V2.0.0, STM32Cube_FW_C0_V1.4.0, STM32Cube_FW_F4_V1.28.2, STM32Cube_FW_F7_V1.17.3, STM32Cube_FW_G0_V1.6.2, STM32Cube_FW_G4_V1.6.1, STM32Cube_FW_H5_V1.5.0, STM32Cube_FW_H7RS_V1.2.0, STM32Cube_FW_H7_V1.12.1, STM32Cube_FW_L0_V1.12.2, STM32Cube_FW_L4_V1.18.1, STM32Cube_FW_L5_V1.5.1, STM32Cube_FW_N6_V1.2.0, STM32Cube_FW_U0_V1.3.0, STM32Cube_FW_U3_V1.2.0, STM32Cube_FW_U5_V1.8.0, STM32Cube_FW_WB0_V1.3.0, STM32Cube_FW_WBA_V1.7.0, STM32Cube_FW_WB_V1.23.0, STM32Cube_FW_WL3_V1.2.0, STM32Cube_FW_WL_V1.3.1, X-CUBE-ALGOBUILD_V1.4.0, X-CUBE-ALS_V1.0.2, X-CUBE-AZRTOS-F4_V1.1.0, X-CUBE-AZRTOS-F7_V1.1.0, X-CUBE-AZRTOS-G0_V1.1.0, X-CUBE-AZRTOS-G4_V2.0.0, X-CUBE-AZRTOS-H7RS_V1.1.0, X-CUBE-AZRTOS-H7_V3.3.0, X-CUBE-AZRTOS-L4_V2.0.0, X-CUBE-AZRTOS-L5_V2.0.0, X-CUBE-AZRTOS-WB_V2.0.0, X-CUBE-AZRTOS-WL_V2.0.0, X-CUBE-BLE1_V7.1.0, X-CUBE-BLE2_V3.3.0, X-CUBE-BLEMGR_V4.0.0, X-CUBE-EEPRMA1_V5.1.0, X-CUBE-FREERTOS_V1.3.1, X-CUBE-GNSS1_V6.0.0, X-CUBE-MEMS1_V11.3.0, X-CUBE-NFC4_V3.0.0, X-CUBE-NFC7_V2.0.0, X-CUBE-SFXS2LP1_V4.0.0, X-CUBE-SUBG2_V5.0.0, X-CUBE-TOF1_V3.4.3]
2025-10-25 19:36:37,391 [INFO] DbBoardsSqlite:226 - include board P-NUCLEO-WB55-NUCLEO as a kit item of type 'Nucleo-64'
2025-10-25 19:36:37,392 [INFO] DbBoardsSqlite:226 - include board P-NUCLEO-WB55-USBDONGLE as a kit item of type 'Nucleo USB Dongle'
2025-10-25 19:36:37,393 [INFO] DbBoardsSqlite:226 - include board STEVAL-IDP005V1 as a kit item of type 'Evaluation Board'
2025-10-25 19:36:37,393 [INFO] DbBoardsSqlite:226 - include board STEVAL-IDP005V2 as a kit item of type 'Evaluation Board'
2025-10-25 19:36:37,479 [INFO] ApiDb:240 - Found 880 in-development CPN: [B-G473E-ZEST1S, B-WB1M-WPAN1, B-WBA5M-WPAN, B-WL5M-SUBG1, NUCLEO-C031C6, NUCLEO-C051C8, NUCLEO-C071RB, NUCLEO-C092RC, NUCLEO-H503RB, NUCLEO-H533RE, NUCLEO-H563ZI, NUCLEO-H7S3L8, NUCLEO-N657X0-Q, NUCLEO-U031R8, NUCLEO-U083RC, NUCLEO-U385RG-Q, NUCLEO-U545RE-Q, NUCLEO-U5A5ZJ-Q, NUCLEO-WB05KZ, NUCLEO-WB07CC, NUCLEO-WB09KE, NUCLEO-WBA52CG, NUCLEO-WBA55CG, NUCLEO-WL33CC1, NUCLEO-WL33CC2, STEVAL-PROTEUS1, STEVAL-SMARTAG2, STEVAL-STWINBX1, STM320518-EVAL, STM32C0116-DK, STM32C011D6Y3TR, STM32C011D6Y6TR, STM32C011F4P3, STM32C011F4P6, STM32C011F4U3, STM32C011F4U6TR, STM32C011F6P3, STM32C011F6P6, STM32C011F6U3, STM32C011F6U6TR, STM32C011J4M3, STM32C011J4M6, STM32C011J6M3, STM32C011J6M6, STM32C0316-DK, STM32C031C4T3, STM32C031C4T6, STM32C031C4U3, STM32C031C4U6, STM32C031C6T3, STM32C031C6T6, STM32C031C6U3, STM32C031C6U6, STM32C031F4P3, STM32C031F4P6, STM32C031F6P3, STM32C031F6P6, STM32C031G4U3, STM32C031G4U6, STM32C031G6U3, STM32C031G6U6, STM32C031K4T3, STM32C031K4T6, STM32C031K4U3, STM32C031K4U6, STM32C031K6T3, STM32C031K6T6, STM32C031K6U3, STM32C031K6U6, STM32C051C6T6, STM32C051C6U6, STM32C051C8T6, STM32C051C8U6, STM32C051D8Y6TR, STM32C051F6P6, STM32C051F8P6, STM32C051G6U6, STM32C051G8U6, STM32C051K6T6, STM32C051K6U6, STM32C051K8T6, STM32C071C8T6, STM32C071C8T6N, STM32C071C8U6, STM32C071C8U6N, STM32C071CBT6, STM32C071CBT6N, STM32C071CBU6, STM32C071CBU6N, STM32C071F8P6, STM32C071F8P6N, STM32C071FBP6, STM32C071FBP6N, STM32C071FBY6TR, STM32C071G8U6, STM32C071G8U6N, STM32C071GBU6, STM32C071GBU6N, STM32C071K8T6, STM32C071K8T6N, STM32C071K8U6, STM32C071K8U6N, STM32C071KBT6, STM32C071KBT6N, STM32C071KBU6, STM32C071KBU6N, STM32C071R8T6, STM32C071R8T6N, STM32C071RBI6N, STM32C071RBT6, STM32C071RBT6N, STM32C091CBT6, STM32C091CBU6, STM32C091CCT6, STM32C091CCU6, STM32C091ECY6TR, STM32C091FBP6, STM32C091FCP6, STM32C091GBU6, STM32C091GCU6, STM32C091KBT6, STM32C091KBU6, STM32C091KCT6, STM32C091KCU6, STM32C091RBT6, STM32C091RCI6, STM32C091RCT6, STM32C092CBT6, STM32C092CBU6, STM32C092CCT6, STM32C092CCU6, STM32C092ECY6TR, STM32C092FBP6, STM32C092FCP6, STM32C092GBU6, STM32C092GCU6, STM32C092KBT6, STM32C092KBU6, STM32C092KCT6, STM32C092KCU6, STM32C092RBT6, STM32C092RCI6, STM32C092RCT6, STM32G071K8TXN, STM32G071K8UXN, STM32G081GBU6N, STM32G081KBT6N, STM32G081KBUXN, STM32G0B1CCT6N, STM32G0B1KCT6, STM32G0B1NEY6TR, STM32G0B1RCT6N, STM32G0C1CCT6, STM32G0C1CCT6N, STM32G0C1CCU6N, STM32G0C1CET6N, STM32G0C1CEU6N, STM32G0C1KCT6, STM32G0C1NEY6TR, STM32G0C1RCI6N, STM32G0C1RCT6N, STM32G0C1REI6N, STM32G0C1RET6N, STM32G0C1VCI6, STM32G0C1VEI6, STM32G411C6T3, STM32G411C6T6, STM32G411C6U3, STM32G411C6U6, STM32G411C8T3, STM32G411C8T6, STM32G411C8U3, STM32G411C8U6, STM32G411CBT3, STM32G411CBT6, STM32G411CBU3, STM32G411CBU6, STM32G411K6T3, STM32G411K6T6, STM32G411K6U3, STM32G411K6U6, STM32G411K8T3, STM32G411K8T6, STM32G411K8U3, STM32G411K8U6, STM32G411KBT3, STM32G411KBT6, STM32G411KBU3, STM32G411KBU6, STM32G411M6T3, STM32G411M6T6, STM32G411M8T3, STM32G411M8T6, STM32G411MBT3, STM32G411MBT6, STM32G411R6T3, STM32G411R6T6, STM32G411R8T3, STM32G411R8T6, STM32G411RBT3, STM32G411RBT6, STM32G414CBT3, STM32G414CBT6, STM32G414CBU3, STM32G414CBU6, STM32G414CCT3, STM32G414CCT6, STM32G414CCU3, STM32G414CCU6, STM32G414MBT3, STM32G414MBT6, STM32G414MCT3, STM32G414MCT6, STM32G414RBT3, STM32G414RBT6, STM32G414RCT3, STM32G414RCT6, STM32G414VBT3, STM32G414VBT6, STM32G414VCT3, STM32G414VCT6, STM32G431CBT3Z, STM32G431RBT3Z, STM32G471CCT6, STM32G471CCU6, STM32G471CET3, STM32G471CET6, STM32G471CEU3, STM32G471CEU6, STM32G471MCT6, STM32G471MET3, STM32G471MET6, STM32G471MEY6TR, STM32G471QCT6, STM32G471QET3, STM32G471RCT6, STM32G471RET3, STM32G471RET6, STM32G471VCH6, STM32G471VCI6, STM32G471VCT6, STM32G471VEH3, STM32G471VEH6, STM32G471VEI3, STM32G471VEI6, STM32G471VET3, STM32G471VET6, STM32G473QET3Z, STM32G473RET3Z, STM32G474CCT6, STM32G491RET3Z, STM32H503CBT6, STM32H503CBU6, STM32H503EBY6TR, STM32H503KBU6, STM32H503RBT6, STM32H523CCT6, STM32H523CCU6, STM32H523CET6, STM32H523CEU6, STM32H523HEY6TR, STM32H523RCT6, STM32H523RET6, STM32H523VCI6, STM32H523VCT6, STM32H523VEI6, STM32H523VET6, STM32H523ZCJ6, STM32H523ZCT6, STM32H523ZEJ6, STM32H523ZET6, STM32H533CET6, STM32H533CEU6, STM32H533HEY6TR, STM32H533RET6, STM32H533VEI6, STM32H533VET6, STM32H533ZEJ6, STM32H533ZET6, STM32H562AGI6, STM32H562AII6, STM32H562IGK6, STM32H562IGT6, STM32H562IIK6, STM32H562IIT6, STM32H562RGT6, STM32H562RGV6, STM32H562RIT6, STM32H562RIV6, STM32H562VGT6, STM32H562VIT6, STM32H562ZGT6, STM32H562ZIT6, STM32H563AGI6, STM32H563AII3Q, STM32H563AII6, STM32H563IGK6, STM32H563IGT6, STM32H563IIK3Q, STM32H563IIK6, STM32H563IIT3Q, STM32H563IIT6, STM32H563MIY3QTR, STM32H563RGT6, STM32H563RGV6, STM32H563RIT6, STM32H563RIV6, STM32H563VGT6, STM32H563VIT3Q, STM32H563VIT6, STM32H563ZGT6, STM32H563ZIT3Q, STM32H563ZIT6, STM32H573AII3Q, STM32H573AII6, STM32H573I-DK, STM32H573IIK3Q, STM32H573IIK6, STM32H573IIT3Q, STM32H573IIT6, STM32H573MIY3QTR, STM32H573RIT6, STM32H573RIV6, STM32H573VIT3Q, STM32H573VIT6, STM32H573ZIT3Q, STM32H573ZIT6, STM32H7R3A8I6, STM32H7R3I8K6, STM32H7R3I8T6, STM32H7R3L8H6, STM32H7R3L8H6H, STM32H7R3R8V6, STM32H7R3V8H6, STM32H7R3V8T6, STM32H7R3V8Y6TR, STM32H7R3Z8J6, STM32H7R3Z8T6, STM32H7R7A8I6, STM32H7R7I8K6, STM32H7R7I8T6, STM32H7R7L8H6, STM32H7R7L8H6H, STM32H7R7Z8J6, STM32H7S3A8I6, STM32H7S3I8K6, STM32H7S3I8T6, STM32H7S3L8H6, STM32H7S3L8H6H, STM32H7S3R8V6, STM32H7S3V8H6, STM32H7S3V8T6, STM32H7S3V8Y6TR, STM32H7S3Z8J6, STM32H7S3Z8T6, STM32H7S78-DK, STM32H7S7A8I6, STM32H7S7I8K6, STM32H7S7I8T6, STM32H7S7L8H6, STM32H7S7L8H6H, STM32H7S7Z8J6, STM32L4R5QGI6STR, STM32MP131AAE3, STM32MP131AAF3, STM32MP131AAG3, STM32MP131CAE3, STM32MP131CAF3, STM32MP131CAG3, STM32MP131DAE7, STM32MP131DAF7, STM32MP131DAG7, STM32MP131FAE7, STM32MP131FAF7, STM32MP131FAG7, STM32MP133AAE3, STM32MP133AAF3, STM32MP133AAG3, STM32MP133CAE3, STM32MP133CAF3, STM32MP133CAG3, STM32MP133DAE7, STM32MP133DAF7, STM32MP133DAG7, STM32MP133FAE7, STM32MP133FAF7, STM32MP133FAG7, STM32MP135AAE3, STM32MP135AAF3, STM32MP135AAG3, STM32MP135CAE3, STM32MP135CAF3, STM32MP135CAG3, STM32MP135DAE7, STM32MP135DAF7, STM32MP135DAG7, STM32MP135F-DK, STM32MP135FAE7, STM32MP135FAF7, STM32MP135FAF7T, STM32MP135FAF7U, STM32MP135FAG7, STM32MP211AAL3, STM32MP211AAM3, STM32MP211AAN3, STM32MP211AAO3, STM32MP211CAL3, STM32MP211CAM3, STM32MP211CAN3, STM32MP211CAO3, STM32MP211DAL3, STM32MP211DAM3, STM32MP211DAN3, STM32MP211DAO3, STM32MP211FAL3, STM32MP211FAM3, STM32MP211FAN3, STM32MP211FAO3, STM32MP213AAL3, STM32MP213AAM3, STM32MP213AAN3, STM32MP213AAO3, STM32MP213CAL3, STM32MP213CAM3, STM32MP213CAN3, STM32MP213CAO3, STM32MP213DAL3, STM32MP213DAM3, STM32MP213DAN3, STM32MP213DAO3, STM32MP213FAL3, STM32MP213FAM3, STM32MP213FAN3, STM32MP213FAO3, STM32MP215AAL3, STM32MP215AAM3, STM32MP215AAN3, STM32MP215AAO3, STM32MP215CAL3, STM32MP215CAM3, STM32MP215CAN3, STM32MP215CAO3, STM32MP215DAL3, STM32MP215DAM3, STM32MP215DAN3, STM32MP215DAO3, STM32MP215F-DK, STM32MP215FAL3, STM32MP215FAM3, STM32MP215FAN3, STM32MP215FAO3, STM32MP231AAJ3, STM32MP231AAK3, STM32MP231AAL3, STM32MP231CAJ3, STM32MP231CAK3, STM32MP231CAL3, STM32MP231DAJ3, STM32MP231DAK3, STM32MP231DAL3, STM32MP231FAJ3, STM32MP231FAK3, STM32MP231FAL3, STM32MP233AAJ3, STM32MP233AAK3, STM32MP233AAL3, STM32MP233CAJ3, STM32MP233CAK3, STM32MP233CAL3, STM32MP233DAJ3, STM32MP233DAK3, STM32MP233DAL3, STM32MP233FAJ3, STM32MP233FAK3, STM32MP233FAL3, STM32MP235AAJ3, STM32MP235AAK3, STM32MP235AAL3, STM32MP235CAJ3, STM32MP235CAK3, STM32MP235CAL3, STM32MP235DAJ3, STM32MP235DAK3, STM32MP235DAL3, STM32MP235FAJ3, STM32MP235FAK3, STM32MP235FAL3, STM32MP251AAI3, STM32MP251AAK3, STM32MP251AAL3, STM32MP251CAI3, STM32MP251CAK3, STM32MP251CAL3, STM32MP251DAI3, STM32MP251DAK3, STM32MP251DAL3, STM32MP251FAI3, STM32MP251FAK3, STM32MP251FAL3, STM32MP253AAI3, STM32MP253AAK3, STM32MP253AAL3, STM32MP253CAI3, STM32MP253CAK3, STM32MP253CAL3, STM32MP253DAI3, STM32MP253DAK3, STM32MP253DAL3, STM32MP253FAI3, STM32MP253FAK3, STM32MP253FAL3, STM32MP255AAI3, STM32MP255AAK3, STM32MP255AAL3, STM32MP255CAI3, STM32MP255CAK3, STM32MP255CAL3, STM32MP255DAI3, STM32MP255DAK3, STM32MP255DAL3, STM32MP255FAI3, STM32MP255FAK3, STM32MP255FAL3, STM32MP257AAI3, STM32MP257AAK3, STM32MP257AAL3, STM32MP257CAI3, STM32MP257CAK3, STM32MP257CAL3, STM32MP257DAI3, STM32MP257DAK3, STM32MP257DAL3, STM32MP257F-DK, STM32MP257F-EV1, STM32MP257FAI3, STM32MP257FAK3, STM32MP257FAL3, STM32N645A0H3Q, STM32N645B0H3Q, STM32N645I0H3Q, STM32N645L0H3Q, STM32N645X0H3Q, STM32N645Z0H3Q, STM32N647A0H3Q, STM32N647B0H3Q, STM32N647I0H3Q, STM32N647L0H3Q, STM32N647X0H3Q, STM32N647Z0H3Q, STM32N655A0H3Q, STM32N655B0H3Q, STM32N655I0H3Q, STM32N655L0H3Q, STM32N655X0H3Q, STM32N655Z0H3Q, STM32N6570-DK, STM32N657A0H3Q, STM32N657B0H3Q, STM32N657I0H3Q, STM32N657L0H3Q, STM32N657X0H3Q, STM32N657Z0H3Q, STM32U031C6T6, STM32U031C6U6, STM32U031C8T6, STM32U031C8U6, STM32U031F4P6, STM32U031F6P6, STM32U031F8P6, STM32U031G6Y6TR, STM32U031G8Y6TR, STM32U031K4U6, STM32U031K6U6, STM32U031K8U6, STM32U031R6I6, STM32U031R6T6, STM32U031R8I6, STM32U031R8T6, STM32U073C8T6, STM32U073C8U6, STM32U073CBT6, STM32U073CBU6, STM32U073CCT6, STM32U073CCU6, STM32U073H8Y6TR, STM32U073HBY6TR, STM32U073HCY6TR, STM32U073K8U6, STM32U073KBU6, STM32U073KCU6, STM32U073M8I6, STM32U073M8T6, STM32U073MBI6, STM32U073MBT6, STM32U073MCI6, STM32U073MCT6, STM32U073R8I6, STM32U073R8T6, STM32U073RBI6, STM32U073RBT6, STM32U073RCI6, STM32U073RCT6, STM32U083C-DK, STM32U083CCT6, STM32U083CCU6, STM32U083HCY6TR, STM32U083KCU6, STM32U083MCI6, STM32U083MCT6, STM32U083RCI6, STM32U083RCT6, STM32U375CET6, STM32U375CET6Q, STM32U375CEU6, STM32U375CEU6Q, STM32U375CEY6QTR, STM32U375CGT6, STM32U375CGT6Q, STM32U375CGU6, STM32U375CGU6Q, STM32U375CGY6QTR, STM32U375KEU6, STM32U375KGU6, STM32U375REI6, STM32U375REI6Q, STM32U375RET6, STM32U375RET6Q, STM32U375REY6GTR, STM32U375REY6QTR, STM32U375RGI6, STM32U375RGI6Q, STM32U375RGT6, STM32U375RGT6Q, STM32U375RGY6GTR, STM32U375RGY6QTR, STM32U375VEI6, STM32U375VEI6Q, STM32U375VET6, STM32U375VET6Q, STM32U375VGI6, STM32U375VGI6Q, STM32U375VGT6, STM32U375VGT6Q, STM32U385CGT6, STM32U385CGT6Q, STM32U385CGU6, STM32U385CGU6Q, STM32U385CGY6QTR, STM32U385KGU6, STM32U385RGI6, STM32U385RGI6Q, STM32U385RGT6, STM32U385RGT6Q, STM32U385RGY6GTR, STM32U385RGY6QTR, STM32U385VGI6, STM32U385VGI6Q, STM32U385VGT6, STM32U385VGT6Q, STM32U535CBT6, STM32U535CBT6Q, STM32U535CBU6, STM32U535CBU6Q, STM32U535CCT6, STM32U535CCT6Q, STM32U535CCU6, STM32U535CCU6Q, STM32U535CET6, STM32U535CET6Q, STM32U535CEU6, STM32U535CEU6Q, STM32U535JEY6QTR, STM32U535NCY6QTR, STM32U535NEY6QTR, STM32U535RBI6, STM32U535RBI6Q, STM32U535RBT6, STM32U535RBT6Q, STM32U535RCI6, STM32U535RCI6Q, STM32U535RCT6, STM32U535RCT6Q, STM32U535REI6, STM32U535REI6Q, STM32U535RET6, STM32U535RET6Q, STM32U535VCI6, STM32U535VCI6Q, STM32U535VCT6, STM32U535VCT6Q, STM32U535VEI6, STM32U535VEI6Q, STM32U535VET6, STM32U535VET6Q, STM32U545CET6, STM32U545CET6Q, STM32U545CEU6, STM32U545CEU6Q, STM32U545JEY6QTR, STM32U545NEY6QTR, STM32U545REI6, STM32U545REI6Q, STM32U545RET6, STM32U545RET6Q, STM32U545VEI6, STM32U545VEI6Q, STM32U545VET6, STM32U545VET6Q, STM32U595AIH6, STM32U595AIH6Q, STM32U595AJH6, STM32U595AJH6Q, STM32U595QII6, STM32U595QII6Q, STM32U595QJI6, STM32U595QJI6Q, STM32U595RIT6, STM32U595RIT6Q, STM32U595RJT6, STM32U595RJT6Q, STM32U595VIT6, STM32U595VIT6Q, STM32U595VJT6, STM32U595VJT6Q, STM32U595ZIT6, STM32U595ZIT6Q, STM32U595ZIY6QTR, STM32U595ZJT6, STM32U595ZJT6Q, STM32U595ZJY6QTR, STM32U599BJY6QTR, STM32U599NIH6Q, STM32U599NJH6Q, STM32U599VIT6Q, STM32U599VJT6, STM32U599VJT6Q, STM32U599ZIT6Q, STM32U599ZIY6QTR, STM32U599ZJT6Q, STM32U599ZJY6QTR, STM32U5A5AJH6, STM32U5A5AJH6Q, STM32U5A5QII3Q , STM32U5A5QJI6, STM32U5A5QJI6Q, STM32U5A5RJT6, STM32U5A5RJT6Q, STM32U5A5VJT6, STM32U5A5VJT6Q, STM32U5A5ZJT6, STM32U5A5ZJT6Q, STM32U5A5ZJY6QTR, STM32U5A9BJY6QTR, STM32U5A9J-DK, STM32U5A9NJH6Q, STM32U5A9VJT6Q, STM32U5A9ZJT6Q, STM32U5A9ZJY6QTR, STM32U5F7VIT6, STM32U5F7VIT6Q, STM32U5F7VJT6, STM32U5F7VJT6Q, STM32U5F9BJY6QTR, STM32U5F9NJH6Q, STM32U5F9VIT6Q, STM32U5F9VJT6Q, STM32U5F9ZIJ6QTR, STM32U5F9ZIT6Q, STM32U5F9ZJJ6QTR, STM32U5F9ZJT6Q, STM32U5G7VJT6, STM32U5G7VJT6Q, STM32U5G9BJY6QTR, STM32U5G9J-DK1, STM32U5G9J-DK2, STM32U5G9NJH6Q, STM32U5G9VJT6Q, STM32U5G9ZJJ6QTR, STM32U5G9ZJT6Q, STM32WB05KZV6TR, STM32WB05KZV7TR, STM32WB05TZF6TR, STM32WB05TZF7TR, STM32WB06CCF6TR, STM32WB06CCF7TR, STM32WB06CCV6TR, STM32WB06CCV7TR, STM32WB06KCV6TR, STM32WB06KCV7TR, STM32WB07CCF6TR, STM32WB07CCF7TR, STM32WB07CCV6TR, STM32WB07CCV7TR, STM32WB07KCV6TR, STM32WB07KCV7TR, STM32WB09KEV6TR, STM32WB09KEV7TR, STM32WB09TEF6TR, STM32WB09TEF7TR, STM32WB1MMCH6, STM32WBA50KGU6, STM32WBA50KGU6TR, STM32WBA52CEU6, STM32WBA52CEU6TR, STM32WBA52CEU7, STM32WBA52CEU7TR, STM32WBA52CGU6, STM32WBA52CGU6TR, STM32WBA52CGU6U, STM32WBA52CGU7, STM32WBA52CGU7TR, STM32WBA52KEU6, STM32WBA52KEU6TR, STM32WBA52KGU6, STM32WBA52KGU6TR, STM32WBA54CEU6, STM32WBA54CEU6TR, STM32WBA54CEU7, STM32WBA54CEU7TR, STM32WBA54CGU6, STM32WBA54CGU6TR, STM32WBA54CGU7, STM32WBA54CGU7TR, STM32WBA54KEU6, STM32WBA54KEU6TR, STM32WBA54KEU7, STM32WBA54KEU7TR, STM32WBA54KGU6, STM32WBA54KGU6TR, STM32WBA54KGU7, STM32WBA54KGU7TR, STM32WBA55CEU6, STM32WBA55CEU6TR, STM32WBA55CEU7, STM32WBA55CEU7TR, STM32WBA55CGU6, STM32WBA55CGU6TR, STM32WBA55CGU6U, STM32WBA55CGU7, STM32WBA55CGU7TR, STM32WBA55G-DK1, STM32WBA55HEF6, STM32WBA55HEF7, STM32WBA55HGF6, STM32WBA55HGF7, STM32WBA55UEI6, STM32WBA55UEI6TR, STM32WBA55UEI7, STM32WBA55UEI7TR, STM32WBA55UGI6, STM32WBA55UGI6TR, STM32WBA55UGI7, STM32WBA55UGI7TR, STM32WBA5MMGH6TR, STM32WBA62MGF6, STM32WBA62MIF6, STM32WBA65MGF7, STM32WBA65MIF6, STM32WBA65MIF7, STM32WL30K8V6, STM32WL30KBV6, STM32WL31C8V6, STM32WL31CBV6, STM32WL31K8V6, STM32WL31KBV6, STM32WL33C8V6, STM32WL33C8V6X, STM32WL33CBV6, STM32WL33CBV6X, STM32WL33CCV6, STM32WL33CCV6A, STM32WL33CCV6X, STM32WL33K8V7, STM32WL33K8V7X, STM32WL33KBV7 , STM32WL33KBV7X, STM32WL33KCV7, STM32WL33KCV7X, STM32WL5MOCH6, STM32WL5MOCH6TR]
2025-10-25 19:36:37,784 [INFO] BoardInfo:889 - No configuration file found for board P-NUCLEO-WB55
2025-10-25 19:36:37,787 [INFO] DbBoards:161 - Kit is not supported: P-NUCLEO-WB55
2025-10-25 19:36:37,798 [INFO] BoardInfo:889 - No configuration file found for board STEVAL-BFA001V1B
2025-10-25 19:36:37,800 [INFO] DbBoards:161 - Kit is not supported: STEVAL-BFA001V1B
2025-10-25 19:36:37,802 [INFO] BoardInfo:889 - No configuration file found for board STEVAL-BFA001V2B
2025-10-25 19:36:37,805 [INFO] DbBoards:161 - Kit is not supported: STEVAL-BFA001V2B
2025-10-25 19:36:38,134 [INFO] DbBoards:168 - Found 212 boards, 209 are supported
2025-10-25 19:36:38,135 [INFO] DbBoards:169 - Found 212 boards, 43 of them is supported for  Bsp
2025-10-25 19:36:38,140 [INFO] ApiDb:668 - CubeFinder database Data Model version=2.1
2025-10-25 19:36:38,141 [INFO] ApiDb:669 - CubeFinder database Configuration version=3.0.39
2025-10-25 19:36:38,142 [INFO] ApiDb:670 - CubeFinder database generation date=2025-06-24 (1750757100)
2025-10-25 19:36:38,142 [INFO] ApiDb:671 - CubeFinder database FW Pack versions=[FP-ATR-ASTRA1_V2.0.0, FP-SNS-FLIGHT1_V5.1.0, FP-SNS-MOTENV1_V5.0.0, FP-SNS-MOTENVWB1_V1.4.0, FP-SNS-SMARTAG2_V1.2.0, FP-SNS-STBOX1_V2.0.0, STM32Cube_FW_C0_V1.4.0, STM32Cube_FW_F4_V1.28.2, STM32Cube_FW_F7_V1.17.3, STM32Cube_FW_G0_V1.6.2, STM32Cube_FW_G4_V1.6.1, STM32Cube_FW_H5_V1.5.0, STM32Cube_FW_H7RS_V1.2.0, STM32Cube_FW_H7_V1.12.1, STM32Cube_FW_L0_V1.12.2, STM32Cube_FW_L4_V1.18.1, STM32Cube_FW_L5_V1.5.1, STM32Cube_FW_N6_V1.2.0, STM32Cube_FW_U0_V1.3.0, STM32Cube_FW_U3_V1.2.0, STM32Cube_FW_U5_V1.8.0, STM32Cube_FW_WB0_V1.3.0, STM32Cube_FW_WBA_V1.7.0, STM32Cube_FW_WB_V1.23.0, STM32Cube_FW_WL3_V1.2.0, STM32Cube_FW_WL_V1.3.1, X-CUBE-ALGOBUILD_V1.4.0, X-CUBE-ALS_V1.0.2, X-CUBE-AZRTOS-F4_V1.1.0, X-CUBE-AZRTOS-F7_V1.1.0, X-CUBE-AZRTOS-G0_V1.1.0, X-CUBE-AZRTOS-G4_V2.0.0, X-CUBE-AZRTOS-H7RS_V1.1.0, X-CUBE-AZRTOS-H7_V3.3.0, X-CUBE-AZRTOS-L4_V2.0.0, X-CUBE-AZRTOS-L5_V2.0.0, X-CUBE-AZRTOS-WB_V2.0.0, X-CUBE-AZRTOS-WL_V2.0.0, X-CUBE-BLE1_V7.1.0, X-CUBE-BLE2_V3.3.0, X-CUBE-BLEMGR_V4.0.0, X-CUBE-EEPRMA1_V5.1.0, X-CUBE-FREERTOS_V1.3.1, X-CUBE-GNSS1_V6.0.0, X-CUBE-MEMS1_V11.3.0, X-CUBE-NFC4_V3.0.0, X-CUBE-NFC7_V2.0.0, X-CUBE-SFXS2LP1_V4.0.0, X-CUBE-SUBG2_V5.0.0, X-CUBE-TOF1_V3.4.3]
2025-10-25 19:36:40,464 [INFO] ApiDb:240 - Found 880 in-development CPN: [B-G473E-ZEST1S, B-WB1M-WPAN1, B-WBA5M-WPAN, B-WL5M-SUBG1, NUCLEO-C031C6, NUCLEO-C051C8, NUCLEO-C071RB, NUCLEO-C092RC, NUCLEO-H503RB, NUCLEO-H533RE, NUCLEO-H563ZI, NUCLEO-H7S3L8, NUCLEO-N657X0-Q, NUCLEO-U031R8, NUCLEO-U083RC, NUCLEO-U385RG-Q, NUCLEO-U545RE-Q, NUCLEO-U5A5ZJ-Q, NUCLEO-WB05KZ, NUCLEO-WB07CC, NUCLEO-WB09KE, NUCLEO-WBA52CG, NUCLEO-WBA55CG, NUCLEO-WL33CC1, NUCLEO-WL33CC2, STEVAL-PROTEUS1, STEVAL-SMARTAG2, STEVAL-STWINBX1, STM320518-EVAL, STM32C0116-DK, STM32C011D6Y3TR, STM32C011D6Y6TR, STM32C011F4P3, STM32C011F4P6, STM32C011F4U3, STM32C011F4U6TR, STM32C011F6P3, STM32C011F6P6, STM32C011F6U3, STM32C011F6U6TR, STM32C011J4M3, STM32C011J4M6, STM32C011J6M3, STM32C011J6M6, STM32C0316-DK, STM32C031C4T3, STM32C031C4T6, STM32C031C4U3, STM32C031C4U6, STM32C031C6T3, STM32C031C6T6, STM32C031C6U3, STM32C031C6U6, STM32C031F4P3, STM32C031F4P6, STM32C031F6P3, STM32C031F6P6, STM32C031G4U3, STM32C031G4U6, STM32C031G6U3, STM32C031G6U6, STM32C031K4T3, STM32C031K4T6, STM32C031K4U3, STM32C031K4U6, STM32C031K6T3, STM32C031K6T6, STM32C031K6U3, STM32C031K6U6, STM32C051C6T6, STM32C051C6U6, STM32C051C8T6, STM32C051C8U6, STM32C051D8Y6TR, STM32C051F6P6, STM32C051F8P6, STM32C051G6U6, STM32C051G8U6, STM32C051K6T6, STM32C051K6U6, STM32C051K8T6, STM32C071C8T6, STM32C071C8T6N, STM32C071C8U6, STM32C071C8U6N, STM32C071CBT6, STM32C071CBT6N, STM32C071CBU6, STM32C071CBU6N, STM32C071F8P6, STM32C071F8P6N, STM32C071FBP6, STM32C071FBP6N, STM32C071FBY6TR, STM32C071G8U6, STM32C071G8U6N, STM32C071GBU6, STM32C071GBU6N, STM32C071K8T6, STM32C071K8T6N, STM32C071K8U6, STM32C071K8U6N, STM32C071KBT6, STM32C071KBT6N, STM32C071KBU6, STM32C071KBU6N, STM32C071R8T6, STM32C071R8T6N, STM32C071RBI6N, STM32C071RBT6, STM32C071RBT6N, STM32C091CBT6, STM32C091CBU6, STM32C091CCT6, STM32C091CCU6, STM32C091ECY6TR, STM32C091FBP6, STM32C091FCP6, STM32C091GBU6, STM32C091GCU6, STM32C091KBT6, STM32C091KBU6, STM32C091KCT6, STM32C091KCU6, STM32C091RBT6, STM32C091RCI6, STM32C091RCT6, STM32C092CBT6, STM32C092CBU6, STM32C092CCT6, STM32C092CCU6, STM32C092ECY6TR, STM32C092FBP6, STM32C092FCP6, STM32C092GBU6, STM32C092GCU6, STM32C092KBT6, STM32C092KBU6, STM32C092KCT6, STM32C092KCU6, STM32C092RBT6, STM32C092RCI6, STM32C092RCT6, STM32G071K8TXN, STM32G071K8UXN, STM32G081GBU6N, STM32G081KBT6N, STM32G081KBUXN, STM32G0B1CCT6N, STM32G0B1KCT6, STM32G0B1NEY6TR, STM32G0B1RCT6N, STM32G0C1CCT6, STM32G0C1CCT6N, STM32G0C1CCU6N, STM32G0C1CET6N, STM32G0C1CEU6N, STM32G0C1KCT6, STM32G0C1NEY6TR, STM32G0C1RCI6N, STM32G0C1RCT6N, STM32G0C1REI6N, STM32G0C1RET6N, STM32G0C1VCI6, STM32G0C1VEI6, STM32G411C6T3, STM32G411C6T6, STM32G411C6U3, STM32G411C6U6, STM32G411C8T3, STM32G411C8T6, STM32G411C8U3, STM32G411C8U6, STM32G411CBT3, STM32G411CBT6, STM32G411CBU3, STM32G411CBU6, STM32G411K6T3, STM32G411K6T6, STM32G411K6U3, STM32G411K6U6, STM32G411K8T3, STM32G411K8T6, STM32G411K8U3, STM32G411K8U6, STM32G411KBT3, STM32G411KBT6, STM32G411KBU3, STM32G411KBU6, STM32G411M6T3, STM32G411M6T6, STM32G411M8T3, STM32G411M8T6, STM32G411MBT3, STM32G411MBT6, STM32G411R6T3, STM32G411R6T6, STM32G411R8T3, STM32G411R8T6, STM32G411RBT3, STM32G411RBT6, STM32G414CBT3, STM32G414CBT6, STM32G414CBU3, STM32G414CBU6, STM32G414CCT3, STM32G414CCT6, STM32G414CCU3, STM32G414CCU6, STM32G414MBT3, STM32G414MBT6, STM32G414MCT3, STM32G414MCT6, STM32G414RBT3, STM32G414RBT6, STM32G414RCT3, STM32G414RCT6, STM32G414VBT3, STM32G414VBT6, STM32G414VCT3, STM32G414VCT6, STM32G431CBT3Z, STM32G431RBT3Z, STM32G471CCT6, STM32G471CCU6, STM32G471CET3, STM32G471CET6, STM32G471CEU3, STM32G471CEU6, STM32G471MCT6, STM32G471MET3, STM32G471MET6, STM32G471MEY6TR, STM32G471QCT6, STM32G471QET3, STM32G471RCT6, STM32G471RET3, STM32G471RET6, STM32G471VCH6, STM32G471VCI6, STM32G471VCT6, STM32G471VEH3, STM32G471VEH6, STM32G471VEI3, STM32G471VEI6, STM32G471VET3, STM32G471VET6, STM32G473QET3Z, STM32G473RET3Z, STM32G474CCT6, STM32G491RET3Z, STM32H503CBT6, STM32H503CBU6, STM32H503EBY6TR, STM32H503KBU6, STM32H503RBT6, STM32H523CCT6, STM32H523CCU6, STM32H523CET6, STM32H523CEU6, STM32H523HEY6TR, STM32H523RCT6, STM32H523RET6, STM32H523VCI6, STM32H523VCT6, STM32H523VEI6, STM32H523VET6, STM32H523ZCJ6, STM32H523ZCT6, STM32H523ZEJ6, STM32H523ZET6, STM32H533CET6, STM32H533CEU6, STM32H533HEY6TR, STM32H533RET6, STM32H533VEI6, STM32H533VET6, STM32H533ZEJ6, STM32H533ZET6, STM32H562AGI6, STM32H562AII6, STM32H562IGK6, STM32H562IGT6, STM32H562IIK6, STM32H562IIT6, STM32H562RGT6, STM32H562RGV6, STM32H562RIT6, STM32H562RIV6, STM32H562VGT6, STM32H562VIT6, STM32H562ZGT6, STM32H562ZIT6, STM32H563AGI6, STM32H563AII3Q, STM32H563AII6, STM32H563IGK6, STM32H563IGT6, STM32H563IIK3Q, STM32H563IIK6, STM32H563IIT3Q, STM32H563IIT6, STM32H563MIY3QTR, STM32H563RGT6, STM32H563RGV6, STM32H563RIT6, STM32H563RIV6, STM32H563VGT6, STM32H563VIT3Q, STM32H563VIT6, STM32H563ZGT6, STM32H563ZIT3Q, STM32H563ZIT6, STM32H573AII3Q, STM32H573AII6, STM32H573I-DK, STM32H573IIK3Q, STM32H573IIK6, STM32H573IIT3Q, STM32H573IIT6, STM32H573MIY3QTR, STM32H573RIT6, STM32H573RIV6, STM32H573VIT3Q, STM32H573VIT6, STM32H573ZIT3Q, STM32H573ZIT6, STM32H7R3A8I6, STM32H7R3I8K6, STM32H7R3I8T6, STM32H7R3L8H6, STM32H7R3L8H6H, STM32H7R3R8V6, STM32H7R3V8H6, STM32H7R3V8T6, STM32H7R3V8Y6TR, STM32H7R3Z8J6, STM32H7R3Z8T6, STM32H7R7A8I6, STM32H7R7I8K6, STM32H7R7I8T6, STM32H7R7L8H6, STM32H7R7L8H6H, STM32H7R7Z8J6, STM32H7S3A8I6, STM32H7S3I8K6, STM32H7S3I8T6, STM32H7S3L8H6, STM32H7S3L8H6H, STM32H7S3R8V6, STM32H7S3V8H6, STM32H7S3V8T6, STM32H7S3V8Y6TR, STM32H7S3Z8J6, STM32H7S3Z8T6, STM32H7S78-DK, STM32H7S7A8I6, STM32H7S7I8K6, STM32H7S7I8T6, STM32H7S7L8H6, STM32H7S7L8H6H, STM32H7S7Z8J6, STM32L4R5QGI6STR, STM32MP131AAE3, STM32MP131AAF3, STM32MP131AAG3, STM32MP131CAE3, STM32MP131CAF3, STM32MP131CAG3, STM32MP131DAE7, STM32MP131DAF7, STM32MP131DAG7, STM32MP131FAE7, STM32MP131FAF7, STM32MP131FAG7, STM32MP133AAE3, STM32MP133AAF3, STM32MP133AAG3, STM32MP133CAE3, STM32MP133CAF3, STM32MP133CAG3, STM32MP133DAE7, STM32MP133DAF7, STM32MP133DAG7, STM32MP133FAE7, STM32MP133FAF7, STM32MP133FAG7, STM32MP135AAE3, STM32MP135AAF3, STM32MP135AAG3, STM32MP135CAE3, STM32MP135CAF3, STM32MP135CAG3, STM32MP135DAE7, STM32MP135DAF7, STM32MP135DAG7, STM32MP135F-DK, STM32MP135FAE7, STM32MP135FAF7, STM32MP135FAF7T, STM32MP135FAF7U, STM32MP135FAG7, STM32MP211AAL3, STM32MP211AAM3, STM32MP211AAN3, STM32MP211AAO3, STM32MP211CAL3, STM32MP211CAM3, STM32MP211CAN3, STM32MP211CAO3, STM32MP211DAL3, STM32MP211DAM3, STM32MP211DAN3, STM32MP211DAO3, STM32MP211FAL3, STM32MP211FAM3, STM32MP211FAN3, STM32MP211FAO3, STM32MP213AAL3, STM32MP213AAM3, STM32MP213AAN3, STM32MP213AAO3, STM32MP213CAL3, STM32MP213CAM3, STM32MP213CAN3, STM32MP213CAO3, STM32MP213DAL3, STM32MP213DAM3, STM32MP213DAN3, STM32MP213DAO3, STM32MP213FAL3, STM32MP213FAM3, STM32MP213FAN3, STM32MP213FAO3, STM32MP215AAL3, STM32MP215AAM3, STM32MP215AAN3, STM32MP215AAO3, STM32MP215CAL3, STM32MP215CAM3, STM32MP215CAN3, STM32MP215CAO3, STM32MP215DAL3, STM32MP215DAM3, STM32MP215DAN3, STM32MP215DAO3, STM32MP215F-DK, STM32MP215FAL3, STM32MP215FAM3, STM32MP215FAN3, STM32MP215FAO3, STM32MP231AAJ3, STM32MP231AAK3, STM32MP231AAL3, STM32MP231CAJ3, STM32MP231CAK3, STM32MP231CAL3, STM32MP231DAJ3, STM32MP231DAK3, STM32MP231DAL3, STM32MP231FAJ3, STM32MP231FAK3, STM32MP231FAL3, STM32MP233AAJ3, STM32MP233AAK3, STM32MP233AAL3, STM32MP233CAJ3, STM32MP233CAK3, STM32MP233CAL3, STM32MP233DAJ3, STM32MP233DAK3, STM32MP233DAL3, STM32MP233FAJ3, STM32MP233FAK3, STM32MP233FAL3, STM32MP235AAJ3, STM32MP235AAK3, STM32MP235AAL3, STM32MP235CAJ3, STM32MP235CAK3, STM32MP235CAL3, STM32MP235DAJ3, STM32MP235DAK3, STM32MP235DAL3, STM32MP235FAJ3, STM32MP235FAK3, STM32MP235FAL3, STM32MP251AAI3, STM32MP251AAK3, STM32MP251AAL3, STM32MP251CAI3, STM32MP251CAK3, STM32MP251CAL3, STM32MP251DAI3, STM32MP251DAK3, STM32MP251DAL3, STM32MP251FAI3, STM32MP251FAK3, STM32MP251FAL3, STM32MP253AAI3, STM32MP253AAK3, STM32MP253AAL3, STM32MP253CAI3, STM32MP253CAK3, STM32MP253CAL3, STM32MP253DAI3, STM32MP253DAK3, STM32MP253DAL3, STM32MP253FAI3, STM32MP253FAK3, STM32MP253FAL3, STM32MP255AAI3, STM32MP255AAK3, STM32MP255AAL3, STM32MP255CAI3, STM32MP255CAK3, STM32MP255CAL3, STM32MP255DAI3, STM32MP255DAK3, STM32MP255DAL3, STM32MP255FAI3, STM32MP255FAK3, STM32MP255FAL3, STM32MP257AAI3, STM32MP257AAK3, STM32MP257AAL3, STM32MP257CAI3, STM32MP257CAK3, STM32MP257CAL3, STM32MP257DAI3, STM32MP257DAK3, STM32MP257DAL3, STM32MP257F-DK, STM32MP257F-EV1, STM32MP257FAI3, STM32MP257FAK3, STM32MP257FAL3, STM32N645A0H3Q, STM32N645B0H3Q, STM32N645I0H3Q, STM32N645L0H3Q, STM32N645X0H3Q, STM32N645Z0H3Q, STM32N647A0H3Q, STM32N647B0H3Q, STM32N647I0H3Q, STM32N647L0H3Q, STM32N647X0H3Q, STM32N647Z0H3Q, STM32N655A0H3Q, STM32N655B0H3Q, STM32N655I0H3Q, STM32N655L0H3Q, STM32N655X0H3Q, STM32N655Z0H3Q, STM32N6570-DK, STM32N657A0H3Q, STM32N657B0H3Q, STM32N657I0H3Q, STM32N657L0H3Q, STM32N657X0H3Q, STM32N657Z0H3Q, STM32U031C6T6, STM32U031C6U6, STM32U031C8T6, STM32U031C8U6, STM32U031F4P6, STM32U031F6P6, STM32U031F8P6, STM32U031G6Y6TR, STM32U031G8Y6TR, STM32U031K4U6, STM32U031K6U6, STM32U031K8U6, STM32U031R6I6, STM32U031R6T6, STM32U031R8I6, STM32U031R8T6, STM32U073C8T6, STM32U073C8U6, STM32U073CBT6, STM32U073CBU6, STM32U073CCT6, STM32U073CCU6, STM32U073H8Y6TR, STM32U073HBY6TR, STM32U073HCY6TR, STM32U073K8U6, STM32U073KBU6, STM32U073KCU6, STM32U073M8I6, STM32U073M8T6, STM32U073MBI6, STM32U073MBT6, STM32U073MCI6, STM32U073MCT6, STM32U073R8I6, STM32U073R8T6, STM32U073RBI6, STM32U073RBT6, STM32U073RCI6, STM32U073RCT6, STM32U083C-DK, STM32U083CCT6, STM32U083CCU6, STM32U083HCY6TR, STM32U083KCU6, STM32U083MCI6, STM32U083MCT6, STM32U083RCI6, STM32U083RCT6, STM32U375CET6, STM32U375CET6Q, STM32U375CEU6, STM32U375CEU6Q, STM32U375CEY6QTR, STM32U375CGT6, STM32U375CGT6Q, STM32U375CGU6, STM32U375CGU6Q, STM32U375CGY6QTR, STM32U375KEU6, STM32U375KGU6, STM32U375REI6, STM32U375REI6Q, STM32U375RET6, STM32U375RET6Q, STM32U375REY6GTR, STM32U375REY6QTR, STM32U375RGI6, STM32U375RGI6Q, STM32U375RGT6, STM32U375RGT6Q, STM32U375RGY6GTR, STM32U375RGY6QTR, STM32U375VEI6, STM32U375VEI6Q, STM32U375VET6, STM32U375VET6Q, STM32U375VGI6, STM32U375VGI6Q, STM32U375VGT6, STM32U375VGT6Q, STM32U385CGT6, STM32U385CGT6Q, STM32U385CGU6, STM32U385CGU6Q, STM32U385CGY6QTR, STM32U385KGU6, STM32U385RGI6, STM32U385RGI6Q, STM32U385RGT6, STM32U385RGT6Q, STM32U385RGY6GTR, STM32U385RGY6QTR, STM32U385VGI6, STM32U385VGI6Q, STM32U385VGT6, STM32U385VGT6Q, STM32U535CBT6, STM32U535CBT6Q, STM32U535CBU6, STM32U535CBU6Q, STM32U535CCT6, STM32U535CCT6Q, STM32U535CCU6, STM32U535CCU6Q, STM32U535CET6, STM32U535CET6Q, STM32U535CEU6, STM32U535CEU6Q, STM32U535JEY6QTR, STM32U535NCY6QTR, STM32U535NEY6QTR, STM32U535RBI6, STM32U535RBI6Q, STM32U535RBT6, STM32U535RBT6Q, STM32U535RCI6, STM32U535RCI6Q, STM32U535RCT6, STM32U535RCT6Q, STM32U535REI6, STM32U535REI6Q, STM32U535RET6, STM32U535RET6Q, STM32U535VCI6, STM32U535VCI6Q, STM32U535VCT6, STM32U535VCT6Q, STM32U535VEI6, STM32U535VEI6Q, STM32U535VET6, STM32U535VET6Q, STM32U545CET6, STM32U545CET6Q, STM32U545CEU6, STM32U545CEU6Q, STM32U545JEY6QTR, STM32U545NEY6QTR, STM32U545REI6, STM32U545REI6Q, STM32U545RET6, STM32U545RET6Q, STM32U545VEI6, STM32U545VEI6Q, STM32U545VET6, STM32U545VET6Q, STM32U595AIH6, STM32U595AIH6Q, STM32U595AJH6, STM32U595AJH6Q, STM32U595QII6, STM32U595QII6Q, STM32U595QJI6, STM32U595QJI6Q, STM32U595RIT6, STM32U595RIT6Q, STM32U595RJT6, STM32U595RJT6Q, STM32U595VIT6, STM32U595VIT6Q, STM32U595VJT6, STM32U595VJT6Q, STM32U595ZIT6, STM32U595ZIT6Q, STM32U595ZIY6QTR, STM32U595ZJT6, STM32U595ZJT6Q, STM32U595ZJY6QTR, STM32U599BJY6QTR, STM32U599NIH6Q, STM32U599NJH6Q, STM32U599VIT6Q, STM32U599VJT6, STM32U599VJT6Q, STM32U599ZIT6Q, STM32U599ZIY6QTR, STM32U599ZJT6Q, STM32U599ZJY6QTR, STM32U5A5AJH6, STM32U5A5AJH6Q, STM32U5A5QII3Q , STM32U5A5QJI6, STM32U5A5QJI6Q, STM32U5A5RJT6, STM32U5A5RJT6Q, STM32U5A5VJT6, STM32U5A5VJT6Q, STM32U5A5ZJT6, STM32U5A5ZJT6Q, STM32U5A5ZJY6QTR, STM32U5A9BJY6QTR, STM32U5A9J-DK, STM32U5A9NJH6Q, STM32U5A9VJT6Q, STM32U5A9ZJT6Q, STM32U5A9ZJY6QTR, STM32U5F7VIT6, STM32U5F7VIT6Q, STM32U5F7VJT6, STM32U5F7VJT6Q, STM32U5F9BJY6QTR, STM32U5F9NJH6Q, STM32U5F9VIT6Q, STM32U5F9VJT6Q, STM32U5F9ZIJ6QTR, STM32U5F9ZIT6Q, STM32U5F9ZJJ6QTR, STM32U5F9ZJT6Q, STM32U5G7VJT6, STM32U5G7VJT6Q, STM32U5G9BJY6QTR, STM32U5G9J-DK1, STM32U5G9J-DK2, STM32U5G9NJH6Q, STM32U5G9VJT6Q, STM32U5G9ZJJ6QTR, STM32U5G9ZJT6Q, STM32WB05KZV6TR, STM32WB05KZV7TR, STM32WB05TZF6TR, STM32WB05TZF7TR, STM32WB06CCF6TR, STM32WB06CCF7TR, STM32WB06CCV6TR, STM32WB06CCV7TR, STM32WB06KCV6TR, STM32WB06KCV7TR, STM32WB07CCF6TR, STM32WB07CCF7TR, STM32WB07CCV6TR, STM32WB07CCV7TR, STM32WB07KCV6TR, STM32WB07KCV7TR, STM32WB09KEV6TR, STM32WB09KEV7TR, STM32WB09TEF6TR, STM32WB09TEF7TR, STM32WB1MMCH6, STM32WBA50KGU6, STM32WBA50KGU6TR, STM32WBA52CEU6, STM32WBA52CEU6TR, STM32WBA52CEU7, STM32WBA52CEU7TR, STM32WBA52CGU6, STM32WBA52CGU6TR, STM32WBA52CGU6U, STM32WBA52CGU7, STM32WBA52CGU7TR, STM32WBA52KEU6, STM32WBA52KEU6TR, STM32WBA52KGU6, STM32WBA52KGU6TR, STM32WBA54CEU6, STM32WBA54CEU6TR, STM32WBA54CEU7, STM32WBA54CEU7TR, STM32WBA54CGU6, STM32WBA54CGU6TR, STM32WBA54CGU7, STM32WBA54CGU7TR, STM32WBA54KEU6, STM32WBA54KEU6TR, STM32WBA54KEU7, STM32WBA54KEU7TR, STM32WBA54KGU6, STM32WBA54KGU6TR, STM32WBA54KGU7, STM32WBA54KGU7TR, STM32WBA55CEU6, STM32WBA55CEU6TR, STM32WBA55CEU7, STM32WBA55CEU7TR, STM32WBA55CGU6, STM32WBA55CGU6TR, STM32WBA55CGU6U, STM32WBA55CGU7, STM32WBA55CGU7TR, STM32WBA55G-DK1, STM32WBA55HEF6, STM32WBA55HEF7, STM32WBA55HGF6, STM32WBA55HGF7, STM32WBA55UEI6, STM32WBA55UEI6TR, STM32WBA55UEI7, STM32WBA55UEI7TR, STM32WBA55UGI6, STM32WBA55UGI6TR, STM32WBA55UGI7, STM32WBA55UGI7TR, STM32WBA5MMGH6TR, STM32WBA62MGF6, STM32WBA62MIF6, STM32WBA65MGF7, STM32WBA65MIF6, STM32WBA65MIF7, STM32WL30K8V6, STM32WL30KBV6, STM32WL31C8V6, STM32WL31CBV6, STM32WL31K8V6, STM32WL31KBV6, STM32WL33C8V6, STM32WL33C8V6X, STM32WL33CBV6, STM32WL33CBV6X, STM32WL33CCV6, STM32WL33CCV6A, STM32WL33CCV6X, STM32WL33K8V7, STM32WL33K8V7X, STM32WL33KBV7 , STM32WL33KBV7X, STM32WL33KCV7, STM32WL33KCV7X, STM32WL5MOCH6, STM32WL5MOCH6TR]
2025-10-25 19:36:40,482 [INFO] DbMcus:218 - Found 4801 MCUs, 4801 are supported
2025-10-25 19:36:40,483 [INFO] ApiDb:414 - User favorites file not found: C:\Users\s2rajago/.stm32cubeide/favorites.mcus.txt
2025-10-25 19:36:40,484 [INFO] DbMcus:224 - Set 0 / 0 favorites MCUs
2025-10-25 19:36:41,177 [INFO] ApiDb:414 - User favorites file not found: C:\Users\s2rajago/.stm32cubeide/favorites.boards.txt
2025-10-25 19:36:41,178 [INFO] DbBoards:198 - Set 0 / 0 favorites Boards
2025-10-25 19:36:41,220 [INFO] UtilMem:75 - End LoadConfig() Used Memory: 358202592 Bytes (400556032)
2025-10-25 19:36:41,362 [WARN] ThirdParty:833 - waiting for thirdparty lock release [change project]
2025-10-25 19:36:41,363 [INFO] ThirdParty:835 - entering critical section [change project]
2025-10-25 19:36:41,364 [INFO] ThirdParty:1030 - CMSIS Pack Vendor :STMicroelectronics X-CUBE-PM33A1 1.0.0
2025-10-25 19:36:41,365 [INFO] ThirdParty:1030 - CMSIS Pack Vendor :STMicroelectronics USBPD 4.1
2025-10-25 19:36:41,365 [INFO] ThirdParty:1030 - CMSIS Pack Vendor :STMicroelectronics X-CUBE-NFC9 1.0.0
2025-10-25 19:36:41,366 [INFO] ThirdParty:1030 - CMSIS Pack Vendor :STMicroelectronics USB_HOST 2.0.0
2025-10-25 19:36:41,367 [INFO] ThirdParty:1030 - CMSIS Pack Vendor :STMicroelectronics FP-SNS-MOTENVWB1 1.4.0
2025-10-25 19:36:41,368 [INFO] ThirdParty:1030 - CMSIS Pack Vendor :STMicroelectronics X-CUBE-AZRTOS-F4 1.1.0
2025-10-25 19:36:41,369 [INFO] ThirdParty:1030 - CMSIS Pack Vendor :STMicroelectronics LIBJPEG 8.0.0
2025-10-25 19:36:41,369 [INFO] ThirdParty:1030 - CMSIS Pack Vendor :STMicroelectronics FP-ATR-ASTRA1 2.0.2
2025-10-25 19:36:41,370 [INFO] ThirdParty:1030 - CMSIS Pack Vendor :wolfSSL I-CUBE-wolfSSL 5.8.2
2025-10-25 19:36:41,372 [INFO] ThirdParty:1030 - CMSIS Pack Vendor :STMicroelectronics X-CUBE-BLE1 7.1.0
2025-10-25 19:36:41,373 [INFO] ThirdParty:1030 - CMSIS Pack Vendor :STMicroelectronics X-CUBE-SMBUS 2.1.0
2025-10-25 19:36:41,374 [INFO] ThirdParty:1030 - CMSIS Pack Vendor :wolfSSL I-CUBE-wolfMQTT 1.19.2
2025-10-25 19:36:41,374 [INFO] ThirdParty:1030 - CMSIS Pack Vendor :STMicroelectronics USB_DEVICE 3.0.0
2025-10-25 19:36:41,375 [INFO] ThirdParty:1030 - CMSIS Pack Vendor :STMicroelectronics X-CUBE-ISPU 2.1.0
2025-10-25 19:36:41,376 [INFO] ThirdParty:1030 - CMSIS Pack Vendor :STMicroelectronics X-CUBE-EEPRMA1 5.2.0
2025-10-25 19:36:41,377 [INFO] ThirdParty:1030 - CMSIS Pack Vendor :STMicroelectronics X-CUBE-IPS 3.2.0
2025-10-25 19:36:41,377 [INFO] ThirdParty:1030 - CMSIS Pack Vendor :STMicroelectronics X-CUBE-BLEMGR 4.1.0
2025-10-25 19:36:41,378 [INFO] ThirdParty:1030 - CMSIS Pack Vendor :STMicroelectronics X-CUBE-AZRTOS-WB 2.0.0
2025-10-25 19:36:41,379 [INFO] ThirdParty:1030 - CMSIS Pack Vendor :STMicroelectronics X-CUBE-GNSS1 7.0.1
2025-10-25 19:36:41,379 [INFO] ThirdParty:1030 - CMSIS Pack Vendor :STMicroelectronics X-CUBE-NFC12 1.0.0
2025-10-25 19:36:41,380 [INFO] ThirdParty:1030 - CMSIS Pack Vendor :STMicroelectronics X-CUBE-AZRTOS-F7 1.1.0
2025-10-25 19:36:41,381 [INFO] ThirdParty:1030 - CMSIS Pack Vendor :STMicroelectronics X-CUBE-AZRTOS-L5 2.0.0
2025-10-25 19:36:41,381 [INFO] ThirdParty:1030 - CMSIS Pack Vendor :STMicroelectronics USB_DEVICE 2.0.0
2025-10-25 19:36:41,383 [INFO] ThirdParty:1030 - CMSIS Pack Vendor :STMicroelectronics X-CUBE-NFC6 3.1.0
2025-10-25 19:36:41,383 [INFO] ThirdParty:1030 - CMSIS Pack Vendor :STMicroelectronics X-CUBE-ST67W61 1.1.0
2025-10-25 19:36:41,384 [INFO] ThirdParty:1030 - CMSIS Pack Vendor :Cesanta I-CUBE-Mongoose 7.19.0
2025-10-25 19:36:41,384 [INFO] ThirdParty:1030 - CMSIS Pack Vendor :quantropi X-CUBE-qispace-sdk-base 2.1.0
2025-10-25 19:36:41,385 [INFO] ThirdParty:1030 - CMSIS Pack Vendor :STMicroelectronics FreeRTOS 0.0.1
2025-10-25 19:36:41,386 [INFO] ThirdParty:1030 - CMSIS Pack Vendor :STMicroelectronics X-CUBE-AZRTOS-G0 1.1.0
2025-10-25 19:36:41,386 [INFO] ThirdParty:1030 - CMSIS Pack Vendor :STMicroelectronics X-CUBE-SAFEA1 1.2.2
2025-10-25 19:36:41,387 [INFO] ThirdParty:1030 - CMSIS Pack Vendor :STMicroelectronics X-CUBE-NFC4 3.0.0
2025-10-25 19:36:41,389 [INFO] ThirdParty:1030 - CMSIS Pack Vendor :STMicroelectronics X-CUBE-SUBG2 5.0.0
2025-10-25 19:36:41,390 [INFO] ThirdParty:1030 - CMSIS Pack Vendor :STMicroelectronics X-CUBE-AZRTOS-H7RS 1.1.0
2025-10-25 19:36:41,390 [INFO] ThirdParty:1030 - CMSIS Pack Vendor :STMicroelectronics STM32_WPAN 1.0.0
2025-10-25 19:36:41,391 [INFO] ThirdParty:1030 - CMSIS Pack Vendor :EmbeddedOffice I-CUBE-FS-RTOS 1.0.1
2025-10-25 19:36:41,392 [INFO] ThirdParty:1030 - CMSIS Pack Vendor :STMicroelectronics lwIP 2.0.3
2025-10-25 19:36:41,393 [INFO] ThirdParty:1030 - CMSIS Pack Vendor :WES I-CUBE-Cesium 1.4.0
2025-10-25 19:36:41,393 [INFO] ThirdParty:1030 - CMSIS Pack Vendor :STMicroelectronics USB_HOST 1.0.0
2025-10-25 19:36:41,394 [INFO] ThirdParty:1030 - CMSIS Pack Vendor :Infineon AIROC-Wi-Fi-Bluetooth-STM32 1.7.1
2025-10-25 19:36:41,395 [INFO] ThirdParty:1030 - CMSIS Pack Vendor :STMicroelectronics X-CUBE-AZRTOS-G4 2.0.0
2025-10-25 19:36:41,395 [INFO] ThirdParty:1030 - CMSIS Pack Vendor :STMicroelectronics X-CUBE-WB05N 2.0.0
2025-10-25 19:36:41,396 [INFO] ThirdParty:1030 - CMSIS Pack Vendor :STMicroelectronics PDM2PCM 3.1.0
2025-10-25 19:36:41,397 [INFO] ThirdParty:1030 - CMSIS Pack Vendor :STMicroelectronics PDM2PCM 3.3.0
2025-10-25 19:36:41,398 [INFO] ThirdParty:1030 - CMSIS Pack Vendor :wolfSSL I-CUBE-wolfTPM 3.8.0
2025-10-25 19:36:41,398 [INFO] ThirdParty:1030 - CMSIS Pack Vendor :STMicroelectronics X-CUBE-AZRTOS-H7 3.4.0
2025-10-25 19:36:41,399 [INFO] ThirdParty:1030 - CMSIS Pack Vendor :STMicroelectronics X-CUBE-DISPLAY 3.0.0
2025-10-25 19:36:41,400 [INFO] ThirdParty:1030 - CMSIS Pack Vendor :wolfSSL I-CUBE-wolfSSH 1.4.20
2025-10-25 19:36:41,400 [INFO] ThirdParty:1030 - CMSIS Pack Vendor :STMicroelectronics X-CUBE-NFC7 2.0.0
2025-10-25 19:36:41,401 [INFO] ThirdParty:1030 - CMSIS Pack Vendor :STMicroelectronics X-CUBE-TCPP 4.2.0
2025-10-25 19:36:41,402 [INFO] ThirdParty:1030 - CMSIS Pack Vendor :RealThread X-CUBE-RT-Thread_Nano 4.1.1
2025-10-25 19:36:41,402 [INFO] ThirdParty:1030 - CMSIS Pack Vendor :STMicroelectronics FP-ATR-SIGFOX1 3.2.0
2025-10-25 19:36:41,403 [INFO] ThirdParty:1030 - CMSIS Pack Vendor :STMicroelectronics X-CUBE-NFC10 1.0.0
2025-10-25 19:36:41,404 [INFO] ThirdParty:1030 - CMSIS Pack Vendor :STMicroelectronics X-CUBE-FREERTOS 1.3.1
2025-10-25 19:36:41,406 [INFO] ThirdParty:1030 - CMSIS Pack Vendor :STMicroelectronics HAL Drivers 0.0.0
2025-10-25 19:36:41,407 [INFO] ThirdParty:1030 - CMSIS Pack Vendor :STMicroelectronics MBEDTLS 2.16.2
2025-10-25 19:36:41,408 [INFO] ThirdParty:1030 - CMSIS Pack Vendor :STMicroelectronics X-CUBE-ST60 1.1.0
2025-10-25 19:36:41,408 [INFO] ThirdParty:1030 - CMSIS Pack Vendor :STMicroelectronics X-CUBE-ALS 1.0.2
2025-10-25 19:36:41,409 [INFO] ThirdParty:1030 - CMSIS Pack Vendor :emotas I-CUBE-CANOPEN 1.3.0
2025-10-25 19:36:41,410 [INFO] ThirdParty:1030 - CMSIS Pack Vendor :STMicroelectronics MBEDTLS 2.14.1
2025-10-25 19:36:41,410 [INFO] ThirdParty:1030 - CMSIS Pack Vendor :ITTIA_DB I-CUBE-ITTIADB 8.9.0
2025-10-25 19:36:41,411 [INFO] ThirdParty:1030 - CMSIS Pack Vendor :STMicroelectronics X-CUBE-TOUCHGFX 4.26.0
2025-10-25 19:36:41,412 [INFO] ThirdParty:1030 - CMSIS Pack Vendor :STMicroelectronics X-CUBE-STSE01 1.0.0
2025-10-25 19:36:41,412 [INFO] ThirdParty:1030 - CMSIS Pack Vendor :STMicroelectronics FP-SNS-STBOX1 2.1.0
2025-10-25 19:36:41,413 [INFO] ThirdParty:1030 - CMSIS Pack Vendor :STMicroelectronics X-CUBE-AI 10.2.0
2025-10-25 19:36:41,413 [INFO] ThirdParty:1030 - CMSIS Pack Vendor :STMicroelectronics FP-SNS-STAIOTCFT 1.0.0
2025-10-25 19:36:41,414 [INFO] ThirdParty:1030 - CMSIS Pack Vendor :STMicroelectronics ThreadX 1.0.0
2025-10-25 19:36:41,415 [INFO] ThirdParty:1030 - CMSIS Pack Vendor :STMicroelectronics FP-SNS-SMARTAG2 1.2.0
2025-10-25 19:36:41,415 [INFO] ThirdParty:1030 - CMSIS Pack Vendor :STMicroelectronics FP-SNS-FLIGHT1 5.1.0
2025-10-25 19:36:41,416 [INFO] ThirdParty:1030 - CMSIS Pack Vendor :STMicroelectronics X-CUBE-AZRTOS-WL 2.0.0
2025-10-25 19:36:41,417 [INFO] ThirdParty:1030 - CMSIS Pack Vendor :SEGGER I-CUBE-embOS 1.3.1
2025-10-25 19:36:41,417 [INFO] ThirdParty:1030 - CMSIS Pack Vendor :STMicroelectronics X-CUBE-ALGOBUILD 1.4.0
2025-10-25 19:36:41,418 [INFO] ThirdParty:1030 - CMSIS Pack Vendor :STMicroelectronics X-CUBE-DPower 1.3.0
2025-10-25 19:36:41,419 [INFO] ThirdParty:1030 - CMSIS Pack Vendor :STMicroelectronics X-CUBE-MEMS1 11.3.0
2025-10-25 19:36:41,419 [INFO] ThirdParty:1030 - CMSIS Pack Vendor :STMicroelectronics FP-SNS-MOTENV1 5.0.0
2025-10-25 19:36:41,420 [INFO] ThirdParty:1030 - CMSIS Pack Vendor :STMicroelectronics USB_DEVICE 1.0.0
2025-10-25 19:36:41,421 [INFO] ThirdParty:1030 - CMSIS Pack Vendor :STMicroelectronics X-CUBE-AZRTOS-L4 2.0.0
2025-10-25 19:36:41,422 [INFO] ThirdParty:1030 - CMSIS Pack Vendor :STMicroelectronics ThreadX 0.0.2
2025-10-25 19:36:41,423 [INFO] ThirdParty:1030 - CMSIS Pack Vendor :STMicroelectronics lwIP 2.1.2
2025-10-25 19:36:41,424 [INFO] ThirdParty:1030 - CMSIS Pack Vendor :STMicroelectronics X-CUBE-SFXS2LP1 4.0.0
2025-10-25 19:36:41,425 [INFO] ThirdParty:1030 - CMSIS Pack Vendor :STMicroelectronics X-CUBE-BLE2 3.3.0
2025-10-25 19:36:41,425 [INFO] ThirdParty:1030 - CMSIS Pack Vendor :STMicroelectronics X-CUBE-TOF1 3.4.3
2025-10-25 19:36:41,426 [INFO] ThirdParty:1030 - CMSIS Pack Vendor :STMicroelectronics PDM2PCM 3.2.0
2025-10-25 19:36:41,427 [INFO] ThirdParty:841 - exiting critical section [change project]
2025-10-25 19:36:42,056 [INFO] PinOutPanel:1589 - setPackage(No Configuration,No Configuration)
2025-10-25 19:36:42,058 [INFO] PinOutPanel:1589 - setPackage(STM32F401RETx,LQFP64)
2025-10-25 19:36:42,680 [INFO] UtilMem:75 - Before build in PCC Used Memory: 346329768 Bytes (400556032)
2025-10-25 19:36:43,661 [INFO] UtilMem:75 - After build in PCC Used Memory: 260125632 Bytes (400556032)
2025-10-25 19:36:43,694 [INFO] IPUIPlugin:80 - create IPUIPlugin
2025-10-25 19:36:43,696 [INFO] IPUIPlugin:80 - create IPUIPlugin
2025-10-25 19:36:43,696 [INFO] IPUIPlugin:80 - create IPUIPlugin
2025-10-25 19:36:43,698 [INFO] IPUIPlugin:80 - create IPUIPlugin
2025-10-25 19:36:43,699 [INFO] IPUIPlugin:80 - create IPUIPlugin
2025-10-25 19:36:43,699 [INFO] IPUIPlugin:80 - create IPUIPlugin
2025-10-25 19:36:43,700 [INFO] IPUIPlugin:80 - create IPUIPlugin
2025-10-25 19:36:43,701 [INFO] IPUIPlugin:80 - create IPUIPlugin
2025-10-25 19:36:43,703 [INFO] IPUIPlugin:80 - create IPUIPlugin
2025-10-25 19:36:43,704 [INFO] IPUIPlugin:80 - create IPUIPlugin
2025-10-25 19:36:43,706 [INFO] IPUIPlugin:80 - create IPUIPlugin
2025-10-25 19:36:43,709 [INFO] IPUIPlugin:80 - create IPUIPlugin
2025-10-25 19:36:43,710 [INFO] IPUIPlugin:80 - create IPUIPlugin
2025-10-25 19:36:43,712 [INFO] IPUIPlugin:80 - create IPUIPlugin
2025-10-25 19:36:43,713 [INFO] IPUIPlugin:80 - create IPUIPlugin
2025-10-25 19:36:43,714 [INFO] IPUIPlugin:80 - create IPUIPlugin
2025-10-25 19:36:43,716 [INFO] IPUIPlugin:80 - create IPUIPlugin
2025-10-25 19:36:43,717 [INFO] IPUIPlugin:80 - create IPUIPlugin
2025-10-25 19:36:43,717 [INFO] IPUIPlugin:80 - create IPUIPlugin
2025-10-25 19:36:43,718 [INFO] IPUIPlugin:80 - create IPUIPlugin
2025-10-25 19:36:43,719 [INFO] IPUIPlugin:80 - create IPUIPlugin
2025-10-25 19:36:43,720 [INFO] IPUIPlugin:80 - create IPUIPlugin
2025-10-25 19:36:43,721 [INFO] IPUIPlugin:80 - create IPUIPlugin
2025-10-25 19:36:43,724 [INFO] IPUIPlugin:80 - create IPUIPlugin
2025-10-25 19:36:43,724 [INFO] IPUIPlugin:80 - create IPUIPlugin
2025-10-25 19:36:43,725 [INFO] IPUIPlugin:80 - create IPUIPlugin
2025-10-25 19:36:43,726 [INFO] IPUIPlugin:80 - create IPUIPlugin
2025-10-25 19:36:43,727 [INFO] IPUIPlugin:80 - create IPUIPlugin
2025-10-25 19:36:43,728 [INFO] IPUIPlugin:80 - create IPUIPlugin
2025-10-25 19:36:43,728 [INFO] IPUIPlugin:80 - create IPUIPlugin
2025-10-25 19:36:43,729 [INFO] IPUIPlugin:80 - create IPUIPlugin
2025-10-25 19:36:43,730 [INFO] IPUIPlugin:80 - create IPUIPlugin
2025-10-25 19:36:43,731 [INFO] IPUIPlugin:80 - create IPUIPlugin
2025-10-25 19:36:43,732 [INFO] IPUIPlugin:80 - create IPUIPlugin
2025-10-25 19:36:43,732 [INFO] IPUIPlugin:80 - create IPUIPlugin
2025-10-25 19:36:43,733 [INFO] IPUIPlugin:80 - create IPUIPlugin
2025-10-25 19:36:43,734 [INFO] IPUIPlugin:80 - create IPUIPlugin
2025-10-25 19:36:43,736 [INFO] IPUIPlugin:80 - create IPUIPlugin
2025-10-25 19:36:43,847 [INFO] ApiDbMcu:532 - Load IP Config File for PDM2PCM
2025-10-25 19:36:44,085 [INFO] CADModel:165 - CPN selected for project levelSTM32F401RET6
2025-10-25 19:36:44,086 [INFO] CADModel:114 - Register for checkConnection events
2025-10-25 19:36:44,158 [INFO] OpenFileManager:386 - Restore cursor
2025-10-25 19:37:24,368 [INFO] MainUpdater:2872 - connection check result : 10
2025-10-25 19:37:24,369 [INFO] MainUpdater:2872 - connection check result : 10
2025-10-25 19:37:24,386 [INFO] MicroXplorer:468 - Change Database Path : 
2025-10-25 19:37:24,390 [INFO] MicroXplorer:498 - Change Database Version : DB.6.0.150
2025-10-25 19:37:24,411 [ERROR] ProjectManagerView:395 - 
java.lang.NullPointerException: Cannot invoke "javax.swing.JTextField.getText()" because the return value of "java.util.List.get(int)" is null
	at com.st.microxplorer.plugins.projectmanager.gui.ProjectChoiceTab$9.caretUpdate(ProjectChoiceTab.java:2706) ~[filemanager.jar:?]
	at javax.swing.text.JTextComponent.fireCaretUpdate(JTextComponent.java:408) ~[?:?]
	at javax.swing.text.JTextComponent$MutableCaretEvent.fire(JTextComponent.java:4484) ~[?:?]
	at javax.swing.text.JTextComponent$MutableCaretEvent.stateChanged(JTextComponent.java:4506) ~[?:?]
	at javax.swing.text.DefaultCaret.fireStateChanged(DefaultCaret.java:857) ~[?:?]
	at javax.swing.text.DefaultCaret.changeCaretPosition(DefaultCaret.java:1343) ~[?:?]
	at javax.swing.text.DefaultCaret.handleSetDot(DefaultCaret.java:1242) ~[?:?]
	at javax.swing.text.DefaultCaret.setDot(DefaultCaret.java:1223) ~[?:?]
	at javax.swing.text.DefaultCaret$Handler.insertUpdate(DefaultCaret.java:1819) ~[?:?]
	at javax.swing.text.AbstractDocument.fireInsertUpdate(AbstractDocument.java:227) ~[?:?]
	at javax.swing.text.AbstractDocument.handleInsertString(AbstractDocument.java:781) ~[?:?]
	at javax.swing.text.AbstractDocument.insertString(AbstractDocument.java:740) ~[?:?]
	at javax.swing.text.PlainDocument.insertString(PlainDocument.java:131) ~[?:?]
	at javax.swing.text.AbstractDocument.replace(AbstractDocument.java:699) ~[?:?]
	at javax.swing.text.JTextComponent.setText(JTextComponent.java:1725) ~[?:?]
	at com.st.microxplorer.plugins.projectmanager.gui.ProjectChoiceTab.createHeapStackFields(ProjectChoiceTab.java:993) ~[filemanager.jar:?]
	at com.st.microxplorer.plugins.projectmanager.gui.ProjectChoiceTab.buildLinkSettingsPanel(ProjectChoiceTab.java:3813) ~[filemanager.jar:?]
	at com.st.microxplorer.plugins.projectmanager.gui.ProjectChoiceTab.defineWindowsFields(ProjectChoiceTab.java:1987) ~[filemanager.jar:?]
	at com.st.microxplorer.plugins.projectmanager.gui.ProjectChoiceTab.updateSettings(ProjectChoiceTab.java:558) ~[filemanager.jar:?]
	at com.st.microxplorer.plugins.projectmanager.gui.ProjectSettingsPanel.UpdateDialog(ProjectSettingsPanel.java:247) ~[filemanager.jar:?]
	at com.st.microxplorer.plugins.projectmanager.ProjectManagerView.propertyChange(ProjectManagerView.java:392) ~[filemanager.jar:?]
	at java.beans.PropertyChangeSupport.fire(PropertyChangeSupport.java:343) ~[?:?]
	at java.beans.PropertyChangeSupport.firePropertyChange(PropertyChangeSupport.java:335) ~[?:?]
	at java.beans.PropertyChangeSupport.firePropertyChange(PropertyChangeSupport.java:268) ~[?:?]
	at com.st.microxplorer.util.MXPropertyChangeSupport.firePropertyChange(MXPropertyChangeSupport.java:54) ~[STM32CubeMX.jar:?]
	at com.st.microxplorer.mxsystem.MxSystem.closeConfig(MxSystem.java:899) ~[STM32CubeMX.jar:?]
	at com.st.microxplorer.maingui.MainPanel.closeConfig(MainPanel.java:792) ~[STM32CubeMX.jar:?]
	at com.st.microxplorer.plugins.filemanager.engine.OpenFileManager.loadConfigurationFile(OpenFileManager.java:288) ~[filemanager.jar:?]
	at com.st.microxplorer.plugins.filemanager.engine.MainFileManager.userLoadConfig(MainFileManager.java:364) ~[filemanager.jar:?]
	at com.st.microxplorer.plugins.filemanager.engine.MainFileManager.userLoadConfig(MainFileManager.java:342) ~[filemanager.jar:?]
	at com.st.microxplorer.plugins.filemanager.FileManagerView.getSpecificTask(FileManagerView.java:264) ~[filemanager.jar:?]
	at com.st.stm32cube.common.mx.editor.CubeMxEditor.getMxTabbedPaneInstance(CubeMxEditor.java:1198) ~[com.st.stm32cube.common.mx_6.15.0.202507011659/:?]
	at com.st.stm32cube.common.mx.editor.CubeMxEditor$12$1.createSwingComponent(CubeMxEditor.java:1068) ~[com.st.stm32cube.common.mx_6.15.0.202507011659/:?]
	at com.st.stm32cube.common.mx.oss.core.awtswtbridge.EmbeddedSwingComposite.doComponentCreation(EmbeddedSwingComposite.java:492) ~[com.st.stm32cube.common.mx.oss_6.15.0.202507011659/:?]
	at com.st.stm32cube.common.mx.oss.core.awtswtbridge.EmbeddedSwingComposite$4.run(EmbeddedSwingComposite.java:291) ~[com.st.stm32cube.common.mx.oss_6.15.0.202507011659/:?]
	at com.st.stm32cube.common.mx.oss.core.awtswtbridge.AwtEnvironment$2.run(AwtEnvironment.java:166) ~[com.st.stm32cube.common.mx.oss_6.15.0.202507011659/:?]
	at java.awt.event.InvocationEvent.dispatch(InvocationEvent.java:318) ~[?:?]
	at java.awt.EventQueue.dispatchEventImpl(EventQueue.java:773) ~[?:?]
	at java.awt.EventQueue$4.run(EventQueue.java:720) ~[?:?]
	at java.awt.EventQueue$4.run(EventQueue.java:714) ~[?:?]
	at java.security.AccessController.doPrivileged(AccessController.java:400) ~[?:?]
	at java.security.ProtectionDomain$JavaSecurityAccessImpl.doIntersectionPrivilege(ProtectionDomain.java:87) ~[?:?]
	at java.awt.EventQueue.dispatchEvent(EventQueue.java:742) ~[?:?]
	at java.awt.EventDispatchThread.pumpOneEventForFilters(EventDispatchThread.java:203) ~[?:?]
	at java.awt.EventDispatchThread.pumpEventsForFilter(EventDispatchThread.java:124) ~[?:?]
	at java.awt.EventDispatchThread.pumpEventsForHierarchy(EventDispatchThread.java:113) ~[?:?]
	at java.awt.EventDispatchThread.pumpEvents(EventDispatchThread.java:109) ~[?:?]
	at java.awt.EventDispatchThread.pumpEvents(EventDispatchThread.java:101) ~[?:?]
	at java.awt.EventDispatchThread.run(EventDispatchThread.java:90) ~[?:?]
2025-10-25 19:37:24,419 [WARN] ThirdParty:871 - waiting for thirdparty lock release [close project]
2025-10-25 19:37:24,419 [INFO] ThirdParty:873 - entering critical section [close project]
2025-10-25 19:37:24,424 [INFO] ThirdParty:883 - exiting critical section [close project]
2025-10-25 19:37:24,427 [INFO] PinOutPanel:1589 - setPackage(No Configuration,No Configuration)
2025-10-25 19:37:24,462 [WARN] IpParametersView:155 - Warning: This peripheral hasn't parameters
2025-10-25 19:37:24,497 [WARN] MainPanel:289 - <html><b><center>Warning: This peripheral has no parameters to be configured<br></b></html>
2025-10-25 19:37:24,508 [INFO] UtilMem:75 - Begin LoadConfig() Used Memory: 258111088 Bytes (411041792)
2025-10-25 19:37:24,530 [INFO] MicroXplorer:468 - Change Database Path : 
2025-10-25 19:37:24,533 [INFO] MicroXplorer:498 - Change Database Version : DB.6.0.150
2025-10-25 19:37:24,534 [INFO] OpenFileManager:355 - Change cursor
2025-10-25 19:37:24,545 [INFO] Mcu:2029 - Initializing MCU STM32F401R(D-E)Tx STM32F401RETx STM32F401RET6
2025-10-25 19:37:25,675 [INFO] Context:786 - Trying to add GPIOservice into a context  which must be forbidden
2025-10-25 19:37:25,927 [INFO] ImportTextPane:234 - (OptionalMessage_ERROR) Pin16 (VP_RIF_VS_RIF1) cannot be retrieved for this MCU
2025-10-25 19:37:25,956 [INFO] RtosManager:558 - Registered RTOS mode: class=CMSIS, group=RTOS, mode=CMSIS_V1, owner=FREERTOS
2025-10-25 19:37:25,957 [INFO] RtosManager:558 - Registered RTOS mode: class=CMSIS, group=RTOS2, mode=CMSIS_V2, owner=FREERTOS
2025-10-25 19:37:25,957 [INFO] RtosManager:558 - Registered RTOS mode: class=RTOS, group=Core, mode=CMSIS_V1, owner=FREERTOS
2025-10-25 19:37:25,958 [INFO] RtosManager:558 - Registered RTOS mode: class=RTOS, group=Core, mode=CMSIS_V2, owner=FREERTOS
2025-10-25 19:37:25,959 [WARN] ModelIntegratedComponent:184 - Missing modes for component STMicroelectronics:FreeRTOS:0.0.1:STMicroelectronics:RTOS:FreeRTOS:Core:::10.2.0:
2025-10-25 19:37:25,967 [WARN] ModelIntegratedComponent:63 - No mode defined for component null
2025-10-25 19:37:25,967 [WARN] ModelIntegratedComponent:63 - No mode defined for component null
2025-10-25 19:37:25,968 [WARN] ModelIntegratedComponent:63 - No mode defined for component null
2025-10-25 19:37:25,969 [WARN] ModelIntegratedComponent:63 - No mode defined for component null
2025-10-25 19:37:25,970 [WARN] ModelIntegratedComponent:63 - No mode defined for component null
2025-10-25 19:37:25,972 [WARN] ModelIntegratedComponent:63 - No mode defined for component null
2025-10-25 19:37:25,972 [WARN] ModelIntegratedComponent:63 - No mode defined for component null
2025-10-25 19:37:25,973 [WARN] ModelIntegratedComponent:63 - No mode defined for component null
2025-10-25 19:37:25,974 [WARN] ModelIntegratedComponent:63 - No mode defined for component null
2025-10-25 19:37:25,974 [WARN] ModelIntegratedComponent:63 - No mode defined for component null
2025-10-25 19:37:25,975 [WARN] ModelIntegratedComponent:63 - No mode defined for component null
2025-10-25 19:37:25,976 [WARN] ModelIntegratedComponent:63 - No mode defined for component null
2025-10-25 19:37:25,976 [WARN] ModelIntegratedComponent:63 - No mode defined for component null
2025-10-25 19:37:25,977 [WARN] ModelIntegratedComponent:63 - No mode defined for component null
2025-10-25 19:37:25,978 [WARN] ModelIntegratedComponent:63 - No mode defined for component null
2025-10-25 19:37:25,978 [WARN] ModelIntegratedComponent:63 - No mode defined for component null
2025-10-25 19:37:25,979 [WARN] ModelIntegratedComponent:63 - No mode defined for component null
2025-10-25 19:37:25,980 [WARN] ModelIntegratedComponent:63 - No mode defined for component null
2025-10-25 19:37:25,980 [WARN] ModelIntegratedComponent:63 - No mode defined for component null
2025-10-25 19:37:25,981 [WARN] ModelIntegratedComponent:63 - No mode defined for component null
2025-10-25 19:37:25,982 [WARN] ModelIntegratedComponent:63 - No mode defined for component null
2025-10-25 19:37:25,982 [WARN] ModelIntegratedComponent:63 - No mode defined for component null
2025-10-25 19:37:25,983 [WARN] ModelIntegratedComponent:63 - No mode defined for component null
2025-10-25 19:37:25,984 [WARN] ModelIntegratedComponent:63 - No mode defined for component null
2025-10-25 19:37:25,984 [WARN] ModelIntegratedComponent:63 - No mode defined for component null
2025-10-25 19:37:25,985 [WARN] ModelIntegratedComponent:63 - No mode defined for component null
2025-10-25 19:37:25,986 [WARN] ModelIntegratedComponent:63 - No mode defined for component null
2025-10-25 19:37:25,987 [WARN] ModelIntegratedComponent:63 - No mode defined for component null
2025-10-25 19:37:25,989 [WARN] ModelIntegratedComponent:63 - No mode defined for component null
2025-10-25 19:37:25,989 [WARN] ModelIntegratedComponent:63 - No mode defined for component null
2025-10-25 19:37:25,990 [WARN] ModelIntegratedComponent:63 - No mode defined for component null
2025-10-25 19:37:25,991 [WARN] ModelIntegratedComponent:63 - No mode defined for component null
2025-10-25 19:37:25,991 [WARN] ModelIntegratedComponent:63 - No mode defined for component null
2025-10-25 19:37:25,992 [WARN] ModelIntegratedComponent:63 - No mode defined for component null
2025-10-25 19:37:25,992 [WARN] ModelIntegratedComponent:63 - No mode defined for component null
2025-10-25 19:37:25,993 [WARN] ModelPack:524 - Component already loaded: STMicroelectronics:HAL Drivers:0.0.0:STMicroelectronics:Device:STMicro_Driver:XSPI:HAL::0.0.1:HAL_XSPI
2025-10-25 19:37:26,069 [INFO] ThirdPartyModel:298 - Start build external matchings
2025-10-25 19:37:26,509 [INFO] ThirdPartyModel:316 - End build external matchings
2025-10-25 19:37:26,520 [INFO] ImportTextPane:234 - (OptionalMessage_ERROR) IP (RCC) : Parameter (RTCHSEDivFreq_Value) has invalid value (4000000)
2025-10-25 19:37:26,842 [INFO] UtilMem:75 - End LoadConfig() Used Memory: 261933440 Bytes (512753664)
2025-10-25 19:37:26,879 [WARN] ThirdParty:833 - waiting for thirdparty lock release [change project]
2025-10-25 19:37:26,880 [INFO] ThirdParty:835 - entering critical section [change project]
2025-10-25 19:37:26,881 [INFO] ThirdParty:1030 - CMSIS Pack Vendor :STMicroelectronics X-CUBE-PM33A1 1.0.0
2025-10-25 19:37:26,882 [INFO] ThirdParty:1030 - CMSIS Pack Vendor :STMicroelectronics USBPD 4.1
2025-10-25 19:37:26,883 [INFO] ThirdParty:1030 - CMSIS Pack Vendor :STMicroelectronics X-CUBE-NFC9 1.0.0
2025-10-25 19:37:26,884 [INFO] ThirdParty:1030 - CMSIS Pack Vendor :STMicroelectronics USB_HOST 2.0.0
2025-10-25 19:37:26,884 [INFO] ThirdParty:1030 - CMSIS Pack Vendor :STMicroelectronics FP-SNS-MOTENVWB1 1.4.0
2025-10-25 19:37:26,885 [INFO] ThirdParty:1030 - CMSIS Pack Vendor :STMicroelectronics X-CUBE-AZRTOS-F4 1.1.0
2025-10-25 19:37:26,886 [INFO] ThirdParty:1030 - CMSIS Pack Vendor :STMicroelectronics LIBJPEG 8.0.0
2025-10-25 19:37:26,886 [INFO] ThirdParty:1030 - CMSIS Pack Vendor :STMicroelectronics FP-ATR-ASTRA1 2.0.2
2025-10-25 19:37:26,891 [INFO] ThirdParty:1030 - CMSIS Pack Vendor :wolfSSL I-CUBE-wolfSSL 5.8.2
2025-10-25 19:37:26,892 [INFO] ThirdParty:1030 - CMSIS Pack Vendor :STMicroelectronics X-CUBE-BLE1 7.1.0
2025-10-25 19:37:26,893 [INFO] ThirdParty:1030 - CMSIS Pack Vendor :STMicroelectronics X-CUBE-SMBUS 2.1.0
2025-10-25 19:37:26,893 [INFO] ThirdParty:1030 - CMSIS Pack Vendor :wolfSSL I-CUBE-wolfMQTT 1.19.2
2025-10-25 19:37:26,894 [INFO] ThirdParty:1030 - CMSIS Pack Vendor :STMicroelectronics USB_DEVICE 3.0.0
2025-10-25 19:37:26,894 [INFO] ThirdParty:1030 - CMSIS Pack Vendor :STMicroelectronics X-CUBE-ISPU 2.1.0
2025-10-25 19:37:26,895 [INFO] ThirdParty:1030 - CMSIS Pack Vendor :STMicroelectronics X-CUBE-EEPRMA1 5.2.0
2025-10-25 19:37:26,895 [INFO] ThirdParty:1030 - CMSIS Pack Vendor :STMicroelectronics X-CUBE-IPS 3.2.0
2025-10-25 19:37:26,896 [INFO] ThirdParty:1030 - CMSIS Pack Vendor :STMicroelectronics X-CUBE-BLEMGR 4.1.0
2025-10-25 19:37:26,896 [INFO] ThirdParty:1030 - CMSIS Pack Vendor :STMicroelectronics X-CUBE-AZRTOS-WB 2.0.0
2025-10-25 19:37:26,897 [INFO] ThirdParty:1030 - CMSIS Pack Vendor :STMicroelectronics X-CUBE-GNSS1 7.0.1
2025-10-25 19:37:26,897 [INFO] ThirdParty:1030 - CMSIS Pack Vendor :STMicroelectronics X-CUBE-NFC12 1.0.0
2025-10-25 19:37:26,898 [INFO] ThirdParty:1030 - CMSIS Pack Vendor :STMicroelectronics X-CUBE-AZRTOS-F7 1.1.0
2025-10-25 19:37:26,899 [INFO] ThirdParty:1030 - CMSIS Pack Vendor :STMicroelectronics X-CUBE-AZRTOS-L5 2.0.0
2025-10-25 19:37:26,899 [INFO] ThirdParty:1030 - CMSIS Pack Vendor :STMicroelectronics USB_DEVICE 2.0.0
2025-10-25 19:37:26,900 [INFO] ThirdParty:1030 - CMSIS Pack Vendor :STMicroelectronics X-CUBE-NFC6 3.1.0
2025-10-25 19:37:26,900 [INFO] ThirdParty:1030 - CMSIS Pack Vendor :STMicroelectronics X-CUBE-ST67W61 1.1.0
2025-10-25 19:37:26,901 [INFO] ThirdParty:1030 - CMSIS Pack Vendor :Cesanta I-CUBE-Mongoose 7.19.0
2025-10-25 19:37:26,901 [INFO] ThirdParty:1030 - CMSIS Pack Vendor :quantropi X-CUBE-qispace-sdk-base 2.1.0
2025-10-25 19:37:26,902 [INFO] ThirdParty:1030 - CMSIS Pack Vendor :STMicroelectronics FreeRTOS 0.0.1
2025-10-25 19:37:26,902 [INFO] ThirdParty:1030 - CMSIS Pack Vendor :STMicroelectronics X-CUBE-AZRTOS-G0 1.1.0
2025-10-25 19:37:26,903 [INFO] ThirdParty:1030 - CMSIS Pack Vendor :STMicroelectronics X-CUBE-SAFEA1 1.2.2
2025-10-25 19:37:26,903 [INFO] ThirdParty:1030 - CMSIS Pack Vendor :STMicroelectronics X-CUBE-NFC4 3.0.0
2025-10-25 19:37:26,905 [INFO] ThirdParty:1030 - CMSIS Pack Vendor :STMicroelectronics X-CUBE-SUBG2 5.0.0
2025-10-25 19:37:26,906 [INFO] ThirdParty:1030 - CMSIS Pack Vendor :STMicroelectronics X-CUBE-AZRTOS-H7RS 1.1.0
2025-10-25 19:37:26,907 [INFO] ThirdParty:1030 - CMSIS Pack Vendor :STMicroelectronics STM32_WPAN 1.0.0
2025-10-25 19:37:26,907 [INFO] ThirdParty:1030 - CMSIS Pack Vendor :EmbeddedOffice I-CUBE-FS-RTOS 1.0.1
2025-10-25 19:37:26,908 [INFO] ThirdParty:1030 - CMSIS Pack Vendor :STMicroelectronics lwIP 2.0.3
2025-10-25 19:37:26,908 [INFO] ThirdParty:1030 - CMSIS Pack Vendor :WES I-CUBE-Cesium 1.4.0
2025-10-25 19:37:26,909 [INFO] ThirdParty:1030 - CMSIS Pack Vendor :STMicroelectronics USB_HOST 1.0.0
2025-10-25 19:37:26,909 [INFO] ThirdParty:1030 - CMSIS Pack Vendor :Infineon AIROC-Wi-Fi-Bluetooth-STM32 1.7.1
2025-10-25 19:37:26,910 [INFO] ThirdParty:1030 - CMSIS Pack Vendor :STMicroelectronics X-CUBE-AZRTOS-G4 2.0.0
2025-10-25 19:37:26,910 [INFO] ThirdParty:1030 - CMSIS Pack Vendor :STMicroelectronics X-CUBE-WB05N 2.0.0
2025-10-25 19:37:26,911 [INFO] ThirdParty:1030 - CMSIS Pack Vendor :STMicroelectronics PDM2PCM 3.1.0
2025-10-25 19:37:26,912 [INFO] ThirdParty:1030 - CMSIS Pack Vendor :STMicroelectronics PDM2PCM 3.3.0
2025-10-25 19:37:26,912 [INFO] ThirdParty:1030 - CMSIS Pack Vendor :wolfSSL I-CUBE-wolfTPM 3.8.0
2025-10-25 19:37:26,913 [INFO] ThirdParty:1030 - CMSIS Pack Vendor :STMicroelectronics X-CUBE-AZRTOS-H7 3.4.0
2025-10-25 19:37:26,913 [INFO] ThirdParty:1030 - CMSIS Pack Vendor :STMicroelectronics X-CUBE-DISPLAY 3.0.0
2025-10-25 19:37:26,914 [INFO] ThirdParty:1030 - CMSIS Pack Vendor :wolfSSL I-CUBE-wolfSSH 1.4.20
2025-10-25 19:37:26,915 [INFO] ThirdParty:1030 - CMSIS Pack Vendor :STMicroelectronics X-CUBE-NFC7 2.0.0
2025-10-25 19:37:26,915 [INFO] ThirdParty:1030 - CMSIS Pack Vendor :STMicroelectronics X-CUBE-TCPP 4.2.0
2025-10-25 19:37:26,916 [INFO] ThirdParty:1030 - CMSIS Pack Vendor :RealThread X-CUBE-RT-Thread_Nano 4.1.1
2025-10-25 19:37:26,916 [INFO] ThirdParty:1030 - CMSIS Pack Vendor :STMicroelectronics FP-ATR-SIGFOX1 3.2.0
2025-10-25 19:37:26,917 [INFO] ThirdParty:1030 - CMSIS Pack Vendor :STMicroelectronics X-CUBE-NFC10 1.0.0
2025-10-25 19:37:26,917 [INFO] ThirdParty:1030 - CMSIS Pack Vendor :STMicroelectronics X-CUBE-FREERTOS 1.3.1
2025-10-25 19:37:26,918 [INFO] ThirdParty:1030 - CMSIS Pack Vendor :STMicroelectronics HAL Drivers 0.0.0
2025-10-25 19:37:26,918 [INFO] ThirdParty:1030 - CMSIS Pack Vendor :STMicroelectronics MBEDTLS 2.16.2
2025-10-25 19:37:26,919 [INFO] ThirdParty:1030 - CMSIS Pack Vendor :STMicroelectronics X-CUBE-ST60 1.1.0
2025-10-25 19:37:26,919 [INFO] ThirdParty:1030 - CMSIS Pack Vendor :STMicroelectronics X-CUBE-ALS 1.0.2
2025-10-25 19:37:26,920 [INFO] ThirdParty:1030 - CMSIS Pack Vendor :emotas I-CUBE-CANOPEN 1.3.0
2025-10-25 19:37:26,922 [INFO] ThirdParty:1030 - CMSIS Pack Vendor :STMicroelectronics MBEDTLS 2.14.1
2025-10-25 19:37:26,923 [INFO] ThirdParty:1030 - CMSIS Pack Vendor :ITTIA_DB I-CUBE-ITTIADB 8.9.0
2025-10-25 19:37:26,923 [INFO] ThirdParty:1030 - CMSIS Pack Vendor :STMicroelectronics X-CUBE-TOUCHGFX 4.26.0
2025-10-25 19:37:26,924 [INFO] ThirdParty:1030 - CMSIS Pack Vendor :STMicroelectronics X-CUBE-STSE01 1.0.0
2025-10-25 19:37:26,925 [INFO] ThirdParty:1030 - CMSIS Pack Vendor :STMicroelectronics FP-SNS-STBOX1 2.1.0
2025-10-25 19:37:26,925 [INFO] ThirdParty:1030 - CMSIS Pack Vendor :STMicroelectronics X-CUBE-AI 10.2.0
2025-10-25 19:37:26,926 [INFO] ThirdParty:1030 - CMSIS Pack Vendor :STMicroelectronics FP-SNS-STAIOTCFT 1.0.0
2025-10-25 19:37:26,926 [INFO] ThirdParty:1030 - CMSIS Pack Vendor :STMicroelectronics ThreadX 1.0.0
2025-10-25 19:37:26,927 [INFO] ThirdParty:1030 - CMSIS Pack Vendor :STMicroelectronics FP-SNS-SMARTAG2 1.2.0
2025-10-25 19:37:26,928 [INFO] ThirdParty:1030 - CMSIS Pack Vendor :STMicroelectronics FP-SNS-FLIGHT1 5.1.0
2025-10-25 19:37:26,928 [INFO] ThirdParty:1030 - CMSIS Pack Vendor :STMicroelectronics X-CUBE-AZRTOS-WL 2.0.0
2025-10-25 19:37:26,929 [INFO] ThirdParty:1030 - CMSIS Pack Vendor :SEGGER I-CUBE-embOS 1.3.1
2025-10-25 19:37:26,929 [INFO] ThirdParty:1030 - CMSIS Pack Vendor :STMicroelectronics X-CUBE-ALGOBUILD 1.4.0
2025-10-25 19:37:26,930 [INFO] ThirdParty:1030 - CMSIS Pack Vendor :STMicroelectronics X-CUBE-DPower 1.3.0
2025-10-25 19:37:26,930 [INFO] ThirdParty:1030 - CMSIS Pack Vendor :STMicroelectronics X-CUBE-MEMS1 11.3.0
2025-10-25 19:37:26,931 [INFO] ThirdParty:1030 - CMSIS Pack Vendor :STMicroelectronics FP-SNS-MOTENV1 5.0.0
2025-10-25 19:37:26,931 [INFO] ThirdParty:1030 - CMSIS Pack Vendor :STMicroelectronics USB_DEVICE 1.0.0
2025-10-25 19:37:26,932 [INFO] ThirdParty:1030 - CMSIS Pack Vendor :STMicroelectronics X-CUBE-AZRTOS-L4 2.0.0
2025-10-25 19:37:26,932 [INFO] ThirdParty:1030 - CMSIS Pack Vendor :STMicroelectronics ThreadX 0.0.2
2025-10-25 19:37:26,933 [INFO] ThirdParty:1030 - CMSIS Pack Vendor :STMicroelectronics lwIP 2.1.2
2025-10-25 19:37:26,933 [INFO] ThirdParty:1030 - CMSIS Pack Vendor :STMicroelectronics X-CUBE-SFXS2LP1 4.0.0
2025-10-25 19:37:26,934 [INFO] ThirdParty:1030 - CMSIS Pack Vendor :STMicroelectronics X-CUBE-BLE2 3.3.0
2025-10-25 19:37:26,934 [INFO] ThirdParty:1030 - CMSIS Pack Vendor :STMicroelectronics X-CUBE-TOF1 3.4.3
2025-10-25 19:37:26,935 [INFO] ThirdParty:1030 - CMSIS Pack Vendor :STMicroelectronics PDM2PCM 3.2.0
2025-10-25 19:37:26,936 [INFO] ThirdParty:841 - exiting critical section [change project]
2025-10-25 19:37:27,134 [INFO] PinOutPanel:1589 - setPackage(No Configuration,No Configuration)
2025-10-25 19:37:27,136 [INFO] PinOutPanel:1589 - setPackage(STM32F401RETx,LQFP64)
2025-10-25 19:37:27,434 [INFO] UtilMem:75 - Before build in PCC Used Memory: 280756240 Bytes (512753664)
2025-10-25 19:37:27,813 [INFO] UtilMem:75 - After build in PCC Used Memory: 324796432 Bytes (512753664)
2025-10-25 19:37:27,834 [INFO] IPUIPlugin:80 - create IPUIPlugin
2025-10-25 19:37:27,835 [INFO] IPUIPlugin:80 - create IPUIPlugin
2025-10-25 19:37:27,835 [INFO] IPUIPlugin:80 - create IPUIPlugin
2025-10-25 19:37:27,836 [INFO] IPUIPlugin:80 - create IPUIPlugin
2025-10-25 19:37:27,837 [INFO] IPUIPlugin:80 - create IPUIPlugin
2025-10-25 19:37:27,839 [INFO] IPUIPlugin:80 - create IPUIPlugin
2025-10-25 19:37:27,840 [INFO] IPUIPlugin:80 - create IPUIPlugin
2025-10-25 19:37:27,840 [INFO] IPUIPlugin:80 - create IPUIPlugin
2025-10-25 19:37:27,841 [INFO] IPUIPlugin:80 - create IPUIPlugin
2025-10-25 19:37:27,842 [INFO] IPUIPlugin:80 - create IPUIPlugin
2025-10-25 19:37:27,842 [INFO] IPUIPlugin:80 - create IPUIPlugin
2025-10-25 19:37:27,843 [INFO] IPUIPlugin:80 - create IPUIPlugin
2025-10-25 19:37:27,844 [INFO] IPUIPlugin:80 - create IPUIPlugin
2025-10-25 19:37:27,844 [INFO] IPUIPlugin:80 - create IPUIPlugin
2025-10-25 19:37:27,845 [INFO] IPUIPlugin:80 - create IPUIPlugin
2025-10-25 19:37:27,846 [INFO] IPUIPlugin:80 - create IPUIPlugin
2025-10-25 19:37:27,846 [INFO] IPUIPlugin:80 - create IPUIPlugin
2025-10-25 19:37:27,847 [INFO] IPUIPlugin:80 - create IPUIPlugin
2025-10-25 19:37:27,848 [INFO] IPUIPlugin:80 - create IPUIPlugin
2025-10-25 19:37:27,849 [INFO] IPUIPlugin:80 - create IPUIPlugin
2025-10-25 19:37:27,849 [INFO] IPUIPlugin:80 - create IPUIPlugin
2025-10-25 19:37:27,850 [INFO] IPUIPlugin:80 - create IPUIPlugin
2025-10-25 19:37:27,851 [INFO] IPUIPlugin:80 - create IPUIPlugin
2025-10-25 19:37:27,852 [INFO] IPUIPlugin:80 - create IPUIPlugin
2025-10-25 19:37:27,853 [INFO] IPUIPlugin:80 - create IPUIPlugin
2025-10-25 19:37:27,854 [INFO] IPUIPlugin:80 - create IPUIPlugin
2025-10-25 19:37:27,856 [INFO] IPUIPlugin:80 - create IPUIPlugin
2025-10-25 19:37:27,857 [INFO] IPUIPlugin:80 - create IPUIPlugin
2025-10-25 19:37:27,858 [INFO] IPUIPlugin:80 - create IPUIPlugin
2025-10-25 19:37:27,859 [INFO] IPUIPlugin:80 - create IPUIPlugin
2025-10-25 19:37:27,859 [INFO] IPUIPlugin:80 - create IPUIPlugin
2025-10-25 19:37:27,860 [INFO] IPUIPlugin:80 - create IPUIPlugin
2025-10-25 19:37:27,861 [INFO] IPUIPlugin:80 - create IPUIPlugin
2025-10-25 19:37:27,862 [INFO] IPUIPlugin:80 - create IPUIPlugin
2025-10-25 19:37:27,863 [INFO] IPUIPlugin:80 - create IPUIPlugin
2025-10-25 19:37:27,864 [INFO] IPUIPlugin:80 - create IPUIPlugin
2025-10-25 19:37:27,865 [INFO] IPUIPlugin:80 - create IPUIPlugin
2025-10-25 19:37:27,866 [INFO] IPUIPlugin:80 - create IPUIPlugin
2025-10-25 19:37:27,869 [INFO] ApiDbMcu:532 - Load IP Config File for PDM2PCM
2025-10-25 19:37:27,929 [INFO] CADModel:165 - CPN selected for project levelSTM32F401RET6
2025-10-25 19:37:27,930 [INFO] CADModel:114 - Register for checkConnection events
2025-10-25 19:37:27,986 [INFO] OpenFileManager:386 - Restore cursor
2025-10-25 19:37:40,279 [INFO] MainUpdater:2872 - connection check result : 10
2025-10-25 19:37:40,280 [INFO] MainUpdater:2872 - connection check result : 10
2025-10-25 19:37:40,297 [INFO] MicroXplorer:468 - Change Database Path : 
2025-10-25 19:37:40,298 [INFO] MicroXplorer:498 - Change Database Version : DB.6.0.150
2025-10-25 19:37:40,331 [ERROR] ProjectManagerView:395 - 
java.lang.NullPointerException: Cannot invoke "javax.swing.JTextField.getText()" because the return value of "java.util.List.get(int)" is null
	at com.st.microxplorer.plugins.projectmanager.gui.ProjectChoiceTab$9.caretUpdate(ProjectChoiceTab.java:2706) ~[filemanager.jar:?]
	at javax.swing.text.JTextComponent.fireCaretUpdate(JTextComponent.java:408) ~[?:?]
	at javax.swing.text.JTextComponent$MutableCaretEvent.fire(JTextComponent.java:4484) ~[?:?]
	at javax.swing.text.JTextComponent$MutableCaretEvent.stateChanged(JTextComponent.java:4506) ~[?:?]
	at javax.swing.text.DefaultCaret.fireStateChanged(DefaultCaret.java:857) ~[?:?]
	at javax.swing.text.DefaultCaret.changeCaretPosition(DefaultCaret.java:1343) ~[?:?]
	at javax.swing.text.DefaultCaret.handleSetDot(DefaultCaret.java:1242) ~[?:?]
	at javax.swing.text.DefaultCaret.setDot(DefaultCaret.java:1223) ~[?:?]
	at javax.swing.text.DefaultCaret$Handler.insertUpdate(DefaultCaret.java:1819) ~[?:?]
	at javax.swing.text.AbstractDocument.fireInsertUpdate(AbstractDocument.java:227) ~[?:?]
	at javax.swing.text.AbstractDocument.handleInsertString(AbstractDocument.java:781) ~[?:?]
	at javax.swing.text.AbstractDocument.insertString(AbstractDocument.java:740) ~[?:?]
	at javax.swing.text.PlainDocument.insertString(PlainDocument.java:131) ~[?:?]
	at javax.swing.text.AbstractDocument.replace(AbstractDocument.java:699) ~[?:?]
	at javax.swing.text.JTextComponent.setText(JTextComponent.java:1725) ~[?:?]
	at com.st.microxplorer.plugins.projectmanager.gui.ProjectChoiceTab.createHeapStackFields(ProjectChoiceTab.java:993) ~[filemanager.jar:?]
	at com.st.microxplorer.plugins.projectmanager.gui.ProjectChoiceTab.buildLinkSettingsPanel(ProjectChoiceTab.java:3813) ~[filemanager.jar:?]
	at com.st.microxplorer.plugins.projectmanager.gui.ProjectChoiceTab.defineWindowsFields(ProjectChoiceTab.java:1987) ~[filemanager.jar:?]
	at com.st.microxplorer.plugins.projectmanager.gui.ProjectChoiceTab.updateSettings(ProjectChoiceTab.java:558) ~[filemanager.jar:?]
	at com.st.microxplorer.plugins.projectmanager.gui.ProjectSettingsPanel.UpdateDialog(ProjectSettingsPanel.java:247) ~[filemanager.jar:?]
	at com.st.microxplorer.plugins.projectmanager.ProjectManagerView.propertyChange(ProjectManagerView.java:392) ~[filemanager.jar:?]
	at java.beans.PropertyChangeSupport.fire(PropertyChangeSupport.java:343) ~[?:?]
	at java.beans.PropertyChangeSupport.firePropertyChange(PropertyChangeSupport.java:335) ~[?:?]
	at java.beans.PropertyChangeSupport.firePropertyChange(PropertyChangeSupport.java:268) ~[?:?]
	at com.st.microxplorer.util.MXPropertyChangeSupport.firePropertyChange(MXPropertyChangeSupport.java:54) ~[STM32CubeMX.jar:?]
	at com.st.microxplorer.mxsystem.MxSystem.closeConfig(MxSystem.java:899) ~[STM32CubeMX.jar:?]
	at com.st.microxplorer.maingui.MainPanel.closeConfig(MainPanel.java:792) ~[STM32CubeMX.jar:?]
	at com.st.microxplorer.plugins.filemanager.engine.OpenFileManager.loadConfigurationFile(OpenFileManager.java:288) ~[filemanager.jar:?]
	at com.st.microxplorer.plugins.filemanager.engine.MainFileManager.userLoadConfig(MainFileManager.java:364) ~[filemanager.jar:?]
	at com.st.microxplorer.plugins.filemanager.engine.MainFileManager.userLoadConfig(MainFileManager.java:342) ~[filemanager.jar:?]
	at com.st.microxplorer.plugins.filemanager.FileManagerView.getSpecificTask(FileManagerView.java:264) ~[filemanager.jar:?]
	at com.st.stm32cube.common.mx.editor.CubeMxEditor.getMxTabbedPaneInstance(CubeMxEditor.java:1198) ~[com.st.stm32cube.common.mx_6.15.0.202507011659/:?]
	at com.st.stm32cube.common.mx.editor.CubeMxEditor$12$1.createSwingComponent(CubeMxEditor.java:1068) ~[com.st.stm32cube.common.mx_6.15.0.202507011659/:?]
	at com.st.stm32cube.common.mx.oss.core.awtswtbridge.EmbeddedSwingComposite.doComponentCreation(EmbeddedSwingComposite.java:492) ~[com.st.stm32cube.common.mx.oss_6.15.0.202507011659/:?]
	at com.st.stm32cube.common.mx.oss.core.awtswtbridge.EmbeddedSwingComposite$4.run(EmbeddedSwingComposite.java:291) ~[com.st.stm32cube.common.mx.oss_6.15.0.202507011659/:?]
	at com.st.stm32cube.common.mx.oss.core.awtswtbridge.AwtEnvironment$2.run(AwtEnvironment.java:166) ~[com.st.stm32cube.common.mx.oss_6.15.0.202507011659/:?]
	at java.awt.event.InvocationEvent.dispatch(InvocationEvent.java:318) ~[?:?]
	at java.awt.EventQueue.dispatchEventImpl(EventQueue.java:773) ~[?:?]
	at java.awt.EventQueue$4.run(EventQueue.java:720) ~[?:?]
	at java.awt.EventQueue$4.run(EventQueue.java:714) ~[?:?]
	at java.security.AccessController.doPrivileged(AccessController.java:400) ~[?:?]
	at java.security.ProtectionDomain$JavaSecurityAccessImpl.doIntersectionPrivilege(ProtectionDomain.java:87) ~[?:?]
	at java.awt.EventQueue.dispatchEvent(EventQueue.java:742) ~[?:?]
	at java.awt.EventDispatchThread.pumpOneEventForFilters(EventDispatchThread.java:203) ~[?:?]
	at java.awt.EventDispatchThread.pumpEventsForFilter(EventDispatchThread.java:124) ~[?:?]
	at java.awt.EventDispatchThread.pumpEventsForHierarchy(EventDispatchThread.java:113) ~[?:?]
	at java.awt.EventDispatchThread.pumpEvents(EventDispatchThread.java:109) ~[?:?]
	at java.awt.EventDispatchThread.pumpEvents(EventDispatchThread.java:101) ~[?:?]
	at java.awt.EventDispatchThread.run(EventDispatchThread.java:90) ~[?:?]
2025-10-25 19:37:40,333 [WARN] ThirdParty:871 - waiting for thirdparty lock release [close project]
2025-10-25 19:37:40,334 [INFO] ThirdParty:873 - entering critical section [close project]
2025-10-25 19:37:40,335 [INFO] ThirdParty:883 - exiting critical section [close project]
2025-10-25 19:37:40,337 [INFO] PinOutPanel:1589 - setPackage(No Configuration,No Configuration)
2025-10-25 19:37:40,348 [WARN] IpParametersView:155 - Warning: This peripheral hasn't parameters
2025-10-25 19:37:40,363 [WARN] MainPanel:289 - <html><b><center>Warning: This peripheral has no parameters to be configured<br></b></html>
2025-10-25 19:37:40,391 [INFO] UtilMem:75 - Begin LoadConfig() Used Memory: 303710968 Bytes (512753664)
2025-10-25 19:37:40,392 [INFO] MicroXplorer:468 - Change Database Path : 
2025-10-25 19:37:40,393 [INFO] MicroXplorer:498 - Change Database Version : DB.6.0.150
2025-10-25 19:37:40,394 [INFO] OpenFileManager:355 - Change cursor
2025-10-25 19:37:40,401 [INFO] Mcu:2029 - Initializing MCU STM32F401R(D-E)Tx STM32F401RETx STM32F401RET6
2025-10-25 19:37:41,190 [INFO] Context:786 - Trying to add GPIOservice into a context  which must be forbidden
2025-10-25 19:37:41,536 [INFO] ImportTextPane:234 - (OptionalMessage_ERROR) Pin16 (VP_RIF_VS_RIF1) cannot be retrieved for this MCU
2025-10-25 19:37:41,559 [INFO] RtosManager:558 - Registered RTOS mode: class=CMSIS, group=RTOS, mode=CMSIS_V1, owner=FREERTOS
2025-10-25 19:37:41,560 [INFO] RtosManager:558 - Registered RTOS mode: class=CMSIS, group=RTOS2, mode=CMSIS_V2, owner=FREERTOS
2025-10-25 19:37:41,561 [INFO] RtosManager:558 - Registered RTOS mode: class=RTOS, group=Core, mode=CMSIS_V1, owner=FREERTOS
2025-10-25 19:37:41,561 [INFO] RtosManager:558 - Registered RTOS mode: class=RTOS, group=Core, mode=CMSIS_V2, owner=FREERTOS
2025-10-25 19:37:41,562 [WARN] ModelIntegratedComponent:184 - Missing modes for component STMicroelectronics:FreeRTOS:0.0.1:STMicroelectronics:RTOS:FreeRTOS:Core:::10.2.0:
2025-10-25 19:37:41,569 [WARN] ModelIntegratedComponent:63 - No mode defined for component null
2025-10-25 19:37:41,570 [WARN] ModelIntegratedComponent:63 - No mode defined for component null
2025-10-25 19:37:41,573 [WARN] ModelIntegratedComponent:63 - No mode defined for component null
2025-10-25 19:37:41,574 [WARN] ModelIntegratedComponent:63 - No mode defined for component null
2025-10-25 19:37:41,575 [WARN] ModelIntegratedComponent:63 - No mode defined for component null
2025-10-25 19:37:41,575 [WARN] ModelIntegratedComponent:63 - No mode defined for component null
2025-10-25 19:37:41,576 [WARN] ModelIntegratedComponent:63 - No mode defined for component null
2025-10-25 19:37:41,577 [WARN] ModelIntegratedComponent:63 - No mode defined for component null
2025-10-25 19:37:41,577 [WARN] ModelIntegratedComponent:63 - No mode defined for component null
2025-10-25 19:37:41,578 [WARN] ModelIntegratedComponent:63 - No mode defined for component null
2025-10-25 19:37:41,579 [WARN] ModelIntegratedComponent:63 - No mode defined for component null
2025-10-25 19:37:41,579 [WARN] ModelIntegratedComponent:63 - No mode defined for component null
2025-10-25 19:37:41,580 [WARN] ModelIntegratedComponent:63 - No mode defined for component null
2025-10-25 19:37:41,581 [WARN] ModelIntegratedComponent:63 - No mode defined for component null
2025-10-25 19:37:41,582 [WARN] ModelIntegratedComponent:63 - No mode defined for component null
2025-10-25 19:37:41,582 [WARN] ModelIntegratedComponent:63 - No mode defined for component null
2025-10-25 19:37:41,583 [WARN] ModelIntegratedComponent:63 - No mode defined for component null
2025-10-25 19:37:41,584 [WARN] ModelIntegratedComponent:63 - No mode defined for component null
2025-10-25 19:37:41,584 [WARN] ModelIntegratedComponent:63 - No mode defined for component null
2025-10-25 19:37:41,585 [WARN] ModelIntegratedComponent:63 - No mode defined for component null
2025-10-25 19:37:41,586 [WARN] ModelIntegratedComponent:63 - No mode defined for component null
2025-10-25 19:37:41,586 [WARN] ModelIntegratedComponent:63 - No mode defined for component null
2025-10-25 19:37:41,590 [WARN] ModelIntegratedComponent:63 - No mode defined for component null
2025-10-25 19:37:41,591 [WARN] ModelIntegratedComponent:63 - No mode defined for component null
2025-10-25 19:37:41,591 [WARN] ModelIntegratedComponent:63 - No mode defined for component null
2025-10-25 19:37:41,592 [WARN] ModelIntegratedComponent:63 - No mode defined for component null
2025-10-25 19:37:41,593 [WARN] ModelIntegratedComponent:63 - No mode defined for component null
2025-10-25 19:37:41,593 [WARN] ModelIntegratedComponent:63 - No mode defined for component null
2025-10-25 19:37:41,594 [WARN] ModelIntegratedComponent:63 - No mode defined for component null
2025-10-25 19:37:41,594 [WARN] ModelIntegratedComponent:63 - No mode defined for component null
2025-10-25 19:37:41,595 [WARN] ModelIntegratedComponent:63 - No mode defined for component null
2025-10-25 19:37:41,595 [WARN] ModelIntegratedComponent:63 - No mode defined for component null
2025-10-25 19:37:41,596 [WARN] ModelIntegratedComponent:63 - No mode defined for component null
2025-10-25 19:37:41,596 [WARN] ModelIntegratedComponent:63 - No mode defined for component null
2025-10-25 19:37:41,597 [WARN] ModelIntegratedComponent:63 - No mode defined for component null
2025-10-25 19:37:41,598 [WARN] ModelPack:524 - Component already loaded: STMicroelectronics:HAL Drivers:0.0.0:STMicroelectronics:Device:STMicro_Driver:XSPI:HAL::0.0.1:HAL_XSPI
2025-10-25 19:37:41,673 [INFO] ThirdPartyModel:298 - Start build external matchings
2025-10-25 19:37:42,082 [INFO] ThirdPartyModel:316 - End build external matchings
2025-10-25 19:37:42,093 [INFO] ImportTextPane:234 - (OptionalMessage_ERROR) IP (RCC) : Parameter (RTCHSEDivFreq_Value) has invalid value (4000000)
2025-10-25 19:37:42,422 [INFO] UtilMem:75 - End LoadConfig() Used Memory: 492425976 Bytes (694157312)
2025-10-25 19:37:42,484 [WARN] ThirdParty:833 - waiting for thirdparty lock release [change project]
2025-10-25 19:37:42,485 [INFO] ThirdParty:835 - entering critical section [change project]
2025-10-25 19:37:42,486 [INFO] ThirdParty:1030 - CMSIS Pack Vendor :STMicroelectronics X-CUBE-PM33A1 1.0.0
2025-10-25 19:37:42,489 [INFO] ThirdParty:1030 - CMSIS Pack Vendor :STMicroelectronics USBPD 4.1
2025-10-25 19:37:42,490 [INFO] ThirdParty:1030 - CMSIS Pack Vendor :STMicroelectronics X-CUBE-NFC9 1.0.0
2025-10-25 19:37:42,491 [INFO] ThirdParty:1030 - CMSIS Pack Vendor :STMicroelectronics USB_HOST 2.0.0
2025-10-25 19:37:42,491 [INFO] ThirdParty:1030 - CMSIS Pack Vendor :STMicroelectronics FP-SNS-MOTENVWB1 1.4.0
2025-10-25 19:37:42,492 [INFO] ThirdParty:1030 - CMSIS Pack Vendor :STMicroelectronics X-CUBE-AZRTOS-F4 1.1.0
2025-10-25 19:37:42,492 [INFO] ThirdParty:1030 - CMSIS Pack Vendor :STMicroelectronics LIBJPEG 8.0.0
2025-10-25 19:37:42,493 [INFO] ThirdParty:1030 - CMSIS Pack Vendor :STMicroelectronics FP-ATR-ASTRA1 2.0.2
2025-10-25 19:37:42,493 [INFO] ThirdParty:1030 - CMSIS Pack Vendor :wolfSSL I-CUBE-wolfSSL 5.8.2
2025-10-25 19:37:42,494 [INFO] ThirdParty:1030 - CMSIS Pack Vendor :STMicroelectronics X-CUBE-BLE1 7.1.0
2025-10-25 19:37:42,494 [INFO] ThirdParty:1030 - CMSIS Pack Vendor :STMicroelectronics X-CUBE-SMBUS 2.1.0
2025-10-25 19:37:42,495 [INFO] ThirdParty:1030 - CMSIS Pack Vendor :wolfSSL I-CUBE-wolfMQTT 1.19.2
2025-10-25 19:37:42,495 [INFO] ThirdParty:1030 - CMSIS Pack Vendor :STMicroelectronics USB_DEVICE 3.0.0
2025-10-25 19:37:42,496 [INFO] ThirdParty:1030 - CMSIS Pack Vendor :STMicroelectronics X-CUBE-ISPU 2.1.0
2025-10-25 19:37:42,496 [INFO] ThirdParty:1030 - CMSIS Pack Vendor :STMicroelectronics X-CUBE-EEPRMA1 5.2.0
2025-10-25 19:37:42,497 [INFO] ThirdParty:1030 - CMSIS Pack Vendor :STMicroelectronics X-CUBE-IPS 3.2.0
2025-10-25 19:37:42,497 [INFO] ThirdParty:1030 - CMSIS Pack Vendor :STMicroelectronics X-CUBE-BLEMGR 4.1.0
2025-10-25 19:37:42,500 [INFO] ThirdParty:1030 - CMSIS Pack Vendor :STMicroelectronics X-CUBE-AZRTOS-WB 2.0.0
2025-10-25 19:37:42,510 [INFO] ThirdParty:1030 - CMSIS Pack Vendor :STMicroelectronics X-CUBE-GNSS1 7.0.1
2025-10-25 19:37:42,520 [INFO] ThirdParty:1030 - CMSIS Pack Vendor :STMicroelectronics X-CUBE-NFC12 1.0.0
2025-10-25 19:37:42,521 [INFO] ThirdParty:1030 - CMSIS Pack Vendor :STMicroelectronics X-CUBE-AZRTOS-F7 1.1.0
2025-10-25 19:37:42,522 [INFO] ThirdParty:1030 - CMSIS Pack Vendor :STMicroelectronics X-CUBE-AZRTOS-L5 2.0.0
2025-10-25 19:37:42,522 [INFO] ThirdParty:1030 - CMSIS Pack Vendor :STMicroelectronics USB_DEVICE 2.0.0
2025-10-25 19:37:42,523 [INFO] ThirdParty:1030 - CMSIS Pack Vendor :STMicroelectronics X-CUBE-NFC6 3.1.0
2025-10-25 19:37:42,523 [INFO] ThirdParty:1030 - CMSIS Pack Vendor :STMicroelectronics X-CUBE-ST67W61 1.1.0
2025-10-25 19:37:42,524 [INFO] ThirdParty:1030 - CMSIS Pack Vendor :Cesanta I-CUBE-Mongoose 7.19.0
2025-10-25 19:37:42,524 [INFO] ThirdParty:1030 - CMSIS Pack Vendor :quantropi X-CUBE-qispace-sdk-base 2.1.0
2025-10-25 19:37:42,525 [INFO] ThirdParty:1030 - CMSIS Pack Vendor :STMicroelectronics FreeRTOS 0.0.1
2025-10-25 19:37:42,526 [INFO] ThirdParty:1030 - CMSIS Pack Vendor :STMicroelectronics X-CUBE-AZRTOS-G0 1.1.0
2025-10-25 19:37:42,526 [INFO] ThirdParty:1030 - CMSIS Pack Vendor :STMicroelectronics X-CUBE-SAFEA1 1.2.2
2025-10-25 19:37:42,527 [INFO] ThirdParty:1030 - CMSIS Pack Vendor :STMicroelectronics X-CUBE-NFC4 3.0.0
2025-10-25 19:37:42,527 [INFO] ThirdParty:1030 - CMSIS Pack Vendor :STMicroelectronics X-CUBE-SUBG2 5.0.0
2025-10-25 19:37:42,528 [INFO] ThirdParty:1030 - CMSIS Pack Vendor :STMicroelectronics X-CUBE-AZRTOS-H7RS 1.1.0
2025-10-25 19:37:42,528 [INFO] ThirdParty:1030 - CMSIS Pack Vendor :STMicroelectronics STM32_WPAN 1.0.0
2025-10-25 19:37:42,529 [INFO] ThirdParty:1030 - CMSIS Pack Vendor :EmbeddedOffice I-CUBE-FS-RTOS 1.0.1
2025-10-25 19:37:42,529 [INFO] ThirdParty:1030 - CMSIS Pack Vendor :STMicroelectronics lwIP 2.0.3
2025-10-25 19:37:42,530 [INFO] ThirdParty:1030 - CMSIS Pack Vendor :WES I-CUBE-Cesium 1.4.0
2025-10-25 19:37:42,530 [INFO] ThirdParty:1030 - CMSIS Pack Vendor :STMicroelectronics USB_HOST 1.0.0
2025-10-25 19:37:42,531 [INFO] ThirdParty:1030 - CMSIS Pack Vendor :Infineon AIROC-Wi-Fi-Bluetooth-STM32 1.7.1
2025-10-25 19:37:42,531 [INFO] ThirdParty:1030 - CMSIS Pack Vendor :STMicroelectronics X-CUBE-AZRTOS-G4 2.0.0
2025-10-25 19:37:42,532 [INFO] ThirdParty:1030 - CMSIS Pack Vendor :STMicroelectronics X-CUBE-WB05N 2.0.0
2025-10-25 19:37:42,532 [INFO] ThirdParty:1030 - CMSIS Pack Vendor :STMicroelectronics PDM2PCM 3.1.0
2025-10-25 19:37:42,533 [INFO] ThirdParty:1030 - CMSIS Pack Vendor :STMicroelectronics PDM2PCM 3.3.0
2025-10-25 19:37:42,533 [INFO] ThirdParty:1030 - CMSIS Pack Vendor :wolfSSL I-CUBE-wolfTPM 3.8.0
2025-10-25 19:37:42,534 [INFO] ThirdParty:1030 - CMSIS Pack Vendor :STMicroelectronics X-CUBE-AZRTOS-H7 3.4.0
2025-10-25 19:37:42,534 [INFO] ThirdParty:1030 - CMSIS Pack Vendor :STMicroelectronics X-CUBE-DISPLAY 3.0.0
2025-10-25 19:37:42,535 [INFO] ThirdParty:1030 - CMSIS Pack Vendor :wolfSSL I-CUBE-wolfSSH 1.4.20
2025-10-25 19:37:42,536 [INFO] ThirdParty:1030 - CMSIS Pack Vendor :STMicroelectronics X-CUBE-NFC7 2.0.0
2025-10-25 19:37:42,536 [INFO] ThirdParty:1030 - CMSIS Pack Vendor :STMicroelectronics X-CUBE-TCPP 4.2.0
2025-10-25 19:37:42,537 [INFO] ThirdParty:1030 - CMSIS Pack Vendor :RealThread X-CUBE-RT-Thread_Nano 4.1.1
2025-10-25 19:37:42,538 [INFO] ThirdParty:1030 - CMSIS Pack Vendor :STMicroelectronics FP-ATR-SIGFOX1 3.2.0
2025-10-25 19:37:42,539 [INFO] ThirdParty:1030 - CMSIS Pack Vendor :STMicroelectronics X-CUBE-NFC10 1.0.0
2025-10-25 19:37:42,539 [INFO] ThirdParty:1030 - CMSIS Pack Vendor :STMicroelectronics X-CUBE-FREERTOS 1.3.1
2025-10-25 19:37:42,540 [INFO] ThirdParty:1030 - CMSIS Pack Vendor :STMicroelectronics HAL Drivers 0.0.0
2025-10-25 19:37:42,540 [INFO] ThirdParty:1030 - CMSIS Pack Vendor :STMicroelectronics MBEDTLS 2.16.2
2025-10-25 19:37:42,541 [INFO] ThirdParty:1030 - CMSIS Pack Vendor :STMicroelectronics X-CUBE-ST60 1.1.0
2025-10-25 19:37:42,541 [INFO] ThirdParty:1030 - CMSIS Pack Vendor :STMicroelectronics X-CUBE-ALS 1.0.2
2025-10-25 19:37:42,542 [INFO] ThirdParty:1030 - CMSIS Pack Vendor :emotas I-CUBE-CANOPEN 1.3.0
2025-10-25 19:37:42,542 [INFO] ThirdParty:1030 - CMSIS Pack Vendor :STMicroelectronics MBEDTLS 2.14.1
2025-10-25 19:37:42,543 [INFO] ThirdParty:1030 - CMSIS Pack Vendor :ITTIA_DB I-CUBE-ITTIADB 8.9.0
2025-10-25 19:37:42,543 [INFO] ThirdParty:1030 - CMSIS Pack Vendor :STMicroelectronics X-CUBE-TOUCHGFX 4.26.0
2025-10-25 19:37:42,544 [INFO] ThirdParty:1030 - CMSIS Pack Vendor :STMicroelectronics X-CUBE-STSE01 1.0.0
2025-10-25 19:37:42,544 [INFO] ThirdParty:1030 - CMSIS Pack Vendor :STMicroelectronics FP-SNS-STBOX1 2.1.0
2025-10-25 19:37:42,545 [INFO] ThirdParty:1030 - CMSIS Pack Vendor :STMicroelectronics X-CUBE-AI 10.2.0
2025-10-25 19:37:42,545 [INFO] ThirdParty:1030 - CMSIS Pack Vendor :STMicroelectronics FP-SNS-STAIOTCFT 1.0.0
2025-10-25 19:37:42,546 [INFO] ThirdParty:1030 - CMSIS Pack Vendor :STMicroelectronics ThreadX 1.0.0
2025-10-25 19:37:42,546 [INFO] ThirdParty:1030 - CMSIS Pack Vendor :STMicroelectronics FP-SNS-SMARTAG2 1.2.0
2025-10-25 19:37:42,547 [INFO] ThirdParty:1030 - CMSIS Pack Vendor :STMicroelectronics FP-SNS-FLIGHT1 5.1.0
2025-10-25 19:37:42,547 [INFO] ThirdParty:1030 - CMSIS Pack Vendor :STMicroelectronics X-CUBE-AZRTOS-WL 2.0.0
2025-10-25 19:37:42,548 [INFO] ThirdParty:1030 - CMSIS Pack Vendor :SEGGER I-CUBE-embOS 1.3.1
2025-10-25 19:37:42,549 [INFO] ThirdParty:1030 - CMSIS Pack Vendor :STMicroelectronics X-CUBE-ALGOBUILD 1.4.0
2025-10-25 19:37:42,549 [INFO] ThirdParty:1030 - CMSIS Pack Vendor :STMicroelectronics X-CUBE-DPower 1.3.0
2025-10-25 19:37:42,550 [INFO] ThirdParty:1030 - CMSIS Pack Vendor :STMicroelectronics X-CUBE-MEMS1 11.3.0
2025-10-25 19:37:42,550 [INFO] ThirdParty:1030 - CMSIS Pack Vendor :STMicroelectronics FP-SNS-MOTENV1 5.0.0
2025-10-25 19:37:42,551 [INFO] ThirdParty:1030 - CMSIS Pack Vendor :STMicroelectronics USB_DEVICE 1.0.0
2025-10-25 19:37:42,551 [INFO] ThirdParty:1030 - CMSIS Pack Vendor :STMicroelectronics X-CUBE-AZRTOS-L4 2.0.0
2025-10-25 19:37:42,552 [INFO] ThirdParty:1030 - CMSIS Pack Vendor :STMicroelectronics ThreadX 0.0.2
2025-10-25 19:37:42,557 [INFO] ThirdParty:1030 - CMSIS Pack Vendor :STMicroelectronics lwIP 2.1.2
2025-10-25 19:37:42,566 [INFO] ThirdParty:1030 - CMSIS Pack Vendor :STMicroelectronics X-CUBE-SFXS2LP1 4.0.0
2025-10-25 19:37:42,589 [INFO] ThirdParty:1030 - CMSIS Pack Vendor :STMicroelectronics X-CUBE-BLE2 3.3.0
2025-10-25 19:37:42,590 [INFO] ThirdParty:1030 - CMSIS Pack Vendor :STMicroelectronics X-CUBE-TOF1 3.4.3
2025-10-25 19:37:42,590 [INFO] ThirdParty:1030 - CMSIS Pack Vendor :STMicroelectronics PDM2PCM 3.2.0
2025-10-25 19:37:42,591 [INFO] ThirdParty:841 - exiting critical section [change project]
2025-10-25 19:37:42,749 [INFO] PinOutPanel:1589 - setPackage(No Configuration,No Configuration)
2025-10-25 19:37:42,750 [INFO] PinOutPanel:1589 - setPackage(STM32F401RETx,LQFP64)
2025-10-25 19:37:42,952 [INFO] UtilMem:75 - Before build in PCC Used Memory: 630473024 Bytes (694157312)
2025-10-25 19:37:43,155 [INFO] UtilMem:75 - After build in PCC Used Memory: 302266688 Bytes (694157312)
2025-10-25 19:37:43,175 [INFO] IPUIPlugin:80 - create IPUIPlugin
2025-10-25 19:37:43,176 [INFO] IPUIPlugin:80 - create IPUIPlugin
2025-10-25 19:37:43,177 [INFO] IPUIPlugin:80 - create IPUIPlugin
2025-10-25 19:37:43,177 [INFO] IPUIPlugin:80 - create IPUIPlugin
2025-10-25 19:37:43,178 [INFO] IPUIPlugin:80 - create IPUIPlugin
2025-10-25 19:37:43,179 [INFO] IPUIPlugin:80 - create IPUIPlugin
2025-10-25 19:37:43,179 [INFO] IPUIPlugin:80 - create IPUIPlugin
2025-10-25 19:37:43,180 [INFO] IPUIPlugin:80 - create IPUIPlugin
2025-10-25 19:37:43,180 [INFO] IPUIPlugin:80 - create IPUIPlugin
2025-10-25 19:37:43,181 [INFO] IPUIPlugin:80 - create IPUIPlugin
2025-10-25 19:37:43,182 [INFO] IPUIPlugin:80 - create IPUIPlugin
2025-10-25 19:37:43,182 [INFO] IPUIPlugin:80 - create IPUIPlugin
2025-10-25 19:37:43,183 [INFO] IPUIPlugin:80 - create IPUIPlugin
2025-10-25 19:37:43,184 [INFO] IPUIPlugin:80 - create IPUIPlugin
2025-10-25 19:37:43,184 [INFO] IPUIPlugin:80 - create IPUIPlugin
2025-10-25 19:37:43,185 [INFO] IPUIPlugin:80 - create IPUIPlugin
2025-10-25 19:37:43,186 [INFO] IPUIPlugin:80 - create IPUIPlugin
2025-10-25 19:37:43,188 [INFO] IPUIPlugin:80 - create IPUIPlugin
2025-10-25 19:37:43,189 [INFO] IPUIPlugin:80 - create IPUIPlugin
2025-10-25 19:37:43,190 [INFO] IPUIPlugin:80 - create IPUIPlugin
2025-10-25 19:37:43,190 [INFO] IPUIPlugin:80 - create IPUIPlugin
2025-10-25 19:37:43,191 [INFO] IPUIPlugin:80 - create IPUIPlugin
2025-10-25 19:37:43,192 [INFO] IPUIPlugin:80 - create IPUIPlugin
2025-10-25 19:37:43,192 [INFO] IPUIPlugin:80 - create IPUIPlugin
2025-10-25 19:37:43,193 [INFO] IPUIPlugin:80 - create IPUIPlugin
2025-10-25 19:37:43,194 [INFO] IPUIPlugin:80 - create IPUIPlugin
2025-10-25 19:37:43,194 [INFO] IPUIPlugin:80 - create IPUIPlugin
2025-10-25 19:37:43,195 [INFO] IPUIPlugin:80 - create IPUIPlugin
2025-10-25 19:37:43,196 [INFO] IPUIPlugin:80 - create IPUIPlugin
2025-10-25 19:37:43,197 [INFO] IPUIPlugin:80 - create IPUIPlugin
2025-10-25 19:37:43,197 [INFO] IPUIPlugin:80 - create IPUIPlugin
2025-10-25 19:37:43,197 [INFO] IPUIPlugin:80 - create IPUIPlugin
2025-10-25 19:37:43,198 [INFO] IPUIPlugin:80 - create IPUIPlugin
2025-10-25 19:37:43,199 [INFO] IPUIPlugin:80 - create IPUIPlugin
2025-10-25 19:37:43,200 [INFO] IPUIPlugin:80 - create IPUIPlugin
2025-10-25 19:37:43,201 [INFO] IPUIPlugin:80 - create IPUIPlugin
2025-10-25 19:37:43,202 [INFO] IPUIPlugin:80 - create IPUIPlugin
2025-10-25 19:37:43,202 [INFO] IPUIPlugin:80 - create IPUIPlugin
2025-10-25 19:37:43,206 [INFO] ApiDbMcu:532 - Load IP Config File for PDM2PCM
2025-10-25 19:37:43,250 [INFO] CADModel:165 - CPN selected for project levelSTM32F401RET6
2025-10-25 19:37:43,251 [INFO] CADModel:114 - Register for checkConnection events
2025-10-25 19:37:43,310 [INFO] OpenFileManager:386 - Restore cursor
2025-10-25 19:40:47,975 [INFO] MainUpdater:2872 - connection check result : 10
2025-10-25 19:40:47,976 [INFO] MainUpdater:2872 - connection check result : 10
2025-10-25 19:40:47,992 [INFO] MicroXplorer:468 - Change Database Path : 
2025-10-25 19:40:47,993 [INFO] MicroXplorer:498 - Change Database Version : DB.6.0.150
2025-10-25 19:40:48,005 [ERROR] ProjectManagerView:395 - 
java.lang.NullPointerException: Cannot invoke "javax.swing.JTextField.getText()" because the return value of "java.util.List.get(int)" is null
	at com.st.microxplorer.plugins.projectmanager.gui.ProjectChoiceTab$9.caretUpdate(ProjectChoiceTab.java:2706) ~[filemanager.jar:?]
	at javax.swing.text.JTextComponent.fireCaretUpdate(JTextComponent.java:408) ~[?:?]
	at javax.swing.text.JTextComponent$MutableCaretEvent.fire(JTextComponent.java:4484) ~[?:?]
	at javax.swing.text.JTextComponent$MutableCaretEvent.stateChanged(JTextComponent.java:4506) ~[?:?]
	at javax.swing.text.DefaultCaret.fireStateChanged(DefaultCaret.java:857) ~[?:?]
	at javax.swing.text.DefaultCaret.changeCaretPosition(DefaultCaret.java:1343) ~[?:?]
	at javax.swing.text.DefaultCaret.handleSetDot(DefaultCaret.java:1242) ~[?:?]
	at javax.swing.text.DefaultCaret.setDot(DefaultCaret.java:1223) ~[?:?]
	at javax.swing.text.DefaultCaret$Handler.insertUpdate(DefaultCaret.java:1819) ~[?:?]
	at javax.swing.text.AbstractDocument.fireInsertUpdate(AbstractDocument.java:227) ~[?:?]
	at javax.swing.text.AbstractDocument.handleInsertString(AbstractDocument.java:781) ~[?:?]
	at javax.swing.text.AbstractDocument.insertString(AbstractDocument.java:740) ~[?:?]
	at javax.swing.text.PlainDocument.insertString(PlainDocument.java:131) ~[?:?]
	at javax.swing.text.AbstractDocument.replace(AbstractDocument.java:699) ~[?:?]
	at javax.swing.text.JTextComponent.setText(JTextComponent.java:1725) ~[?:?]
	at com.st.microxplorer.plugins.projectmanager.gui.ProjectChoiceTab.createHeapStackFields(ProjectChoiceTab.java:993) ~[filemanager.jar:?]
	at com.st.microxplorer.plugins.projectmanager.gui.ProjectChoiceTab.buildLinkSettingsPanel(ProjectChoiceTab.java:3813) ~[filemanager.jar:?]
	at com.st.microxplorer.plugins.projectmanager.gui.ProjectChoiceTab.defineWindowsFields(ProjectChoiceTab.java:1987) ~[filemanager.jar:?]
	at com.st.microxplorer.plugins.projectmanager.gui.ProjectChoiceTab.updateSettings(ProjectChoiceTab.java:558) ~[filemanager.jar:?]
	at com.st.microxplorer.plugins.projectmanager.gui.ProjectSettingsPanel.UpdateDialog(ProjectSettingsPanel.java:247) ~[filemanager.jar:?]
	at com.st.microxplorer.plugins.projectmanager.ProjectManagerView.propertyChange(ProjectManagerView.java:392) ~[filemanager.jar:?]
	at java.beans.PropertyChangeSupport.fire(PropertyChangeSupport.java:343) ~[?:?]
	at java.beans.PropertyChangeSupport.firePropertyChange(PropertyChangeSupport.java:335) ~[?:?]
	at java.beans.PropertyChangeSupport.firePropertyChange(PropertyChangeSupport.java:268) ~[?:?]
	at com.st.microxplorer.util.MXPropertyChangeSupport.firePropertyChange(MXPropertyChangeSupport.java:54) ~[STM32CubeMX.jar:?]
	at com.st.microxplorer.mxsystem.MxSystem.closeConfig(MxSystem.java:899) ~[STM32CubeMX.jar:?]
	at com.st.microxplorer.maingui.MainPanel.closeConfig(MainPanel.java:792) ~[STM32CubeMX.jar:?]
	at com.st.microxplorer.plugins.filemanager.engine.OpenFileManager.loadConfigurationFile(OpenFileManager.java:288) ~[filemanager.jar:?]
	at com.st.microxplorer.plugins.filemanager.engine.MainFileManager.userLoadConfig(MainFileManager.java:364) ~[filemanager.jar:?]
	at com.st.microxplorer.plugins.filemanager.engine.MainFileManager.userLoadConfig(MainFileManager.java:342) ~[filemanager.jar:?]
	at com.st.microxplorer.plugins.filemanager.FileManagerView.getSpecificTask(FileManagerView.java:264) ~[filemanager.jar:?]
	at com.st.stm32cube.common.mx.editor.CubeMxEditor.getMxTabbedPaneInstance(CubeMxEditor.java:1198) ~[com.st.stm32cube.common.mx_6.15.0.202507011659/:?]
	at com.st.stm32cube.common.mx.editor.CubeMxEditor$12$1.createSwingComponent(CubeMxEditor.java:1068) ~[com.st.stm32cube.common.mx_6.15.0.202507011659/:?]
	at com.st.stm32cube.common.mx.oss.core.awtswtbridge.EmbeddedSwingComposite.doComponentCreation(EmbeddedSwingComposite.java:492) ~[com.st.stm32cube.common.mx.oss_6.15.0.202507011659/:?]
	at com.st.stm32cube.common.mx.oss.core.awtswtbridge.EmbeddedSwingComposite$4.run(EmbeddedSwingComposite.java:291) ~[com.st.stm32cube.common.mx.oss_6.15.0.202507011659/:?]
	at com.st.stm32cube.common.mx.oss.core.awtswtbridge.AwtEnvironment$2.run(AwtEnvironment.java:166) ~[com.st.stm32cube.common.mx.oss_6.15.0.202507011659/:?]
	at java.awt.event.InvocationEvent.dispatch(InvocationEvent.java:318) ~[?:?]
	at java.awt.EventQueue.dispatchEventImpl(EventQueue.java:773) ~[?:?]
	at java.awt.EventQueue$4.run(EventQueue.java:720) ~[?:?]
	at java.awt.EventQueue$4.run(EventQueue.java:714) ~[?:?]
	at java.security.AccessController.doPrivileged(AccessController.java:400) ~[?:?]
	at java.security.ProtectionDomain$JavaSecurityAccessImpl.doIntersectionPrivilege(ProtectionDomain.java:87) ~[?:?]
	at java.awt.EventQueue.dispatchEvent(EventQueue.java:742) ~[?:?]
	at java.awt.EventDispatchThread.pumpOneEventForFilters(EventDispatchThread.java:203) ~[?:?]
	at java.awt.EventDispatchThread.pumpEventsForFilter(EventDispatchThread.java:124) ~[?:?]
	at java.awt.EventDispatchThread.pumpEventsForHierarchy(EventDispatchThread.java:113) ~[?:?]
	at java.awt.EventDispatchThread.pumpEvents(EventDispatchThread.java:109) ~[?:?]
	at java.awt.EventDispatchThread.pumpEvents(EventDispatchThread.java:101) ~[?:?]
	at java.awt.EventDispatchThread.run(EventDispatchThread.java:90) ~[?:?]
2025-10-25 19:40:48,007 [WARN] ThirdParty:871 - waiting for thirdparty lock release [close project]
2025-10-25 19:40:48,008 [INFO] ThirdParty:873 - entering critical section [close project]
2025-10-25 19:40:48,009 [INFO] ThirdParty:883 - exiting critical section [close project]
2025-10-25 19:40:48,011 [INFO] PinOutPanel:1589 - setPackage(No Configuration,No Configuration)
2025-10-25 19:40:48,020 [WARN] IpParametersView:155 - Warning: This peripheral hasn't parameters
2025-10-25 19:40:48,024 [WARN] MainPanel:289 - <html><b><center>Warning: This peripheral has no parameters to be configured<br></b></html>
2025-10-25 19:40:48,027 [INFO] UtilMem:75 - Begin LoadConfig() Used Memory: 291485576 Bytes (694157312)
2025-10-25 19:40:48,028 [INFO] MicroXplorer:468 - Change Database Path : 
2025-10-25 19:40:48,029 [INFO] MicroXplorer:498 - Change Database Version : DB.6.0.150
2025-10-25 19:40:48,030 [INFO] OpenFileManager:355 - Change cursor
2025-10-25 19:40:48,039 [INFO] Mcu:2029 - Initializing MCU STM32F401R(D-E)Tx STM32F401RETx STM32F401RET6
2025-10-25 19:40:48,957 [INFO] Context:786 - Trying to add GPIOservice into a context  which must be forbidden
2025-10-25 19:40:49,122 [INFO] ImportTextPane:234 - (OptionalMessage_ERROR) Pin14 (VP_RIF_VS_RIF1) cannot be retrieved for this MCU
2025-10-25 19:40:49,143 [INFO] RtosManager:558 - Registered RTOS mode: class=CMSIS, group=RTOS, mode=CMSIS_V1, owner=FREERTOS
2025-10-25 19:40:49,144 [INFO] RtosManager:558 - Registered RTOS mode: class=CMSIS, group=RTOS2, mode=CMSIS_V2, owner=FREERTOS
2025-10-25 19:40:49,144 [INFO] RtosManager:558 - Registered RTOS mode: class=RTOS, group=Core, mode=CMSIS_V1, owner=FREERTOS
2025-10-25 19:40:49,145 [INFO] RtosManager:558 - Registered RTOS mode: class=RTOS, group=Core, mode=CMSIS_V2, owner=FREERTOS
2025-10-25 19:40:49,145 [WARN] ModelIntegratedComponent:184 - Missing modes for component STMicroelectronics:FreeRTOS:0.0.1:STMicroelectronics:RTOS:FreeRTOS:Core:::10.2.0:
2025-10-25 19:40:49,154 [WARN] ModelIntegratedComponent:63 - No mode defined for component null
2025-10-25 19:40:49,155 [WARN] ModelIntegratedComponent:63 - No mode defined for component null
2025-10-25 19:40:49,155 [WARN] ModelIntegratedComponent:63 - No mode defined for component null
2025-10-25 19:40:49,156 [WARN] ModelIntegratedComponent:63 - No mode defined for component null
2025-10-25 19:40:49,157 [WARN] ModelIntegratedComponent:63 - No mode defined for component null
2025-10-25 19:40:49,157 [WARN] ModelIntegratedComponent:63 - No mode defined for component null
2025-10-25 19:40:49,158 [WARN] ModelIntegratedComponent:63 - No mode defined for component null
2025-10-25 19:40:49,159 [WARN] ModelIntegratedComponent:63 - No mode defined for component null
2025-10-25 19:40:49,159 [WARN] ModelIntegratedComponent:63 - No mode defined for component null
2025-10-25 19:40:49,160 [WARN] ModelIntegratedComponent:63 - No mode defined for component null
2025-10-25 19:40:49,161 [WARN] ModelIntegratedComponent:63 - No mode defined for component null
2025-10-25 19:40:49,161 [WARN] ModelIntegratedComponent:63 - No mode defined for component null
2025-10-25 19:40:49,162 [WARN] ModelIntegratedComponent:63 - No mode defined for component null
2025-10-25 19:40:49,162 [WARN] ModelIntegratedComponent:63 - No mode defined for component null
2025-10-25 19:40:49,163 [WARN] ModelIntegratedComponent:63 - No mode defined for component null
2025-10-25 19:40:49,164 [WARN] ModelIntegratedComponent:63 - No mode defined for component null
2025-10-25 19:40:49,164 [WARN] ModelIntegratedComponent:63 - No mode defined for component null
2025-10-25 19:40:49,165 [WARN] ModelIntegratedComponent:63 - No mode defined for component null
2025-10-25 19:40:49,165 [WARN] ModelIntegratedComponent:63 - No mode defined for component null
2025-10-25 19:40:49,166 [WARN] ModelIntegratedComponent:63 - No mode defined for component null
2025-10-25 19:40:49,168 [WARN] ModelIntegratedComponent:63 - No mode defined for component null
2025-10-25 19:40:49,168 [WARN] ModelIntegratedComponent:63 - No mode defined for component null
2025-10-25 19:40:49,169 [WARN] ModelIntegratedComponent:63 - No mode defined for component null
2025-10-25 19:40:49,170 [WARN] ModelIntegratedComponent:63 - No mode defined for component null
2025-10-25 19:40:49,170 [WARN] ModelIntegratedComponent:63 - No mode defined for component null
2025-10-25 19:40:49,171 [WARN] ModelIntegratedComponent:63 - No mode defined for component null
2025-10-25 19:40:49,171 [WARN] ModelIntegratedComponent:63 - No mode defined for component null
2025-10-25 19:40:49,172 [WARN] ModelIntegratedComponent:63 - No mode defined for component null
2025-10-25 19:40:49,172 [WARN] ModelIntegratedComponent:63 - No mode defined for component null
2025-10-25 19:40:49,173 [WARN] ModelIntegratedComponent:63 - No mode defined for component null
2025-10-25 19:40:49,173 [WARN] ModelIntegratedComponent:63 - No mode defined for component null
2025-10-25 19:40:49,174 [WARN] ModelIntegratedComponent:63 - No mode defined for component null
2025-10-25 19:40:49,174 [WARN] ModelIntegratedComponent:63 - No mode defined for component null
2025-10-25 19:40:49,175 [WARN] ModelIntegratedComponent:63 - No mode defined for component null
2025-10-25 19:40:49,175 [WARN] ModelIntegratedComponent:63 - No mode defined for component null
2025-10-25 19:40:49,176 [WARN] ModelPack:524 - Component already loaded: STMicroelectronics:HAL Drivers:0.0.0:STMicroelectronics:Device:STMicro_Driver:XSPI:HAL::0.0.1:HAL_XSPI
2025-10-25 19:40:49,254 [INFO] ThirdPartyModel:298 - Start build external matchings
2025-10-25 19:40:49,679 [INFO] ThirdPartyModel:316 - End build external matchings
2025-10-25 19:40:49,690 [INFO] ImportTextPane:234 - (OptionalMessage_ERROR) IP (RCC) : Parameter (RTCHSEDivFreq_Value) has invalid value (4000000)
2025-10-25 19:40:49,931 [INFO] UtilMem:75 - End LoadConfig() Used Memory: 393208392 Bytes (694157312)
2025-10-25 19:40:49,975 [WARN] ThirdParty:833 - waiting for thirdparty lock release [change project]
2025-10-25 19:40:49,976 [INFO] ThirdParty:835 - entering critical section [change project]
2025-10-25 19:40:49,979 [INFO] ThirdParty:1030 - CMSIS Pack Vendor :STMicroelectronics X-CUBE-PM33A1 1.0.0
2025-10-25 19:40:49,980 [INFO] ThirdParty:1030 - CMSIS Pack Vendor :STMicroelectronics USBPD 4.1
2025-10-25 19:40:49,980 [INFO] ThirdParty:1030 - CMSIS Pack Vendor :STMicroelectronics X-CUBE-NFC9 1.0.0
2025-10-25 19:40:49,981 [INFO] ThirdParty:1030 - CMSIS Pack Vendor :STMicroelectronics USB_HOST 2.0.0
2025-10-25 19:40:49,982 [INFO] ThirdParty:1030 - CMSIS Pack Vendor :STMicroelectronics FP-SNS-MOTENVWB1 1.4.0
2025-10-25 19:40:49,982 [INFO] ThirdParty:1030 - CMSIS Pack Vendor :STMicroelectronics X-CUBE-AZRTOS-F4 1.1.0
2025-10-25 19:40:49,983 [INFO] ThirdParty:1030 - CMSIS Pack Vendor :STMicroelectronics LIBJPEG 8.0.0
2025-10-25 19:40:49,986 [INFO] ThirdParty:1030 - CMSIS Pack Vendor :STMicroelectronics FP-ATR-ASTRA1 2.0.2
2025-10-25 19:40:49,987 [INFO] ThirdParty:1030 - CMSIS Pack Vendor :wolfSSL I-CUBE-wolfSSL 5.8.2
2025-10-25 19:40:49,988 [INFO] ThirdParty:1030 - CMSIS Pack Vendor :STMicroelectronics X-CUBE-BLE1 7.1.0
2025-10-25 19:40:49,988 [INFO] ThirdParty:1030 - CMSIS Pack Vendor :STMicroelectronics X-CUBE-SMBUS 2.1.0
2025-10-25 19:40:49,989 [INFO] ThirdParty:1030 - CMSIS Pack Vendor :wolfSSL I-CUBE-wolfMQTT 1.19.2
2025-10-25 19:40:49,989 [INFO] ThirdParty:1030 - CMSIS Pack Vendor :STMicroelectronics USB_DEVICE 3.0.0
2025-10-25 19:40:49,990 [INFO] ThirdParty:1030 - CMSIS Pack Vendor :STMicroelectronics X-CUBE-ISPU 2.1.0
2025-10-25 19:40:49,991 [INFO] ThirdParty:1030 - CMSIS Pack Vendor :STMicroelectronics X-CUBE-EEPRMA1 5.2.0
2025-10-25 19:40:49,991 [INFO] ThirdParty:1030 - CMSIS Pack Vendor :STMicroelectronics X-CUBE-IPS 3.2.0
2025-10-25 19:40:49,992 [INFO] ThirdParty:1030 - CMSIS Pack Vendor :STMicroelectronics X-CUBE-BLEMGR 4.1.0
2025-10-25 19:40:49,993 [INFO] ThirdParty:1030 - CMSIS Pack Vendor :STMicroelectronics X-CUBE-AZRTOS-WB 2.0.0
2025-10-25 19:40:49,993 [INFO] ThirdParty:1030 - CMSIS Pack Vendor :STMicroelectronics X-CUBE-GNSS1 7.0.1
2025-10-25 19:40:49,994 [INFO] ThirdParty:1030 - CMSIS Pack Vendor :STMicroelectronics X-CUBE-NFC12 1.0.0
2025-10-25 19:40:49,995 [INFO] ThirdParty:1030 - CMSIS Pack Vendor :STMicroelectronics X-CUBE-AZRTOS-F7 1.1.0
2025-10-25 19:40:49,995 [INFO] ThirdParty:1030 - CMSIS Pack Vendor :STMicroelectronics X-CUBE-AZRTOS-L5 2.0.0
2025-10-25 19:40:49,996 [INFO] ThirdParty:1030 - CMSIS Pack Vendor :STMicroelectronics USB_DEVICE 2.0.0
2025-10-25 19:40:49,996 [INFO] ThirdParty:1030 - CMSIS Pack Vendor :STMicroelectronics X-CUBE-NFC6 3.1.0
2025-10-25 19:40:49,997 [INFO] ThirdParty:1030 - CMSIS Pack Vendor :STMicroelectronics X-CUBE-ST67W61 1.1.0
2025-10-25 19:40:49,998 [INFO] ThirdParty:1030 - CMSIS Pack Vendor :Cesanta I-CUBE-Mongoose 7.19.0
2025-10-25 19:40:49,998 [INFO] ThirdParty:1030 - CMSIS Pack Vendor :quantropi X-CUBE-qispace-sdk-base 2.1.0
2025-10-25 19:40:49,999 [INFO] ThirdParty:1030 - CMSIS Pack Vendor :STMicroelectronics FreeRTOS 0.0.1
2025-10-25 19:40:50,002 [INFO] ThirdParty:1030 - CMSIS Pack Vendor :STMicroelectronics X-CUBE-AZRTOS-G0 1.1.0
2025-10-25 19:40:50,003 [INFO] ThirdParty:1030 - CMSIS Pack Vendor :STMicroelectronics X-CUBE-SAFEA1 1.2.2
2025-10-25 19:40:50,003 [INFO] ThirdParty:1030 - CMSIS Pack Vendor :STMicroelectronics X-CUBE-NFC4 3.0.0
2025-10-25 19:40:50,004 [INFO] ThirdParty:1030 - CMSIS Pack Vendor :STMicroelectronics X-CUBE-SUBG2 5.0.0
2025-10-25 19:40:50,005 [INFO] ThirdParty:1030 - CMSIS Pack Vendor :STMicroelectronics X-CUBE-AZRTOS-H7RS 1.1.0
2025-10-25 19:40:50,005 [INFO] ThirdParty:1030 - CMSIS Pack Vendor :STMicroelectronics STM32_WPAN 1.0.0
2025-10-25 19:40:50,006 [INFO] ThirdParty:1030 - CMSIS Pack Vendor :EmbeddedOffice I-CUBE-FS-RTOS 1.0.1
2025-10-25 19:40:50,006 [INFO] ThirdParty:1030 - CMSIS Pack Vendor :STMicroelectronics lwIP 2.0.3
2025-10-25 19:40:50,007 [INFO] ThirdParty:1030 - CMSIS Pack Vendor :WES I-CUBE-Cesium 1.4.0
2025-10-25 19:40:50,008 [INFO] ThirdParty:1030 - CMSIS Pack Vendor :STMicroelectronics USB_HOST 1.0.0
2025-10-25 19:40:50,008 [INFO] ThirdParty:1030 - CMSIS Pack Vendor :Infineon AIROC-Wi-Fi-Bluetooth-STM32 1.7.1
2025-10-25 19:40:50,008 [INFO] ThirdParty:1030 - CMSIS Pack Vendor :STMicroelectronics X-CUBE-AZRTOS-G4 2.0.0
2025-10-25 19:40:50,009 [INFO] ThirdParty:1030 - CMSIS Pack Vendor :STMicroelectronics X-CUBE-WB05N 2.0.0
2025-10-25 19:40:50,010 [INFO] ThirdParty:1030 - CMSIS Pack Vendor :STMicroelectronics PDM2PCM 3.1.0
2025-10-25 19:40:50,010 [INFO] ThirdParty:1030 - CMSIS Pack Vendor :STMicroelectronics PDM2PCM 3.3.0
2025-10-25 19:40:50,011 [INFO] ThirdParty:1030 - CMSIS Pack Vendor :wolfSSL I-CUBE-wolfTPM 3.8.0
2025-10-25 19:40:50,012 [INFO] ThirdParty:1030 - CMSIS Pack Vendor :STMicroelectronics X-CUBE-AZRTOS-H7 3.4.0
2025-10-25 19:40:50,012 [INFO] ThirdParty:1030 - CMSIS Pack Vendor :STMicroelectronics X-CUBE-DISPLAY 3.0.0
2025-10-25 19:40:50,013 [INFO] ThirdParty:1030 - CMSIS Pack Vendor :wolfSSL I-CUBE-wolfSSH 1.4.20
2025-10-25 19:40:50,013 [INFO] ThirdParty:1030 - CMSIS Pack Vendor :STMicroelectronics X-CUBE-NFC7 2.0.0
2025-10-25 19:40:50,014 [INFO] ThirdParty:1030 - CMSIS Pack Vendor :STMicroelectronics X-CUBE-TCPP 4.2.0
2025-10-25 19:40:50,015 [INFO] ThirdParty:1030 - CMSIS Pack Vendor :RealThread X-CUBE-RT-Thread_Nano 4.1.1
2025-10-25 19:40:50,015 [INFO] ThirdParty:1030 - CMSIS Pack Vendor :STMicroelectronics FP-ATR-SIGFOX1 3.2.0
2025-10-25 19:40:50,017 [INFO] ThirdParty:1030 - CMSIS Pack Vendor :STMicroelectronics X-CUBE-NFC10 1.0.0
2025-10-25 19:40:50,017 [INFO] ThirdParty:1030 - CMSIS Pack Vendor :STMicroelectronics X-CUBE-FREERTOS 1.3.1
2025-10-25 19:40:50,018 [INFO] ThirdParty:1030 - CMSIS Pack Vendor :STMicroelectronics HAL Drivers 0.0.0
2025-10-25 19:40:50,019 [INFO] ThirdParty:1030 - CMSIS Pack Vendor :STMicroelectronics MBEDTLS 2.16.2
2025-10-25 19:40:50,019 [INFO] ThirdParty:1030 - CMSIS Pack Vendor :STMicroelectronics X-CUBE-ST60 1.1.0
2025-10-25 19:40:50,020 [INFO] ThirdParty:1030 - CMSIS Pack Vendor :STMicroelectronics X-CUBE-ALS 1.0.2
2025-10-25 19:40:50,021 [INFO] ThirdParty:1030 - CMSIS Pack Vendor :emotas I-CUBE-CANOPEN 1.3.0
2025-10-25 19:40:50,021 [INFO] ThirdParty:1030 - CMSIS Pack Vendor :STMicroelectronics MBEDTLS 2.14.1
2025-10-25 19:40:50,022 [INFO] ThirdParty:1030 - CMSIS Pack Vendor :ITTIA_DB I-CUBE-ITTIADB 8.9.0
2025-10-25 19:40:50,022 [INFO] ThirdParty:1030 - CMSIS Pack Vendor :STMicroelectronics X-CUBE-TOUCHGFX 4.26.0
2025-10-25 19:40:50,023 [INFO] ThirdParty:1030 - CMSIS Pack Vendor :STMicroelectronics X-CUBE-STSE01 1.0.0
2025-10-25 19:40:50,023 [INFO] ThirdParty:1030 - CMSIS Pack Vendor :STMicroelectronics FP-SNS-STBOX1 2.1.0
2025-10-25 19:40:50,025 [INFO] ThirdParty:1030 - CMSIS Pack Vendor :STMicroelectronics X-CUBE-AI 10.2.0
2025-10-25 19:40:50,026 [INFO] ThirdParty:1030 - CMSIS Pack Vendor :STMicroelectronics FP-SNS-STAIOTCFT 1.0.0
2025-10-25 19:40:50,026 [INFO] ThirdParty:1030 - CMSIS Pack Vendor :STMicroelectronics ThreadX 1.0.0
2025-10-25 19:40:50,027 [INFO] ThirdParty:1030 - CMSIS Pack Vendor :STMicroelectronics FP-SNS-SMARTAG2 1.2.0
2025-10-25 19:40:50,027 [INFO] ThirdParty:1030 - CMSIS Pack Vendor :STMicroelectronics FP-SNS-FLIGHT1 5.1.0
2025-10-25 19:40:50,028 [INFO] ThirdParty:1030 - CMSIS Pack Vendor :STMicroelectronics X-CUBE-AZRTOS-WL 2.0.0
2025-10-25 19:40:50,028 [INFO] ThirdParty:1030 - CMSIS Pack Vendor :SEGGER I-CUBE-embOS 1.3.1
2025-10-25 19:40:50,029 [INFO] ThirdParty:1030 - CMSIS Pack Vendor :STMicroelectronics X-CUBE-ALGOBUILD 1.4.0
2025-10-25 19:40:50,030 [INFO] ThirdParty:1030 - CMSIS Pack Vendor :STMicroelectronics X-CUBE-DPower 1.3.0
2025-10-25 19:40:50,030 [INFO] ThirdParty:1030 - CMSIS Pack Vendor :STMicroelectronics X-CUBE-MEMS1 11.3.0
2025-10-25 19:40:50,031 [INFO] ThirdParty:1030 - CMSIS Pack Vendor :STMicroelectronics FP-SNS-MOTENV1 5.0.0
2025-10-25 19:40:50,031 [INFO] ThirdParty:1030 - CMSIS Pack Vendor :STMicroelectronics USB_DEVICE 1.0.0
2025-10-25 19:40:50,032 [INFO] ThirdParty:1030 - CMSIS Pack Vendor :STMicroelectronics X-CUBE-AZRTOS-L4 2.0.0
2025-10-25 19:40:50,033 [INFO] ThirdParty:1030 - CMSIS Pack Vendor :STMicroelectronics ThreadX 0.0.2
2025-10-25 19:40:50,034 [INFO] ThirdParty:1030 - CMSIS Pack Vendor :STMicroelectronics lwIP 2.1.2
2025-10-25 19:40:50,035 [INFO] ThirdParty:1030 - CMSIS Pack Vendor :STMicroelectronics X-CUBE-SFXS2LP1 4.0.0
2025-10-25 19:40:50,035 [INFO] ThirdParty:1030 - CMSIS Pack Vendor :STMicroelectronics X-CUBE-BLE2 3.3.0
2025-10-25 19:40:50,036 [INFO] ThirdParty:1030 - CMSIS Pack Vendor :STMicroelectronics X-CUBE-TOF1 3.4.3
2025-10-25 19:40:50,037 [INFO] ThirdParty:1030 - CMSIS Pack Vendor :STMicroelectronics PDM2PCM 3.2.0
2025-10-25 19:40:50,037 [INFO] ThirdParty:841 - exiting critical section [change project]
2025-10-25 19:40:50,165 [INFO] PinOutPanel:1589 - setPackage(No Configuration,No Configuration)
2025-10-25 19:40:50,166 [INFO] PinOutPanel:1589 - setPackage(STM32F401RETx,LQFP64)
2025-10-25 19:40:50,342 [INFO] UtilMem:75 - Before build in PCC Used Memory: 532146896 Bytes (694157312)
2025-10-25 19:40:50,496 [INFO] UtilMem:75 - After build in PCC Used Memory: 577235664 Bytes (694157312)
2025-10-25 19:40:50,513 [INFO] IPUIPlugin:80 - create IPUIPlugin
2025-10-25 19:40:50,514 [INFO] IPUIPlugin:80 - create IPUIPlugin
2025-10-25 19:40:50,515 [INFO] IPUIPlugin:80 - create IPUIPlugin
2025-10-25 19:40:50,516 [INFO] IPUIPlugin:80 - create IPUIPlugin
2025-10-25 19:40:50,517 [INFO] IPUIPlugin:80 - create IPUIPlugin
2025-10-25 19:40:50,519 [INFO] IPUIPlugin:80 - create IPUIPlugin
2025-10-25 19:40:50,519 [INFO] IPUIPlugin:80 - create IPUIPlugin
2025-10-25 19:40:50,520 [INFO] IPUIPlugin:80 - create IPUIPlugin
2025-10-25 19:40:50,521 [INFO] IPUIPlugin:80 - create IPUIPlugin
2025-10-25 19:40:50,521 [INFO] IPUIPlugin:80 - create IPUIPlugin
2025-10-25 19:40:50,522 [INFO] IPUIPlugin:80 - create IPUIPlugin
2025-10-25 19:40:50,523 [INFO] IPUIPlugin:80 - create IPUIPlugin
2025-10-25 19:40:50,523 [INFO] IPUIPlugin:80 - create IPUIPlugin
2025-10-25 19:40:50,524 [INFO] IPUIPlugin:80 - create IPUIPlugin
2025-10-25 19:40:50,525 [INFO] IPUIPlugin:80 - create IPUIPlugin
2025-10-25 19:40:50,525 [INFO] IPUIPlugin:80 - create IPUIPlugin
2025-10-25 19:40:50,526 [INFO] IPUIPlugin:80 - create IPUIPlugin
2025-10-25 19:40:50,527 [INFO] IPUIPlugin:80 - create IPUIPlugin
2025-10-25 19:40:50,527 [INFO] IPUIPlugin:80 - create IPUIPlugin
2025-10-25 19:40:50,528 [INFO] IPUIPlugin:80 - create IPUIPlugin
2025-10-25 19:40:50,528 [INFO] IPUIPlugin:80 - create IPUIPlugin
2025-10-25 19:40:50,529 [INFO] IPUIPlugin:80 - create IPUIPlugin
2025-10-25 19:40:50,530 [INFO] IPUIPlugin:80 - create IPUIPlugin
2025-10-25 19:40:50,530 [INFO] IPUIPlugin:80 - create IPUIPlugin
2025-10-25 19:40:50,531 [INFO] IPUIPlugin:80 - create IPUIPlugin
2025-10-25 19:40:50,532 [INFO] IPUIPlugin:80 - create IPUIPlugin
2025-10-25 19:40:50,532 [INFO] IPUIPlugin:80 - create IPUIPlugin
2025-10-25 19:40:50,535 [INFO] IPUIPlugin:80 - create IPUIPlugin
2025-10-25 19:40:50,536 [INFO] IPUIPlugin:80 - create IPUIPlugin
2025-10-25 19:40:50,537 [INFO] IPUIPlugin:80 - create IPUIPlugin
2025-10-25 19:40:50,537 [INFO] IPUIPlugin:80 - create IPUIPlugin
2025-10-25 19:40:50,538 [INFO] IPUIPlugin:80 - create IPUIPlugin
2025-10-25 19:40:50,539 [INFO] IPUIPlugin:80 - create IPUIPlugin
2025-10-25 19:40:50,539 [INFO] IPUIPlugin:80 - create IPUIPlugin
2025-10-25 19:40:50,540 [INFO] IPUIPlugin:80 - create IPUIPlugin
2025-10-25 19:40:50,541 [INFO] IPUIPlugin:80 - create IPUIPlugin
2025-10-25 19:40:50,542 [INFO] IPUIPlugin:80 - create IPUIPlugin
2025-10-25 19:40:50,542 [INFO] IPUIPlugin:80 - create IPUIPlugin
2025-10-25 19:40:50,546 [INFO] ApiDbMcu:532 - Load IP Config File for PDM2PCM
2025-10-25 19:40:50,590 [INFO] CADModel:165 - CPN selected for project levelSTM32F401RET6
2025-10-25 19:40:50,591 [INFO] CADModel:114 - Register for checkConnection events
2025-10-25 19:40:50,646 [INFO] OpenFileManager:386 - Restore cursor
2025-10-25 19:41:04,575 [INFO] MainUpdater:2872 - connection check result : 10
2025-10-25 19:41:04,576 [INFO] MainUpdater:2872 - connection check result : 10
2025-10-25 19:41:04,591 [INFO] MicroXplorer:468 - Change Database Path : 
2025-10-25 19:41:04,592 [INFO] MicroXplorer:498 - Change Database Version : DB.6.0.150
2025-10-25 19:41:04,603 [ERROR] ProjectManagerView:395 - 
java.lang.NullPointerException: Cannot invoke "javax.swing.JTextField.getText()" because the return value of "java.util.List.get(int)" is null
	at com.st.microxplorer.plugins.projectmanager.gui.ProjectChoiceTab$9.caretUpdate(ProjectChoiceTab.java:2706) ~[filemanager.jar:?]
	at javax.swing.text.JTextComponent.fireCaretUpdate(JTextComponent.java:408) ~[?:?]
	at javax.swing.text.JTextComponent$MutableCaretEvent.fire(JTextComponent.java:4484) ~[?:?]
	at javax.swing.text.JTextComponent$MutableCaretEvent.stateChanged(JTextComponent.java:4506) ~[?:?]
	at javax.swing.text.DefaultCaret.fireStateChanged(DefaultCaret.java:857) ~[?:?]
	at javax.swing.text.DefaultCaret.changeCaretPosition(DefaultCaret.java:1343) ~[?:?]
	at javax.swing.text.DefaultCaret.handleSetDot(DefaultCaret.java:1242) ~[?:?]
	at javax.swing.text.DefaultCaret.setDot(DefaultCaret.java:1223) ~[?:?]
	at javax.swing.text.DefaultCaret$Handler.insertUpdate(DefaultCaret.java:1819) ~[?:?]
	at javax.swing.text.AbstractDocument.fireInsertUpdate(AbstractDocument.java:227) ~[?:?]
	at javax.swing.text.AbstractDocument.handleInsertString(AbstractDocument.java:781) ~[?:?]
	at javax.swing.text.AbstractDocument.insertString(AbstractDocument.java:740) ~[?:?]
	at javax.swing.text.PlainDocument.insertString(PlainDocument.java:131) ~[?:?]
	at javax.swing.text.AbstractDocument.replace(AbstractDocument.java:699) ~[?:?]
	at javax.swing.text.JTextComponent.setText(JTextComponent.java:1725) ~[?:?]
	at com.st.microxplorer.plugins.projectmanager.gui.ProjectChoiceTab.createHeapStackFields(ProjectChoiceTab.java:993) ~[filemanager.jar:?]
	at com.st.microxplorer.plugins.projectmanager.gui.ProjectChoiceTab.buildLinkSettingsPanel(ProjectChoiceTab.java:3813) ~[filemanager.jar:?]
	at com.st.microxplorer.plugins.projectmanager.gui.ProjectChoiceTab.defineWindowsFields(ProjectChoiceTab.java:1987) ~[filemanager.jar:?]
	at com.st.microxplorer.plugins.projectmanager.gui.ProjectChoiceTab.updateSettings(ProjectChoiceTab.java:558) ~[filemanager.jar:?]
	at com.st.microxplorer.plugins.projectmanager.gui.ProjectSettingsPanel.UpdateDialog(ProjectSettingsPanel.java:247) ~[filemanager.jar:?]
	at com.st.microxplorer.plugins.projectmanager.ProjectManagerView.propertyChange(ProjectManagerView.java:392) ~[filemanager.jar:?]
	at java.beans.PropertyChangeSupport.fire(PropertyChangeSupport.java:343) ~[?:?]
	at java.beans.PropertyChangeSupport.firePropertyChange(PropertyChangeSupport.java:335) ~[?:?]
	at java.beans.PropertyChangeSupport.firePropertyChange(PropertyChangeSupport.java:268) ~[?:?]
	at com.st.microxplorer.util.MXPropertyChangeSupport.firePropertyChange(MXPropertyChangeSupport.java:54) ~[STM32CubeMX.jar:?]
	at com.st.microxplorer.mxsystem.MxSystem.closeConfig(MxSystem.java:899) ~[STM32CubeMX.jar:?]
	at com.st.microxplorer.maingui.MainPanel.closeConfig(MainPanel.java:792) ~[STM32CubeMX.jar:?]
	at com.st.microxplorer.plugins.filemanager.engine.OpenFileManager.loadConfigurationFile(OpenFileManager.java:288) ~[filemanager.jar:?]
	at com.st.microxplorer.plugins.filemanager.engine.MainFileManager.userLoadConfig(MainFileManager.java:364) ~[filemanager.jar:?]
	at com.st.microxplorer.plugins.filemanager.engine.MainFileManager.userLoadConfig(MainFileManager.java:342) ~[filemanager.jar:?]
	at com.st.microxplorer.plugins.filemanager.FileManagerView.getSpecificTask(FileManagerView.java:264) ~[filemanager.jar:?]
	at com.st.stm32cube.common.mx.editor.CubeMxEditor.getMxTabbedPaneInstance(CubeMxEditor.java:1198) ~[com.st.stm32cube.common.mx_6.15.0.202507011659/:?]
	at com.st.stm32cube.common.mx.editor.CubeMxEditor$12$1.createSwingComponent(CubeMxEditor.java:1068) ~[com.st.stm32cube.common.mx_6.15.0.202507011659/:?]
	at com.st.stm32cube.common.mx.oss.core.awtswtbridge.EmbeddedSwingComposite.doComponentCreation(EmbeddedSwingComposite.java:492) ~[com.st.stm32cube.common.mx.oss_6.15.0.202507011659/:?]
	at com.st.stm32cube.common.mx.oss.core.awtswtbridge.EmbeddedSwingComposite$4.run(EmbeddedSwingComposite.java:291) ~[com.st.stm32cube.common.mx.oss_6.15.0.202507011659/:?]
	at com.st.stm32cube.common.mx.oss.core.awtswtbridge.AwtEnvironment$2.run(AwtEnvironment.java:166) ~[com.st.stm32cube.common.mx.oss_6.15.0.202507011659/:?]
	at java.awt.event.InvocationEvent.dispatch(InvocationEvent.java:318) ~[?:?]
	at java.awt.EventQueue.dispatchEventImpl(EventQueue.java:773) ~[?:?]
	at java.awt.EventQueue$4.run(EventQueue.java:720) ~[?:?]
	at java.awt.EventQueue$4.run(EventQueue.java:714) ~[?:?]
	at java.security.AccessController.doPrivileged(AccessController.java:400) ~[?:?]
	at java.security.ProtectionDomain$JavaSecurityAccessImpl.doIntersectionPrivilege(ProtectionDomain.java:87) ~[?:?]
	at java.awt.EventQueue.dispatchEvent(EventQueue.java:742) ~[?:?]
	at java.awt.EventDispatchThread.pumpOneEventForFilters(EventDispatchThread.java:203) ~[?:?]
	at java.awt.EventDispatchThread.pumpEventsForFilter(EventDispatchThread.java:124) ~[?:?]
	at java.awt.EventDispatchThread.pumpEventsForHierarchy(EventDispatchThread.java:113) ~[?:?]
	at java.awt.EventDispatchThread.pumpEvents(EventDispatchThread.java:109) ~[?:?]
	at java.awt.EventDispatchThread.pumpEvents(EventDispatchThread.java:101) ~[?:?]
	at java.awt.EventDispatchThread.run(EventDispatchThread.java:90) ~[?:?]
2025-10-25 19:41:04,628 [WARN] ThirdParty:871 - waiting for thirdparty lock release [close project]
2025-10-25 19:41:04,636 [INFO] ThirdParty:873 - entering critical section [close project]
2025-10-25 19:41:04,637 [INFO] ThirdParty:883 - exiting critical section [close project]
2025-10-25 19:41:04,639 [INFO] PinOutPanel:1589 - setPackage(No Configuration,No Configuration)
2025-10-25 19:41:04,644 [WARN] IpParametersView:155 - Warning: This peripheral hasn't parameters
2025-10-25 19:41:04,647 [WARN] MainPanel:289 - <html><b><center>Warning: This peripheral has no parameters to be configured<br></b></html>
2025-10-25 19:41:04,649 [INFO] UtilMem:75 - Begin LoadConfig() Used Memory: 392953872 Bytes (694157312)
2025-10-25 19:41:04,652 [INFO] MicroXplorer:468 - Change Database Path : 
2025-10-25 19:41:04,653 [INFO] MicroXplorer:498 - Change Database Version : DB.6.0.150
2025-10-25 19:41:04,654 [INFO] OpenFileManager:355 - Change cursor
2025-10-25 19:41:04,660 [INFO] Mcu:2029 - Initializing MCU STM32F401R(D-E)Tx STM32F401RETx STM32F401RET6
2025-10-25 19:41:05,418 [INFO] Context:786 - Trying to add GPIOservice into a context  which must be forbidden
2025-10-25 19:41:05,579 [INFO] ImportTextPane:234 - (OptionalMessage_ERROR) Pin16 (VP_RIF_VS_RIF1) cannot be retrieved for this MCU
2025-10-25 19:41:05,597 [INFO] RtosManager:558 - Registered RTOS mode: class=CMSIS, group=RTOS, mode=CMSIS_V1, owner=FREERTOS
2025-10-25 19:41:05,598 [INFO] RtosManager:558 - Registered RTOS mode: class=CMSIS, group=RTOS2, mode=CMSIS_V2, owner=FREERTOS
2025-10-25 19:41:05,599 [INFO] RtosManager:558 - Registered RTOS mode: class=RTOS, group=Core, mode=CMSIS_V1, owner=FREERTOS
2025-10-25 19:41:05,601 [INFO] RtosManager:558 - Registered RTOS mode: class=RTOS, group=Core, mode=CMSIS_V2, owner=FREERTOS
2025-10-25 19:41:05,602 [WARN] ModelIntegratedComponent:184 - Missing modes for component STMicroelectronics:FreeRTOS:0.0.1:STMicroelectronics:RTOS:FreeRTOS:Core:::10.2.0:
2025-10-25 19:41:05,608 [WARN] ModelIntegratedComponent:63 - No mode defined for component null
2025-10-25 19:41:05,609 [WARN] ModelIntegratedComponent:63 - No mode defined for component null
2025-10-25 19:41:05,610 [WARN] ModelIntegratedComponent:63 - No mode defined for component null
2025-10-25 19:41:05,610 [WARN] ModelIntegratedComponent:63 - No mode defined for component null
2025-10-25 19:41:05,611 [WARN] ModelIntegratedComponent:63 - No mode defined for component null
2025-10-25 19:41:05,611 [WARN] ModelIntegratedComponent:63 - No mode defined for component null
2025-10-25 19:41:05,612 [WARN] ModelIntegratedComponent:63 - No mode defined for component null
2025-10-25 19:41:05,613 [WARN] ModelIntegratedComponent:63 - No mode defined for component null
2025-10-25 19:41:05,613 [WARN] ModelIntegratedComponent:63 - No mode defined for component null
2025-10-25 19:41:05,614 [WARN] ModelIntegratedComponent:63 - No mode defined for component null
2025-10-25 19:41:05,614 [WARN] ModelIntegratedComponent:63 - No mode defined for component null
2025-10-25 19:41:05,615 [WARN] ModelIntegratedComponent:63 - No mode defined for component null
2025-10-25 19:41:05,615 [WARN] ModelIntegratedComponent:63 - No mode defined for component null
2025-10-25 19:41:05,617 [WARN] ModelIntegratedComponent:63 - No mode defined for component null
2025-10-25 19:41:05,618 [WARN] ModelIntegratedComponent:63 - No mode defined for component null
2025-10-25 19:41:05,619 [WARN] ModelIntegratedComponent:63 - No mode defined for component null
2025-10-25 19:41:05,619 [WARN] ModelIntegratedComponent:63 - No mode defined for component null
2025-10-25 19:41:05,620 [WARN] ModelIntegratedComponent:63 - No mode defined for component null
2025-10-25 19:41:05,620 [WARN] ModelIntegratedComponent:63 - No mode defined for component null
2025-10-25 19:41:05,621 [WARN] ModelIntegratedComponent:63 - No mode defined for component null
2025-10-25 19:41:05,622 [WARN] ModelIntegratedComponent:63 - No mode defined for component null
2025-10-25 19:41:05,622 [WARN] ModelIntegratedComponent:63 - No mode defined for component null
2025-10-25 19:41:05,623 [WARN] ModelIntegratedComponent:63 - No mode defined for component null
2025-10-25 19:41:05,624 [WARN] ModelIntegratedComponent:63 - No mode defined for component null
2025-10-25 19:41:05,624 [WARN] ModelIntegratedComponent:63 - No mode defined for component null
2025-10-25 19:41:05,625 [WARN] ModelIntegratedComponent:63 - No mode defined for component null
2025-10-25 19:41:05,625 [WARN] ModelIntegratedComponent:63 - No mode defined for component null
2025-10-25 19:41:05,626 [WARN] ModelIntegratedComponent:63 - No mode defined for component null
2025-10-25 19:41:05,626 [WARN] ModelIntegratedComponent:63 - No mode defined for component null
2025-10-25 19:41:05,627 [WARN] ModelIntegratedComponent:63 - No mode defined for component null
2025-10-25 19:41:05,628 [WARN] ModelIntegratedComponent:63 - No mode defined for component null
2025-10-25 19:41:05,628 [WARN] ModelIntegratedComponent:63 - No mode defined for component null
2025-10-25 19:41:05,629 [WARN] ModelIntegratedComponent:63 - No mode defined for component null
2025-10-25 19:41:05,629 [WARN] ModelIntegratedComponent:63 - No mode defined for component null
2025-10-25 19:41:05,630 [WARN] ModelIntegratedComponent:63 - No mode defined for component null
2025-10-25 19:41:05,630 [WARN] ModelPack:524 - Component already loaded: STMicroelectronics:HAL Drivers:0.0.0:STMicroelectronics:Device:STMicro_Driver:XSPI:HAL::0.0.1:HAL_XSPI
2025-10-25 19:41:05,705 [INFO] ThirdPartyModel:298 - Start build external matchings
2025-10-25 19:41:06,114 [INFO] ThirdPartyModel:316 - End build external matchings
2025-10-25 19:41:06,123 [INFO] ImportTextPane:234 - (OptionalMessage_ERROR) IP (RCC) : Parameter (RTCHSEDivFreq_Value) has invalid value (4000000)
2025-10-25 19:41:06,347 [INFO] UtilMem:75 - End LoadConfig() Used Memory: 562565720 Bytes (702545920)
2025-10-25 19:41:06,395 [WARN] ThirdParty:833 - waiting for thirdparty lock release [change project]
2025-10-25 19:41:06,396 [INFO] ThirdParty:835 - entering critical section [change project]
2025-10-25 19:41:06,396 [INFO] ThirdParty:1030 - CMSIS Pack Vendor :STMicroelectronics X-CUBE-PM33A1 1.0.0
2025-10-25 19:41:06,397 [INFO] ThirdParty:1030 - CMSIS Pack Vendor :STMicroelectronics USBPD 4.1
2025-10-25 19:41:06,398 [INFO] ThirdParty:1030 - CMSIS Pack Vendor :STMicroelectronics X-CUBE-NFC9 1.0.0
2025-10-25 19:41:06,398 [INFO] ThirdParty:1030 - CMSIS Pack Vendor :STMicroelectronics USB_HOST 2.0.0
2025-10-25 19:41:06,402 [INFO] ThirdParty:1030 - CMSIS Pack Vendor :STMicroelectronics FP-SNS-MOTENVWB1 1.4.0
2025-10-25 19:41:06,403 [INFO] ThirdParty:1030 - CMSIS Pack Vendor :STMicroelectronics X-CUBE-AZRTOS-F4 1.1.0
2025-10-25 19:41:06,405 [INFO] ThirdParty:1030 - CMSIS Pack Vendor :STMicroelectronics LIBJPEG 8.0.0
2025-10-25 19:41:06,405 [INFO] ThirdParty:1030 - CMSIS Pack Vendor :STMicroelectronics FP-ATR-ASTRA1 2.0.2
2025-10-25 19:41:06,406 [INFO] ThirdParty:1030 - CMSIS Pack Vendor :wolfSSL I-CUBE-wolfSSL 5.8.2
2025-10-25 19:41:06,407 [INFO] ThirdParty:1030 - CMSIS Pack Vendor :STMicroelectronics X-CUBE-BLE1 7.1.0
2025-10-25 19:41:06,408 [INFO] ThirdParty:1030 - CMSIS Pack Vendor :STMicroelectronics X-CUBE-SMBUS 2.1.0
2025-10-25 19:41:06,408 [INFO] ThirdParty:1030 - CMSIS Pack Vendor :wolfSSL I-CUBE-wolfMQTT 1.19.2
2025-10-25 19:41:06,409 [INFO] ThirdParty:1030 - CMSIS Pack Vendor :STMicroelectronics USB_DEVICE 3.0.0
2025-10-25 19:41:06,409 [INFO] ThirdParty:1030 - CMSIS Pack Vendor :STMicroelectronics X-CUBE-ISPU 2.1.0
2025-10-25 19:41:06,410 [INFO] ThirdParty:1030 - CMSIS Pack Vendor :STMicroelectronics X-CUBE-EEPRMA1 5.2.0
2025-10-25 19:41:06,410 [INFO] ThirdParty:1030 - CMSIS Pack Vendor :STMicroelectronics X-CUBE-IPS 3.2.0
2025-10-25 19:41:06,411 [INFO] ThirdParty:1030 - CMSIS Pack Vendor :STMicroelectronics X-CUBE-BLEMGR 4.1.0
2025-10-25 19:41:06,412 [INFO] ThirdParty:1030 - CMSIS Pack Vendor :STMicroelectronics X-CUBE-AZRTOS-WB 2.0.0
2025-10-25 19:41:06,412 [INFO] ThirdParty:1030 - CMSIS Pack Vendor :STMicroelectronics X-CUBE-GNSS1 7.0.1
2025-10-25 19:41:06,413 [INFO] ThirdParty:1030 - CMSIS Pack Vendor :STMicroelectronics X-CUBE-NFC12 1.0.0
2025-10-25 19:41:06,414 [INFO] ThirdParty:1030 - CMSIS Pack Vendor :STMicroelectronics X-CUBE-AZRTOS-F7 1.1.0
2025-10-25 19:41:06,414 [INFO] ThirdParty:1030 - CMSIS Pack Vendor :STMicroelectronics X-CUBE-AZRTOS-L5 2.0.0
2025-10-25 19:41:06,415 [INFO] ThirdParty:1030 - CMSIS Pack Vendor :STMicroelectronics USB_DEVICE 2.0.0
2025-10-25 19:41:06,417 [INFO] ThirdParty:1030 - CMSIS Pack Vendor :STMicroelectronics X-CUBE-NFC6 3.1.0
2025-10-25 19:41:06,418 [INFO] ThirdParty:1030 - CMSIS Pack Vendor :STMicroelectronics X-CUBE-ST67W61 1.1.0
2025-10-25 19:41:06,419 [INFO] ThirdParty:1030 - CMSIS Pack Vendor :Cesanta I-CUBE-Mongoose 7.19.0
2025-10-25 19:41:06,419 [INFO] ThirdParty:1030 - CMSIS Pack Vendor :quantropi X-CUBE-qispace-sdk-base 2.1.0
2025-10-25 19:41:06,420 [INFO] ThirdParty:1030 - CMSIS Pack Vendor :STMicroelectronics FreeRTOS 0.0.1
2025-10-25 19:41:06,421 [INFO] ThirdParty:1030 - CMSIS Pack Vendor :STMicroelectronics X-CUBE-AZRTOS-G0 1.1.0
2025-10-25 19:41:06,421 [INFO] ThirdParty:1030 - CMSIS Pack Vendor :STMicroelectronics X-CUBE-SAFEA1 1.2.2
2025-10-25 19:41:06,422 [INFO] ThirdParty:1030 - CMSIS Pack Vendor :STMicroelectronics X-CUBE-NFC4 3.0.0
2025-10-25 19:41:06,423 [INFO] ThirdParty:1030 - CMSIS Pack Vendor :STMicroelectronics X-CUBE-SUBG2 5.0.0
2025-10-25 19:41:06,423 [INFO] ThirdParty:1030 - CMSIS Pack Vendor :STMicroelectronics X-CUBE-AZRTOS-H7RS 1.1.0
2025-10-25 19:41:06,424 [INFO] ThirdParty:1030 - CMSIS Pack Vendor :STMicroelectronics STM32_WPAN 1.0.0
2025-10-25 19:41:06,425 [INFO] ThirdParty:1030 - CMSIS Pack Vendor :EmbeddedOffice I-CUBE-FS-RTOS 1.0.1
2025-10-25 19:41:06,425 [INFO] ThirdParty:1030 - CMSIS Pack Vendor :STMicroelectronics lwIP 2.0.3
2025-10-25 19:41:06,426 [INFO] ThirdParty:1030 - CMSIS Pack Vendor :WES I-CUBE-Cesium 1.4.0
2025-10-25 19:41:06,427 [INFO] ThirdParty:1030 - CMSIS Pack Vendor :STMicroelectronics USB_HOST 1.0.0
2025-10-25 19:41:06,427 [INFO] ThirdParty:1030 - CMSIS Pack Vendor :Infineon AIROC-Wi-Fi-Bluetooth-STM32 1.7.1
2025-10-25 19:41:06,429 [INFO] ThirdParty:1030 - CMSIS Pack Vendor :STMicroelectronics X-CUBE-AZRTOS-G4 2.0.0
2025-10-25 19:41:06,429 [INFO] ThirdParty:1030 - CMSIS Pack Vendor :STMicroelectronics X-CUBE-WB05N 2.0.0
2025-10-25 19:41:06,429 [INFO] ThirdParty:1030 - CMSIS Pack Vendor :STMicroelectronics PDM2PCM 3.1.0
2025-10-25 19:41:06,430 [INFO] ThirdParty:1030 - CMSIS Pack Vendor :STMicroelectronics PDM2PCM 3.3.0
2025-10-25 19:41:06,430 [INFO] ThirdParty:1030 - CMSIS Pack Vendor :wolfSSL I-CUBE-wolfTPM 3.8.0
2025-10-25 19:41:06,431 [INFO] ThirdParty:1030 - CMSIS Pack Vendor :STMicroelectronics X-CUBE-AZRTOS-H7 3.4.0
2025-10-25 19:41:06,433 [INFO] ThirdParty:1030 - CMSIS Pack Vendor :STMicroelectronics X-CUBE-DISPLAY 3.0.0
2025-10-25 19:41:06,434 [INFO] ThirdParty:1030 - CMSIS Pack Vendor :wolfSSL I-CUBE-wolfSSH 1.4.20
2025-10-25 19:41:06,435 [INFO] ThirdParty:1030 - CMSIS Pack Vendor :STMicroelectronics X-CUBE-NFC7 2.0.0
2025-10-25 19:41:06,435 [INFO] ThirdParty:1030 - CMSIS Pack Vendor :STMicroelectronics X-CUBE-TCPP 4.2.0
2025-10-25 19:41:06,436 [INFO] ThirdParty:1030 - CMSIS Pack Vendor :RealThread X-CUBE-RT-Thread_Nano 4.1.1
2025-10-25 19:41:06,438 [INFO] ThirdParty:1030 - CMSIS Pack Vendor :STMicroelectronics FP-ATR-SIGFOX1 3.2.0
2025-10-25 19:41:06,438 [INFO] ThirdParty:1030 - CMSIS Pack Vendor :STMicroelectronics X-CUBE-NFC10 1.0.0
2025-10-25 19:41:06,439 [INFO] ThirdParty:1030 - CMSIS Pack Vendor :STMicroelectronics X-CUBE-FREERTOS 1.3.1
2025-10-25 19:41:06,439 [INFO] ThirdParty:1030 - CMSIS Pack Vendor :STMicroelectronics HAL Drivers 0.0.0
2025-10-25 19:41:06,439 [INFO] ThirdParty:1030 - CMSIS Pack Vendor :STMicroelectronics MBEDTLS 2.16.2
2025-10-25 19:41:06,441 [INFO] ThirdParty:1030 - CMSIS Pack Vendor :STMicroelectronics X-CUBE-ST60 1.1.0
2025-10-25 19:41:06,441 [INFO] ThirdParty:1030 - CMSIS Pack Vendor :STMicroelectronics X-CUBE-ALS 1.0.2
2025-10-25 19:41:06,441 [INFO] ThirdParty:1030 - CMSIS Pack Vendor :emotas I-CUBE-CANOPEN 1.3.0
2025-10-25 19:41:06,443 [INFO] ThirdParty:1030 - CMSIS Pack Vendor :STMicroelectronics MBEDTLS 2.14.1
2025-10-25 19:41:06,443 [INFO] ThirdParty:1030 - CMSIS Pack Vendor :ITTIA_DB I-CUBE-ITTIADB 8.9.0
2025-10-25 19:41:06,444 [INFO] ThirdParty:1030 - CMSIS Pack Vendor :STMicroelectronics X-CUBE-TOUCHGFX 4.26.0
2025-10-25 19:41:06,445 [INFO] ThirdParty:1030 - CMSIS Pack Vendor :STMicroelectronics X-CUBE-STSE01 1.0.0
2025-10-25 19:41:06,445 [INFO] ThirdParty:1030 - CMSIS Pack Vendor :STMicroelectronics FP-SNS-STBOX1 2.1.0
2025-10-25 19:41:06,446 [INFO] ThirdParty:1030 - CMSIS Pack Vendor :STMicroelectronics X-CUBE-AI 10.2.0
2025-10-25 19:41:06,446 [INFO] ThirdParty:1030 - CMSIS Pack Vendor :STMicroelectronics FP-SNS-STAIOTCFT 1.0.0
2025-10-25 19:41:06,447 [INFO] ThirdParty:1030 - CMSIS Pack Vendor :STMicroelectronics ThreadX 1.0.0
2025-10-25 19:41:06,447 [INFO] ThirdParty:1030 - CMSIS Pack Vendor :STMicroelectronics FP-SNS-SMARTAG2 1.2.0
2025-10-25 19:41:06,448 [INFO] ThirdParty:1030 - CMSIS Pack Vendor :STMicroelectronics FP-SNS-FLIGHT1 5.1.0
2025-10-25 19:41:06,449 [INFO] ThirdParty:1030 - CMSIS Pack Vendor :STMicroelectronics X-CUBE-AZRTOS-WL 2.0.0
2025-10-25 19:41:06,450 [INFO] ThirdParty:1030 - CMSIS Pack Vendor :SEGGER I-CUBE-embOS 1.3.1
2025-10-25 19:41:06,451 [INFO] ThirdParty:1030 - CMSIS Pack Vendor :STMicroelectronics X-CUBE-ALGOBUILD 1.4.0
2025-10-25 19:41:06,451 [INFO] ThirdParty:1030 - CMSIS Pack Vendor :STMicroelectronics X-CUBE-DPower 1.3.0
2025-10-25 19:41:06,452 [INFO] ThirdParty:1030 - CMSIS Pack Vendor :STMicroelectronics X-CUBE-MEMS1 11.3.0
2025-10-25 19:41:06,453 [INFO] ThirdParty:1030 - CMSIS Pack Vendor :STMicroelectronics FP-SNS-MOTENV1 5.0.0
2025-10-25 19:41:06,453 [INFO] ThirdParty:1030 - CMSIS Pack Vendor :STMicroelectronics USB_DEVICE 1.0.0
2025-10-25 19:41:06,454 [INFO] ThirdParty:1030 - CMSIS Pack Vendor :STMicroelectronics X-CUBE-AZRTOS-L4 2.0.0
2025-10-25 19:41:06,455 [INFO] ThirdParty:1030 - CMSIS Pack Vendor :STMicroelectronics ThreadX 0.0.2
2025-10-25 19:41:06,455 [INFO] ThirdParty:1030 - CMSIS Pack Vendor :STMicroelectronics lwIP 2.1.2
2025-10-25 19:41:06,456 [INFO] ThirdParty:1030 - CMSIS Pack Vendor :STMicroelectronics X-CUBE-SFXS2LP1 4.0.0
2025-10-25 19:41:06,456 [INFO] ThirdParty:1030 - CMSIS Pack Vendor :STMicroelectronics X-CUBE-BLE2 3.3.0
2025-10-25 19:41:06,457 [INFO] ThirdParty:1030 - CMSIS Pack Vendor :STMicroelectronics X-CUBE-TOF1 3.4.3
2025-10-25 19:41:06,458 [INFO] ThirdParty:1030 - CMSIS Pack Vendor :STMicroelectronics PDM2PCM 3.2.0
2025-10-25 19:41:06,458 [INFO] ThirdParty:841 - exiting critical section [change project]
2025-10-25 19:41:06,579 [INFO] PinOutPanel:1589 - setPackage(No Configuration,No Configuration)
2025-10-25 19:41:06,580 [INFO] PinOutPanel:1589 - setPackage(STM32F401RETx,LQFP64)
2025-10-25 19:41:06,824 [INFO] UtilMem:75 - Before build in PCC Used Memory: 290123080 Bytes (702545920)
2025-10-25 19:41:07,104 [INFO] UtilMem:75 - After build in PCC Used Memory: 334163288 Bytes (702545920)
2025-10-25 19:41:07,139 [INFO] IPUIPlugin:80 - create IPUIPlugin
2025-10-25 19:41:07,140 [INFO] IPUIPlugin:80 - create IPUIPlugin
2025-10-25 19:41:07,140 [INFO] IPUIPlugin:80 - create IPUIPlugin
2025-10-25 19:41:07,141 [INFO] IPUIPlugin:80 - create IPUIPlugin
2025-10-25 19:41:07,142 [INFO] IPUIPlugin:80 - create IPUIPlugin
2025-10-25 19:41:07,142 [INFO] IPUIPlugin:80 - create IPUIPlugin
2025-10-25 19:41:07,143 [INFO] IPUIPlugin:80 - create IPUIPlugin
2025-10-25 19:41:07,143 [INFO] IPUIPlugin:80 - create IPUIPlugin
2025-10-25 19:41:07,144 [INFO] IPUIPlugin:80 - create IPUIPlugin
2025-10-25 19:41:07,145 [INFO] IPUIPlugin:80 - create IPUIPlugin
2025-10-25 19:41:07,146 [INFO] IPUIPlugin:80 - create IPUIPlugin
2025-10-25 19:41:07,146 [INFO] IPUIPlugin:80 - create IPUIPlugin
2025-10-25 19:41:07,147 [INFO] IPUIPlugin:80 - create IPUIPlugin
2025-10-25 19:41:07,148 [INFO] IPUIPlugin:80 - create IPUIPlugin
2025-10-25 19:41:07,148 [INFO] IPUIPlugin:80 - create IPUIPlugin
2025-10-25 19:41:07,149 [INFO] IPUIPlugin:80 - create IPUIPlugin
2025-10-25 19:41:07,152 [INFO] IPUIPlugin:80 - create IPUIPlugin
2025-10-25 19:41:07,152 [INFO] IPUIPlugin:80 - create IPUIPlugin
2025-10-25 19:41:07,153 [INFO] IPUIPlugin:80 - create IPUIPlugin
2025-10-25 19:41:07,153 [INFO] IPUIPlugin:80 - create IPUIPlugin
2025-10-25 19:41:07,154 [INFO] IPUIPlugin:80 - create IPUIPlugin
2025-10-25 19:41:07,155 [INFO] IPUIPlugin:80 - create IPUIPlugin
2025-10-25 19:41:07,155 [INFO] IPUIPlugin:80 - create IPUIPlugin
2025-10-25 19:41:07,156 [INFO] IPUIPlugin:80 - create IPUIPlugin
2025-10-25 19:41:07,157 [INFO] IPUIPlugin:80 - create IPUIPlugin
2025-10-25 19:41:07,157 [INFO] IPUIPlugin:80 - create IPUIPlugin
2025-10-25 19:41:07,158 [INFO] IPUIPlugin:80 - create IPUIPlugin
2025-10-25 19:41:07,159 [INFO] IPUIPlugin:80 - create IPUIPlugin
2025-10-25 19:41:07,159 [INFO] IPUIPlugin:80 - create IPUIPlugin
2025-10-25 19:41:07,160 [INFO] IPUIPlugin:80 - create IPUIPlugin
2025-10-25 19:41:07,161 [INFO] IPUIPlugin:80 - create IPUIPlugin
2025-10-25 19:41:07,161 [INFO] IPUIPlugin:80 - create IPUIPlugin
2025-10-25 19:41:07,162 [INFO] IPUIPlugin:80 - create IPUIPlugin
2025-10-25 19:41:07,163 [INFO] IPUIPlugin:80 - create IPUIPlugin
2025-10-25 19:41:07,163 [INFO] IPUIPlugin:80 - create IPUIPlugin
2025-10-25 19:41:07,164 [INFO] IPUIPlugin:80 - create IPUIPlugin
2025-10-25 19:41:07,165 [INFO] IPUIPlugin:80 - create IPUIPlugin
2025-10-25 19:41:07,165 [INFO] IPUIPlugin:80 - create IPUIPlugin
2025-10-25 19:41:07,170 [INFO] ApiDbMcu:532 - Load IP Config File for PDM2PCM
2025-10-25 19:41:07,209 [INFO] CADModel:165 - CPN selected for project levelSTM32F401RET6
2025-10-25 19:41:07,209 [INFO] CADModel:114 - Register for checkConnection events
2025-10-25 19:41:07,287 [INFO] OpenFileManager:386 - Restore cursor
2025-10-25 19:41:57,302 [INFO] MainUpdater:2872 - connection check result : 10
2025-10-25 19:41:57,303 [INFO] MainUpdater:2872 - connection check result : 10
2025-10-25 19:41:57,321 [INFO] MicroXplorer:468 - Change Database Path : 
2025-10-25 19:41:57,322 [INFO] MicroXplorer:498 - Change Database Version : DB.6.0.150
2025-10-25 19:41:57,336 [ERROR] ProjectManagerView:395 - 
java.lang.NullPointerException: Cannot invoke "javax.swing.JTextField.getText()" because the return value of "java.util.List.get(int)" is null
	at com.st.microxplorer.plugins.projectmanager.gui.ProjectChoiceTab$9.caretUpdate(ProjectChoiceTab.java:2706) ~[filemanager.jar:?]
	at javax.swing.text.JTextComponent.fireCaretUpdate(JTextComponent.java:408) ~[?:?]
	at javax.swing.text.JTextComponent$MutableCaretEvent.fire(JTextComponent.java:4484) ~[?:?]
	at javax.swing.text.JTextComponent$MutableCaretEvent.stateChanged(JTextComponent.java:4506) ~[?:?]
	at javax.swing.text.DefaultCaret.fireStateChanged(DefaultCaret.java:857) ~[?:?]
	at javax.swing.text.DefaultCaret.changeCaretPosition(DefaultCaret.java:1343) ~[?:?]
	at javax.swing.text.DefaultCaret.handleSetDot(DefaultCaret.java:1242) ~[?:?]
	at javax.swing.text.DefaultCaret.setDot(DefaultCaret.java:1223) ~[?:?]
	at javax.swing.text.DefaultCaret$Handler.insertUpdate(DefaultCaret.java:1819) ~[?:?]
	at javax.swing.text.AbstractDocument.fireInsertUpdate(AbstractDocument.java:227) ~[?:?]
	at javax.swing.text.AbstractDocument.handleInsertString(AbstractDocument.java:781) ~[?:?]
	at javax.swing.text.AbstractDocument.insertString(AbstractDocument.java:740) ~[?:?]
	at javax.swing.text.PlainDocument.insertString(PlainDocument.java:131) ~[?:?]
	at javax.swing.text.AbstractDocument.replace(AbstractDocument.java:699) ~[?:?]
	at javax.swing.text.JTextComponent.setText(JTextComponent.java:1725) ~[?:?]
	at com.st.microxplorer.plugins.projectmanager.gui.ProjectChoiceTab.createHeapStackFields(ProjectChoiceTab.java:993) ~[filemanager.jar:?]
	at com.st.microxplorer.plugins.projectmanager.gui.ProjectChoiceTab.buildLinkSettingsPanel(ProjectChoiceTab.java:3813) ~[filemanager.jar:?]
	at com.st.microxplorer.plugins.projectmanager.gui.ProjectChoiceTab.defineWindowsFields(ProjectChoiceTab.java:1987) ~[filemanager.jar:?]
	at com.st.microxplorer.plugins.projectmanager.gui.ProjectChoiceTab.updateSettings(ProjectChoiceTab.java:558) ~[filemanager.jar:?]
	at com.st.microxplorer.plugins.projectmanager.gui.ProjectSettingsPanel.UpdateDialog(ProjectSettingsPanel.java:247) ~[filemanager.jar:?]
	at com.st.microxplorer.plugins.projectmanager.ProjectManagerView.propertyChange(ProjectManagerView.java:392) ~[filemanager.jar:?]
	at java.beans.PropertyChangeSupport.fire(PropertyChangeSupport.java:343) ~[?:?]
	at java.beans.PropertyChangeSupport.firePropertyChange(PropertyChangeSupport.java:335) ~[?:?]
	at java.beans.PropertyChangeSupport.firePropertyChange(PropertyChangeSupport.java:268) ~[?:?]
	at com.st.microxplorer.util.MXPropertyChangeSupport.firePropertyChange(MXPropertyChangeSupport.java:54) ~[STM32CubeMX.jar:?]
	at com.st.microxplorer.mxsystem.MxSystem.closeConfig(MxSystem.java:899) ~[STM32CubeMX.jar:?]
	at com.st.microxplorer.maingui.MainPanel.closeConfig(MainPanel.java:792) ~[STM32CubeMX.jar:?]
	at com.st.microxplorer.plugins.filemanager.engine.OpenFileManager.loadConfigurationFile(OpenFileManager.java:288) ~[filemanager.jar:?]
	at com.st.microxplorer.plugins.filemanager.engine.MainFileManager.userLoadConfig(MainFileManager.java:364) ~[filemanager.jar:?]
	at com.st.microxplorer.plugins.filemanager.engine.MainFileManager.userLoadConfig(MainFileManager.java:342) ~[filemanager.jar:?]
	at com.st.microxplorer.plugins.filemanager.FileManagerView.getSpecificTask(FileManagerView.java:264) ~[filemanager.jar:?]
	at com.st.stm32cube.common.mx.editor.CubeMxEditor.getMxTabbedPaneInstance(CubeMxEditor.java:1198) ~[com.st.stm32cube.common.mx_6.15.0.202507011659/:?]
	at com.st.stm32cube.common.mx.editor.CubeMxEditor$12$1.createSwingComponent(CubeMxEditor.java:1068) ~[com.st.stm32cube.common.mx_6.15.0.202507011659/:?]
	at com.st.stm32cube.common.mx.oss.core.awtswtbridge.EmbeddedSwingComposite.doComponentCreation(EmbeddedSwingComposite.java:492) ~[com.st.stm32cube.common.mx.oss_6.15.0.202507011659/:?]
	at com.st.stm32cube.common.mx.oss.core.awtswtbridge.EmbeddedSwingComposite$4.run(EmbeddedSwingComposite.java:291) ~[com.st.stm32cube.common.mx.oss_6.15.0.202507011659/:?]
	at com.st.stm32cube.common.mx.oss.core.awtswtbridge.AwtEnvironment$2.run(AwtEnvironment.java:166) ~[com.st.stm32cube.common.mx.oss_6.15.0.202507011659/:?]
	at java.awt.event.InvocationEvent.dispatch(InvocationEvent.java:318) ~[?:?]
	at java.awt.EventQueue.dispatchEventImpl(EventQueue.java:773) ~[?:?]
	at java.awt.EventQueue$4.run(EventQueue.java:720) ~[?:?]
	at java.awt.EventQueue$4.run(EventQueue.java:714) ~[?:?]
	at java.security.AccessController.doPrivileged(AccessController.java:400) ~[?:?]
	at java.security.ProtectionDomain$JavaSecurityAccessImpl.doIntersectionPrivilege(ProtectionDomain.java:87) ~[?:?]
	at java.awt.EventQueue.dispatchEvent(EventQueue.java:742) ~[?:?]
	at java.awt.EventDispatchThread.pumpOneEventForFilters(EventDispatchThread.java:203) ~[?:?]
	at java.awt.EventDispatchThread.pumpEventsForFilter(EventDispatchThread.java:124) ~[?:?]
	at java.awt.EventDispatchThread.pumpEventsForHierarchy(EventDispatchThread.java:113) ~[?:?]
	at java.awt.EventDispatchThread.pumpEvents(EventDispatchThread.java:109) ~[?:?]
	at java.awt.EventDispatchThread.pumpEvents(EventDispatchThread.java:101) ~[?:?]
	at java.awt.EventDispatchThread.run(EventDispatchThread.java:90) ~[?:?]
2025-10-25 19:41:57,338 [WARN] ThirdParty:871 - waiting for thirdparty lock release [close project]
2025-10-25 19:41:57,339 [INFO] ThirdParty:873 - entering critical section [close project]
2025-10-25 19:41:57,339 [INFO] ThirdParty:883 - exiting critical section [close project]
2025-10-25 19:41:57,341 [INFO] PinOutPanel:1589 - setPackage(No Configuration,No Configuration)
2025-10-25 19:41:57,349 [WARN] IpParametersView:155 - Warning: This peripheral hasn't parameters
2025-10-25 19:41:57,354 [WARN] MainPanel:289 - <html><b><center>Warning: This peripheral has no parameters to be configured<br></b></html>
2025-10-25 19:41:57,357 [INFO] UtilMem:75 - Begin LoadConfig() Used Memory: 500886856 Bytes (702545920)
2025-10-25 19:41:57,359 [INFO] MicroXplorer:468 - Change Database Path : 
2025-10-25 19:41:57,360 [INFO] MicroXplorer:498 - Change Database Version : DB.6.0.150
2025-10-25 19:41:57,360 [INFO] OpenFileManager:355 - Change cursor
2025-10-25 19:41:57,367 [INFO] Mcu:2029 - Initializing MCU STM32F401R(D-E)Tx STM32F401RETx STM32F401RET6
2025-10-25 19:41:58,173 [INFO] Context:786 - Trying to add GPIOservice into a context  which must be forbidden
2025-10-25 19:41:58,312 [INFO] ImportTextPane:234 - (OptionalMessage_ERROR) Pin13 (VP_RIF_VS_RIF1) cannot be retrieved for this MCU
2025-10-25 19:41:58,331 [INFO] RtosManager:558 - Registered RTOS mode: class=CMSIS, group=RTOS, mode=CMSIS_V1, owner=FREERTOS
2025-10-25 19:41:58,333 [INFO] RtosManager:558 - Registered RTOS mode: class=CMSIS, group=RTOS2, mode=CMSIS_V2, owner=FREERTOS
2025-10-25 19:41:58,334 [INFO] RtosManager:558 - Registered RTOS mode: class=RTOS, group=Core, mode=CMSIS_V1, owner=FREERTOS
2025-10-25 19:41:58,335 [INFO] RtosManager:558 - Registered RTOS mode: class=RTOS, group=Core, mode=CMSIS_V2, owner=FREERTOS
2025-10-25 19:41:58,336 [WARN] ModelIntegratedComponent:184 - Missing modes for component STMicroelectronics:FreeRTOS:0.0.1:STMicroelectronics:RTOS:FreeRTOS:Core:::10.2.0:
2025-10-25 19:41:58,342 [WARN] ModelIntegratedComponent:63 - No mode defined for component null
2025-10-25 19:41:58,343 [WARN] ModelIntegratedComponent:63 - No mode defined for component null
2025-10-25 19:41:58,346 [WARN] ModelIntegratedComponent:63 - No mode defined for component null
2025-10-25 19:41:58,360 [WARN] ModelIntegratedComponent:63 - No mode defined for component null
2025-10-25 19:41:58,367 [WARN] ModelIntegratedComponent:63 - No mode defined for component null
2025-10-25 19:41:58,368 [WARN] ModelIntegratedComponent:63 - No mode defined for component null
2025-10-25 19:41:58,369 [WARN] ModelIntegratedComponent:63 - No mode defined for component null
2025-10-25 19:41:58,370 [WARN] ModelIntegratedComponent:63 - No mode defined for component null
2025-10-25 19:41:58,370 [WARN] ModelIntegratedComponent:63 - No mode defined for component null
2025-10-25 19:41:58,371 [WARN] ModelIntegratedComponent:63 - No mode defined for component null
2025-10-25 19:41:58,372 [WARN] ModelIntegratedComponent:63 - No mode defined for component null
2025-10-25 19:41:58,373 [WARN] ModelIntegratedComponent:63 - No mode defined for component null
2025-10-25 19:41:58,374 [WARN] ModelIntegratedComponent:63 - No mode defined for component null
2025-10-25 19:41:58,374 [WARN] ModelIntegratedComponent:63 - No mode defined for component null
2025-10-25 19:41:58,375 [WARN] ModelIntegratedComponent:63 - No mode defined for component null
2025-10-25 19:41:58,376 [WARN] ModelIntegratedComponent:63 - No mode defined for component null
2025-10-25 19:41:58,376 [WARN] ModelIntegratedComponent:63 - No mode defined for component null
2025-10-25 19:41:58,377 [WARN] ModelIntegratedComponent:63 - No mode defined for component null
2025-10-25 19:41:58,378 [WARN] ModelIntegratedComponent:63 - No mode defined for component null
2025-10-25 19:41:58,379 [WARN] ModelIntegratedComponent:63 - No mode defined for component null
2025-10-25 19:41:58,379 [WARN] ModelIntegratedComponent:63 - No mode defined for component null
2025-10-25 19:41:58,380 [WARN] ModelIntegratedComponent:63 - No mode defined for component null
2025-10-25 19:41:58,380 [WARN] ModelIntegratedComponent:63 - No mode defined for component null
2025-10-25 19:41:58,381 [WARN] ModelIntegratedComponent:63 - No mode defined for component null
2025-10-25 19:41:58,382 [WARN] ModelIntegratedComponent:63 - No mode defined for component null
2025-10-25 19:41:58,383 [WARN] ModelIntegratedComponent:63 - No mode defined for component null
2025-10-25 19:41:58,384 [WARN] ModelIntegratedComponent:63 - No mode defined for component null
2025-10-25 19:41:58,385 [WARN] ModelIntegratedComponent:63 - No mode defined for component null
2025-10-25 19:41:58,385 [WARN] ModelIntegratedComponent:63 - No mode defined for component null
2025-10-25 19:41:58,386 [WARN] ModelIntegratedComponent:63 - No mode defined for component null
2025-10-25 19:41:58,387 [WARN] ModelIntegratedComponent:63 - No mode defined for component null
2025-10-25 19:41:58,387 [WARN] ModelIntegratedComponent:63 - No mode defined for component null
2025-10-25 19:41:58,388 [WARN] ModelIntegratedComponent:63 - No mode defined for component null
2025-10-25 19:41:58,388 [WARN] ModelIntegratedComponent:63 - No mode defined for component null
2025-10-25 19:41:58,389 [WARN] ModelIntegratedComponent:63 - No mode defined for component null
2025-10-25 19:41:58,390 [WARN] ModelPack:524 - Component already loaded: STMicroelectronics:HAL Drivers:0.0.0:STMicroelectronics:Device:STMicro_Driver:XSPI:HAL::0.0.1:HAL_XSPI
2025-10-25 19:41:58,460 [INFO] ThirdPartyModel:298 - Start build external matchings
2025-10-25 19:41:58,853 [INFO] ThirdPartyModel:316 - End build external matchings
2025-10-25 19:41:58,860 [INFO] ImportTextPane:234 - (OptionalMessage_ERROR) IP (RCC) : Parameter (RTCHSEDivFreq_Value) has invalid value (4000000)
2025-10-25 19:41:59,091 [INFO] UtilMem:75 - End LoadConfig() Used Memory: 295817016 Bytes (702545920)
2025-10-25 19:41:59,126 [WARN] ThirdParty:833 - waiting for thirdparty lock release [change project]
2025-10-25 19:41:59,128 [INFO] ThirdParty:835 - entering critical section [change project]
2025-10-25 19:41:59,130 [INFO] ThirdParty:1030 - CMSIS Pack Vendor :STMicroelectronics X-CUBE-PM33A1 1.0.0
2025-10-25 19:41:59,131 [INFO] ThirdParty:1030 - CMSIS Pack Vendor :STMicroelectronics USBPD 4.1
2025-10-25 19:41:59,131 [INFO] ThirdParty:1030 - CMSIS Pack Vendor :STMicroelectronics X-CUBE-NFC9 1.0.0
2025-10-25 19:41:59,134 [INFO] ThirdParty:1030 - CMSIS Pack Vendor :STMicroelectronics USB_HOST 2.0.0
2025-10-25 19:41:59,136 [INFO] ThirdParty:1030 - CMSIS Pack Vendor :STMicroelectronics FP-SNS-MOTENVWB1 1.4.0
2025-10-25 19:41:59,137 [INFO] ThirdParty:1030 - CMSIS Pack Vendor :STMicroelectronics X-CUBE-AZRTOS-F4 1.1.0
2025-10-25 19:41:59,137 [INFO] ThirdParty:1030 - CMSIS Pack Vendor :STMicroelectronics LIBJPEG 8.0.0
2025-10-25 19:41:59,138 [INFO] ThirdParty:1030 - CMSIS Pack Vendor :STMicroelectronics FP-ATR-ASTRA1 2.0.2
2025-10-25 19:41:59,138 [INFO] ThirdParty:1030 - CMSIS Pack Vendor :wolfSSL I-CUBE-wolfSSL 5.8.2
2025-10-25 19:41:59,139 [INFO] ThirdParty:1030 - CMSIS Pack Vendor :STMicroelectronics X-CUBE-BLE1 7.1.0
2025-10-25 19:41:59,140 [INFO] ThirdParty:1030 - CMSIS Pack Vendor :STMicroelectronics X-CUBE-SMBUS 2.1.0
2025-10-25 19:41:59,140 [INFO] ThirdParty:1030 - CMSIS Pack Vendor :wolfSSL I-CUBE-wolfMQTT 1.19.2
2025-10-25 19:41:59,141 [INFO] ThirdParty:1030 - CMSIS Pack Vendor :STMicroelectronics USB_DEVICE 3.0.0
2025-10-25 19:41:59,141 [INFO] ThirdParty:1030 - CMSIS Pack Vendor :STMicroelectronics X-CUBE-ISPU 2.1.0
2025-10-25 19:41:59,142 [INFO] ThirdParty:1030 - CMSIS Pack Vendor :STMicroelectronics X-CUBE-EEPRMA1 5.2.0
2025-10-25 19:41:59,142 [INFO] ThirdParty:1030 - CMSIS Pack Vendor :STMicroelectronics X-CUBE-IPS 3.2.0
2025-10-25 19:41:59,143 [INFO] ThirdParty:1030 - CMSIS Pack Vendor :STMicroelectronics X-CUBE-BLEMGR 4.1.0
2025-10-25 19:41:59,143 [INFO] ThirdParty:1030 - CMSIS Pack Vendor :STMicroelectronics X-CUBE-AZRTOS-WB 2.0.0
2025-10-25 19:41:59,144 [INFO] ThirdParty:1030 - CMSIS Pack Vendor :STMicroelectronics X-CUBE-GNSS1 7.0.1
2025-10-25 19:41:59,144 [INFO] ThirdParty:1030 - CMSIS Pack Vendor :STMicroelectronics X-CUBE-NFC12 1.0.0
2025-10-25 19:41:59,145 [INFO] ThirdParty:1030 - CMSIS Pack Vendor :STMicroelectronics X-CUBE-AZRTOS-F7 1.1.0
2025-10-25 19:41:59,145 [INFO] ThirdParty:1030 - CMSIS Pack Vendor :STMicroelectronics X-CUBE-AZRTOS-L5 2.0.0
2025-10-25 19:41:59,146 [INFO] ThirdParty:1030 - CMSIS Pack Vendor :STMicroelectronics USB_DEVICE 2.0.0
2025-10-25 19:41:59,146 [INFO] ThirdParty:1030 - CMSIS Pack Vendor :STMicroelectronics X-CUBE-NFC6 3.1.0
2025-10-25 19:41:59,147 [INFO] ThirdParty:1030 - CMSIS Pack Vendor :STMicroelectronics X-CUBE-ST67W61 1.1.0
2025-10-25 19:41:59,147 [INFO] ThirdParty:1030 - CMSIS Pack Vendor :Cesanta I-CUBE-Mongoose 7.19.0
2025-10-25 19:41:59,148 [INFO] ThirdParty:1030 - CMSIS Pack Vendor :quantropi X-CUBE-qispace-sdk-base 2.1.0
2025-10-25 19:41:59,151 [INFO] ThirdParty:1030 - CMSIS Pack Vendor :STMicroelectronics FreeRTOS 0.0.1
2025-10-25 19:41:59,152 [INFO] ThirdParty:1030 - CMSIS Pack Vendor :STMicroelectronics X-CUBE-AZRTOS-G0 1.1.0
2025-10-25 19:41:59,153 [INFO] ThirdParty:1030 - CMSIS Pack Vendor :STMicroelectronics X-CUBE-SAFEA1 1.2.2
2025-10-25 19:41:59,153 [INFO] ThirdParty:1030 - CMSIS Pack Vendor :STMicroelectronics X-CUBE-NFC4 3.0.0
2025-10-25 19:41:59,154 [INFO] ThirdParty:1030 - CMSIS Pack Vendor :STMicroelectronics X-CUBE-SUBG2 5.0.0
2025-10-25 19:41:59,154 [INFO] ThirdParty:1030 - CMSIS Pack Vendor :STMicroelectronics X-CUBE-AZRTOS-H7RS 1.1.0
2025-10-25 19:41:59,155 [INFO] ThirdParty:1030 - CMSIS Pack Vendor :STMicroelectronics STM32_WPAN 1.0.0
2025-10-25 19:41:59,155 [INFO] ThirdParty:1030 - CMSIS Pack Vendor :EmbeddedOffice I-CUBE-FS-RTOS 1.0.1
2025-10-25 19:41:59,156 [INFO] ThirdParty:1030 - CMSIS Pack Vendor :STMicroelectronics lwIP 2.0.3
2025-10-25 19:41:59,156 [INFO] ThirdParty:1030 - CMSIS Pack Vendor :WES I-CUBE-Cesium 1.4.0
2025-10-25 19:41:59,157 [INFO] ThirdParty:1030 - CMSIS Pack Vendor :STMicroelectronics USB_HOST 1.0.0
2025-10-25 19:41:59,157 [INFO] ThirdParty:1030 - CMSIS Pack Vendor :Infineon AIROC-Wi-Fi-Bluetooth-STM32 1.7.1
2025-10-25 19:41:59,158 [INFO] ThirdParty:1030 - CMSIS Pack Vendor :STMicroelectronics X-CUBE-AZRTOS-G4 2.0.0
2025-10-25 19:41:59,158 [INFO] ThirdParty:1030 - CMSIS Pack Vendor :STMicroelectronics X-CUBE-WB05N 2.0.0
2025-10-25 19:41:59,159 [INFO] ThirdParty:1030 - CMSIS Pack Vendor :STMicroelectronics PDM2PCM 3.1.0
2025-10-25 19:41:59,159 [INFO] ThirdParty:1030 - CMSIS Pack Vendor :STMicroelectronics PDM2PCM 3.3.0
2025-10-25 19:41:59,160 [INFO] ThirdParty:1030 - CMSIS Pack Vendor :wolfSSL I-CUBE-wolfTPM 3.8.0
2025-10-25 19:41:59,161 [INFO] ThirdParty:1030 - CMSIS Pack Vendor :STMicroelectronics X-CUBE-AZRTOS-H7 3.4.0
2025-10-25 19:41:59,161 [INFO] ThirdParty:1030 - CMSIS Pack Vendor :STMicroelectronics X-CUBE-DISPLAY 3.0.0
2025-10-25 19:41:59,162 [INFO] ThirdParty:1030 - CMSIS Pack Vendor :wolfSSL I-CUBE-wolfSSH 1.4.20
2025-10-25 19:41:59,162 [INFO] ThirdParty:1030 - CMSIS Pack Vendor :STMicroelectronics X-CUBE-NFC7 2.0.0
2025-10-25 19:41:59,163 [INFO] ThirdParty:1030 - CMSIS Pack Vendor :STMicroelectronics X-CUBE-TCPP 4.2.0
2025-10-25 19:41:59,163 [INFO] ThirdParty:1030 - CMSIS Pack Vendor :RealThread X-CUBE-RT-Thread_Nano 4.1.1
2025-10-25 19:41:59,164 [INFO] ThirdParty:1030 - CMSIS Pack Vendor :STMicroelectronics FP-ATR-SIGFOX1 3.2.0
2025-10-25 19:41:59,164 [INFO] ThirdParty:1030 - CMSIS Pack Vendor :STMicroelectronics X-CUBE-NFC10 1.0.0
2025-10-25 19:41:59,165 [INFO] ThirdParty:1030 - CMSIS Pack Vendor :STMicroelectronics X-CUBE-FREERTOS 1.3.1
2025-10-25 19:41:59,171 [INFO] ThirdParty:1030 - CMSIS Pack Vendor :STMicroelectronics HAL Drivers 0.0.0
2025-10-25 19:41:59,185 [INFO] ThirdParty:1030 - CMSIS Pack Vendor :STMicroelectronics MBEDTLS 2.16.2
2025-10-25 19:41:59,187 [INFO] ThirdParty:1030 - CMSIS Pack Vendor :STMicroelectronics X-CUBE-ST60 1.1.0
2025-10-25 19:41:59,187 [INFO] ThirdParty:1030 - CMSIS Pack Vendor :STMicroelectronics X-CUBE-ALS 1.0.2
2025-10-25 19:41:59,188 [INFO] ThirdParty:1030 - CMSIS Pack Vendor :emotas I-CUBE-CANOPEN 1.3.0
2025-10-25 19:41:59,188 [INFO] ThirdParty:1030 - CMSIS Pack Vendor :STMicroelectronics MBEDTLS 2.14.1
2025-10-25 19:41:59,189 [INFO] ThirdParty:1030 - CMSIS Pack Vendor :ITTIA_DB I-CUBE-ITTIADB 8.9.0
2025-10-25 19:41:59,189 [INFO] ThirdParty:1030 - CMSIS Pack Vendor :STMicroelectronics X-CUBE-TOUCHGFX 4.26.0
2025-10-25 19:41:59,190 [INFO] ThirdParty:1030 - CMSIS Pack Vendor :STMicroelectronics X-CUBE-STSE01 1.0.0
2025-10-25 19:41:59,190 [INFO] ThirdParty:1030 - CMSIS Pack Vendor :STMicroelectronics FP-SNS-STBOX1 2.1.0
2025-10-25 19:41:59,191 [INFO] ThirdParty:1030 - CMSIS Pack Vendor :STMicroelectronics X-CUBE-AI 10.2.0
2025-10-25 19:41:59,191 [INFO] ThirdParty:1030 - CMSIS Pack Vendor :STMicroelectronics FP-SNS-STAIOTCFT 1.0.0
2025-10-25 19:41:59,192 [INFO] ThirdParty:1030 - CMSIS Pack Vendor :STMicroelectronics ThreadX 1.0.0
2025-10-25 19:41:59,192 [INFO] ThirdParty:1030 - CMSIS Pack Vendor :STMicroelectronics FP-SNS-SMARTAG2 1.2.0
2025-10-25 19:41:59,193 [INFO] ThirdParty:1030 - CMSIS Pack Vendor :STMicroelectronics FP-SNS-FLIGHT1 5.1.0
2025-10-25 19:41:59,193 [INFO] ThirdParty:1030 - CMSIS Pack Vendor :STMicroelectronics X-CUBE-AZRTOS-WL 2.0.0
2025-10-25 19:41:59,194 [INFO] ThirdParty:1030 - CMSIS Pack Vendor :SEGGER I-CUBE-embOS 1.3.1
2025-10-25 19:41:59,194 [INFO] ThirdParty:1030 - CMSIS Pack Vendor :STMicroelectronics X-CUBE-ALGOBUILD 1.4.0
2025-10-25 19:41:59,195 [INFO] ThirdParty:1030 - CMSIS Pack Vendor :STMicroelectronics X-CUBE-DPower 1.3.0
2025-10-25 19:41:59,195 [INFO] ThirdParty:1030 - CMSIS Pack Vendor :STMicroelectronics X-CUBE-MEMS1 11.3.0
2025-10-25 19:41:59,196 [INFO] ThirdParty:1030 - CMSIS Pack Vendor :STMicroelectronics FP-SNS-MOTENV1 5.0.0
2025-10-25 19:41:59,197 [INFO] ThirdParty:1030 - CMSIS Pack Vendor :STMicroelectronics USB_DEVICE 1.0.0
2025-10-25 19:41:59,197 [INFO] ThirdParty:1030 - CMSIS Pack Vendor :STMicroelectronics X-CUBE-AZRTOS-L4 2.0.0
2025-10-25 19:41:59,198 [INFO] ThirdParty:1030 - CMSIS Pack Vendor :STMicroelectronics ThreadX 0.0.2
2025-10-25 19:41:59,198 [INFO] ThirdParty:1030 - CMSIS Pack Vendor :STMicroelectronics lwIP 2.1.2
2025-10-25 19:41:59,200 [INFO] ThirdParty:1030 - CMSIS Pack Vendor :STMicroelectronics X-CUBE-SFXS2LP1 4.0.0
2025-10-25 19:41:59,201 [INFO] ThirdParty:1030 - CMSIS Pack Vendor :STMicroelectronics X-CUBE-BLE2 3.3.0
2025-10-25 19:41:59,201 [INFO] ThirdParty:1030 - CMSIS Pack Vendor :STMicroelectronics X-CUBE-TOF1 3.4.3
2025-10-25 19:41:59,202 [INFO] ThirdParty:1030 - CMSIS Pack Vendor :STMicroelectronics PDM2PCM 3.2.0
2025-10-25 19:41:59,202 [INFO] ThirdParty:841 - exiting critical section [change project]
2025-10-25 19:41:59,334 [INFO] PinOutPanel:1589 - setPackage(No Configuration,No Configuration)
2025-10-25 19:41:59,336 [INFO] PinOutPanel:1589 - setPackage(STM32F401RETx,LQFP64)
2025-10-25 19:41:59,519 [INFO] UtilMem:75 - Before build in PCC Used Memory: 428303112 Bytes (702545920)
2025-10-25 19:41:59,689 [INFO] UtilMem:75 - After build in PCC Used Memory: 472869640 Bytes (702545920)
2025-10-25 19:41:59,707 [INFO] IPUIPlugin:80 - create IPUIPlugin
2025-10-25 19:41:59,708 [INFO] IPUIPlugin:80 - create IPUIPlugin
2025-10-25 19:41:59,708 [INFO] IPUIPlugin:80 - create IPUIPlugin
2025-10-25 19:41:59,709 [INFO] IPUIPlugin:80 - create IPUIPlugin
2025-10-25 19:41:59,710 [INFO] IPUIPlugin:80 - create IPUIPlugin
2025-10-25 19:41:59,711 [INFO] IPUIPlugin:80 - create IPUIPlugin
2025-10-25 19:41:59,711 [INFO] IPUIPlugin:80 - create IPUIPlugin
2025-10-25 19:41:59,712 [INFO] IPUIPlugin:80 - create IPUIPlugin
2025-10-25 19:41:59,712 [INFO] IPUIPlugin:80 - create IPUIPlugin
2025-10-25 19:41:59,713 [INFO] IPUIPlugin:80 - create IPUIPlugin
2025-10-25 19:41:59,714 [INFO] IPUIPlugin:80 - create IPUIPlugin
2025-10-25 19:41:59,715 [INFO] IPUIPlugin:80 - create IPUIPlugin
2025-10-25 19:41:59,717 [INFO] IPUIPlugin:80 - create IPUIPlugin
2025-10-25 19:41:59,718 [INFO] IPUIPlugin:80 - create IPUIPlugin
2025-10-25 19:41:59,719 [INFO] IPUIPlugin:80 - create IPUIPlugin
2025-10-25 19:41:59,720 [INFO] IPUIPlugin:80 - create IPUIPlugin
2025-10-25 19:41:59,720 [INFO] IPUIPlugin:80 - create IPUIPlugin
2025-10-25 19:41:59,721 [INFO] IPUIPlugin:80 - create IPUIPlugin
2025-10-25 19:41:59,722 [INFO] IPUIPlugin:80 - create IPUIPlugin
2025-10-25 19:41:59,722 [INFO] IPUIPlugin:80 - create IPUIPlugin
2025-10-25 19:41:59,723 [INFO] IPUIPlugin:80 - create IPUIPlugin
2025-10-25 19:41:59,724 [INFO] IPUIPlugin:80 - create IPUIPlugin
2025-10-25 19:41:59,724 [INFO] IPUIPlugin:80 - create IPUIPlugin
2025-10-25 19:41:59,725 [INFO] IPUIPlugin:80 - create IPUIPlugin
2025-10-25 19:41:59,726 [INFO] IPUIPlugin:80 - create IPUIPlugin
2025-10-25 19:41:59,727 [INFO] IPUIPlugin:80 - create IPUIPlugin
2025-10-25 19:41:59,727 [INFO] IPUIPlugin:80 - create IPUIPlugin
2025-10-25 19:41:59,728 [INFO] IPUIPlugin:80 - create IPUIPlugin
2025-10-25 19:41:59,729 [INFO] IPUIPlugin:80 - create IPUIPlugin
2025-10-25 19:41:59,729 [INFO] IPUIPlugin:80 - create IPUIPlugin
2025-10-25 19:41:59,730 [INFO] IPUIPlugin:80 - create IPUIPlugin
2025-10-25 19:41:59,731 [INFO] IPUIPlugin:80 - create IPUIPlugin
2025-10-25 19:41:59,731 [INFO] IPUIPlugin:80 - create IPUIPlugin
2025-10-25 19:41:59,734 [INFO] IPUIPlugin:80 - create IPUIPlugin
2025-10-25 19:41:59,734 [INFO] IPUIPlugin:80 - create IPUIPlugin
2025-10-25 19:41:59,735 [INFO] IPUIPlugin:80 - create IPUIPlugin
2025-10-25 19:41:59,736 [INFO] IPUIPlugin:80 - create IPUIPlugin
2025-10-25 19:41:59,737 [INFO] IPUIPlugin:80 - create IPUIPlugin
2025-10-25 19:41:59,740 [INFO] ApiDbMcu:532 - Load IP Config File for PDM2PCM
2025-10-25 19:41:59,785 [INFO] CADModel:165 - CPN selected for project levelSTM32F401RET6
2025-10-25 19:41:59,798 [INFO] CADModel:114 - Register for checkConnection events
2025-10-25 19:41:59,885 [INFO] OpenFileManager:386 - Restore cursor
2025-10-25 19:43:38,669 [INFO] MainUpdater:2872 - connection check result : 10
2025-10-25 19:43:38,671 [INFO] MainUpdater:2872 - connection check result : 10
2025-10-25 19:43:38,685 [INFO] MicroXplorer:468 - Change Database Path : 
2025-10-25 19:43:38,685 [INFO] MicroXplorer:498 - Change Database Version : DB.6.0.150
2025-10-25 19:43:38,706 [ERROR] ProjectManagerView:395 - 
java.lang.NullPointerException: Cannot invoke "javax.swing.JTextField.getText()" because the return value of "java.util.List.get(int)" is null
	at com.st.microxplorer.plugins.projectmanager.gui.ProjectChoiceTab$9.caretUpdate(ProjectChoiceTab.java:2706) ~[filemanager.jar:?]
	at javax.swing.text.JTextComponent.fireCaretUpdate(JTextComponent.java:408) ~[?:?]
	at javax.swing.text.JTextComponent$MutableCaretEvent.fire(JTextComponent.java:4484) ~[?:?]
	at javax.swing.text.JTextComponent$MutableCaretEvent.stateChanged(JTextComponent.java:4506) ~[?:?]
	at javax.swing.text.DefaultCaret.fireStateChanged(DefaultCaret.java:857) ~[?:?]
	at javax.swing.text.DefaultCaret.changeCaretPosition(DefaultCaret.java:1343) ~[?:?]
	at javax.swing.text.DefaultCaret.handleSetDot(DefaultCaret.java:1242) ~[?:?]
	at javax.swing.text.DefaultCaret.setDot(DefaultCaret.java:1223) ~[?:?]
	at javax.swing.text.DefaultCaret$Handler.insertUpdate(DefaultCaret.java:1819) ~[?:?]
	at javax.swing.text.AbstractDocument.fireInsertUpdate(AbstractDocument.java:227) ~[?:?]
	at javax.swing.text.AbstractDocument.handleInsertString(AbstractDocument.java:781) ~[?:?]
	at javax.swing.text.AbstractDocument.insertString(AbstractDocument.java:740) ~[?:?]
	at javax.swing.text.PlainDocument.insertString(PlainDocument.java:131) ~[?:?]
	at javax.swing.text.AbstractDocument.replace(AbstractDocument.java:699) ~[?:?]
	at javax.swing.text.JTextComponent.setText(JTextComponent.java:1725) ~[?:?]
	at com.st.microxplorer.plugins.projectmanager.gui.ProjectChoiceTab.createHeapStackFields(ProjectChoiceTab.java:993) ~[filemanager.jar:?]
	at com.st.microxplorer.plugins.projectmanager.gui.ProjectChoiceTab.buildLinkSettingsPanel(ProjectChoiceTab.java:3813) ~[filemanager.jar:?]
	at com.st.microxplorer.plugins.projectmanager.gui.ProjectChoiceTab.defineWindowsFields(ProjectChoiceTab.java:1987) ~[filemanager.jar:?]
	at com.st.microxplorer.plugins.projectmanager.gui.ProjectChoiceTab.updateSettings(ProjectChoiceTab.java:558) ~[filemanager.jar:?]
	at com.st.microxplorer.plugins.projectmanager.gui.ProjectSettingsPanel.UpdateDialog(ProjectSettingsPanel.java:247) ~[filemanager.jar:?]
	at com.st.microxplorer.plugins.projectmanager.ProjectManagerView.propertyChange(ProjectManagerView.java:392) ~[filemanager.jar:?]
	at java.beans.PropertyChangeSupport.fire(PropertyChangeSupport.java:343) ~[?:?]
	at java.beans.PropertyChangeSupport.firePropertyChange(PropertyChangeSupport.java:335) ~[?:?]
	at java.beans.PropertyChangeSupport.firePropertyChange(PropertyChangeSupport.java:268) ~[?:?]
	at com.st.microxplorer.util.MXPropertyChangeSupport.firePropertyChange(MXPropertyChangeSupport.java:54) ~[STM32CubeMX.jar:?]
	at com.st.microxplorer.mxsystem.MxSystem.closeConfig(MxSystem.java:899) ~[STM32CubeMX.jar:?]
	at com.st.microxplorer.maingui.MainPanel.closeConfig(MainPanel.java:792) ~[STM32CubeMX.jar:?]
	at com.st.microxplorer.plugins.filemanager.engine.OpenFileManager.loadConfigurationFile(OpenFileManager.java:288) ~[filemanager.jar:?]
	at com.st.microxplorer.plugins.filemanager.engine.MainFileManager.userLoadConfig(MainFileManager.java:364) ~[filemanager.jar:?]
	at com.st.microxplorer.plugins.filemanager.engine.MainFileManager.userLoadConfig(MainFileManager.java:342) ~[filemanager.jar:?]
	at com.st.microxplorer.plugins.filemanager.FileManagerView.getSpecificTask(FileManagerView.java:264) ~[filemanager.jar:?]
	at com.st.stm32cube.common.mx.editor.CubeMxEditor.getMxTabbedPaneInstance(CubeMxEditor.java:1198) ~[com.st.stm32cube.common.mx_6.15.0.202507011659/:?]
	at com.st.stm32cube.common.mx.editor.CubeMxEditor$12$1.createSwingComponent(CubeMxEditor.java:1068) ~[com.st.stm32cube.common.mx_6.15.0.202507011659/:?]
	at com.st.stm32cube.common.mx.oss.core.awtswtbridge.EmbeddedSwingComposite.doComponentCreation(EmbeddedSwingComposite.java:492) ~[com.st.stm32cube.common.mx.oss_6.15.0.202507011659/:?]
	at com.st.stm32cube.common.mx.oss.core.awtswtbridge.EmbeddedSwingComposite$4.run(EmbeddedSwingComposite.java:291) ~[com.st.stm32cube.common.mx.oss_6.15.0.202507011659/:?]
	at com.st.stm32cube.common.mx.oss.core.awtswtbridge.AwtEnvironment$2.run(AwtEnvironment.java:166) ~[com.st.stm32cube.common.mx.oss_6.15.0.202507011659/:?]
	at java.awt.event.InvocationEvent.dispatch(InvocationEvent.java:318) ~[?:?]
	at java.awt.EventQueue.dispatchEventImpl(EventQueue.java:773) ~[?:?]
	at java.awt.EventQueue$4.run(EventQueue.java:720) ~[?:?]
	at java.awt.EventQueue$4.run(EventQueue.java:714) ~[?:?]
	at java.security.AccessController.doPrivileged(AccessController.java:400) ~[?:?]
	at java.security.ProtectionDomain$JavaSecurityAccessImpl.doIntersectionPrivilege(ProtectionDomain.java:87) ~[?:?]
	at java.awt.EventQueue.dispatchEvent(EventQueue.java:742) ~[?:?]
	at java.awt.EventDispatchThread.pumpOneEventForFilters(EventDispatchThread.java:203) ~[?:?]
	at java.awt.EventDispatchThread.pumpEventsForFilter(EventDispatchThread.java:124) ~[?:?]
	at java.awt.EventDispatchThread.pumpEventsForHierarchy(EventDispatchThread.java:113) ~[?:?]
	at java.awt.EventDispatchThread.pumpEvents(EventDispatchThread.java:109) ~[?:?]
	at java.awt.EventDispatchThread.pumpEvents(EventDispatchThread.java:101) ~[?:?]
	at java.awt.EventDispatchThread.run(EventDispatchThread.java:90) ~[?:?]
2025-10-25 19:43:38,710 [WARN] ThirdParty:871 - waiting for thirdparty lock release [close project]
2025-10-25 19:43:38,711 [INFO] ThirdParty:873 - entering critical section [close project]
2025-10-25 19:43:38,711 [INFO] ThirdParty:883 - exiting critical section [close project]
2025-10-25 19:43:38,728 [INFO] PinOutPanel:1589 - setPackage(No Configuration,No Configuration)
2025-10-25 19:43:38,754 [WARN] IpParametersView:155 - Warning: This peripheral hasn't parameters
2025-10-25 19:43:38,758 [WARN] MainPanel:289 - <html><b><center>Warning: This peripheral has no parameters to be configured<br></b></html>
2025-10-25 19:43:38,761 [INFO] UtilMem:75 - Begin LoadConfig() Used Memory: 463653632 Bytes (702545920)
2025-10-25 19:43:38,765 [INFO] MicroXplorer:468 - Change Database Path : 
2025-10-25 19:43:38,767 [INFO] MicroXplorer:498 - Change Database Version : DB.6.0.150
2025-10-25 19:43:38,768 [INFO] OpenFileManager:355 - Change cursor
2025-10-25 19:43:38,774 [INFO] Mcu:2029 - Initializing MCU STM32F401R(D-E)Tx STM32F401RETx STM32F401RET6
2025-10-25 19:43:39,712 [INFO] Context:786 - Trying to add GPIOservice into a context  which must be forbidden
2025-10-25 19:43:39,908 [INFO] ImportTextPane:234 - (OptionalMessage_ERROR) Pin14 (VP_RIF_VS_RIF1) cannot be retrieved for this MCU
2025-10-25 19:43:39,976 [INFO] RtosManager:558 - Registered RTOS mode: class=CMSIS, group=RTOS, mode=CMSIS_V1, owner=FREERTOS
2025-10-25 19:43:39,977 [INFO] RtosManager:558 - Registered RTOS mode: class=CMSIS, group=RTOS2, mode=CMSIS_V2, owner=FREERTOS
2025-10-25 19:43:39,977 [INFO] RtosManager:558 - Registered RTOS mode: class=RTOS, group=Core, mode=CMSIS_V1, owner=FREERTOS
2025-10-25 19:43:39,978 [INFO] RtosManager:558 - Registered RTOS mode: class=RTOS, group=Core, mode=CMSIS_V2, owner=FREERTOS
2025-10-25 19:43:39,979 [WARN] ModelIntegratedComponent:184 - Missing modes for component STMicroelectronics:FreeRTOS:0.0.1:STMicroelectronics:RTOS:FreeRTOS:Core:::10.2.0:
2025-10-25 19:43:39,986 [WARN] ModelIntegratedComponent:63 - No mode defined for component null
2025-10-25 19:43:39,987 [WARN] ModelIntegratedComponent:63 - No mode defined for component null
2025-10-25 19:43:39,988 [WARN] ModelIntegratedComponent:63 - No mode defined for component null
2025-10-25 19:43:39,988 [WARN] ModelIntegratedComponent:63 - No mode defined for component null
2025-10-25 19:43:39,989 [WARN] ModelIntegratedComponent:63 - No mode defined for component null
2025-10-25 19:43:39,990 [WARN] ModelIntegratedComponent:63 - No mode defined for component null
2025-10-25 19:43:39,990 [WARN] ModelIntegratedComponent:63 - No mode defined for component null
2025-10-25 19:43:39,991 [WARN] ModelIntegratedComponent:63 - No mode defined for component null
2025-10-25 19:43:39,992 [WARN] ModelIntegratedComponent:63 - No mode defined for component null
2025-10-25 19:43:39,992 [WARN] ModelIntegratedComponent:63 - No mode defined for component null
2025-10-25 19:43:39,993 [WARN] ModelIntegratedComponent:63 - No mode defined for component null
2025-10-25 19:43:39,993 [WARN] ModelIntegratedComponent:63 - No mode defined for component null
2025-10-25 19:43:39,994 [WARN] ModelIntegratedComponent:63 - No mode defined for component null
2025-10-25 19:43:39,994 [WARN] ModelIntegratedComponent:63 - No mode defined for component null
2025-10-25 19:43:39,995 [WARN] ModelIntegratedComponent:63 - No mode defined for component null
2025-10-25 19:43:39,995 [WARN] ModelIntegratedComponent:63 - No mode defined for component null
2025-10-25 19:43:39,996 [WARN] ModelIntegratedComponent:63 - No mode defined for component null
2025-10-25 19:43:39,998 [WARN] ModelIntegratedComponent:63 - No mode defined for component null
2025-10-25 19:43:39,999 [WARN] ModelIntegratedComponent:63 - No mode defined for component null
2025-10-25 19:43:40,000 [WARN] ModelIntegratedComponent:63 - No mode defined for component null
2025-10-25 19:43:40,000 [WARN] ModelIntegratedComponent:63 - No mode defined for component null
2025-10-25 19:43:40,001 [WARN] ModelIntegratedComponent:63 - No mode defined for component null
2025-10-25 19:43:40,001 [WARN] ModelIntegratedComponent:63 - No mode defined for component null
2025-10-25 19:43:40,002 [WARN] ModelIntegratedComponent:63 - No mode defined for component null
2025-10-25 19:43:40,002 [WARN] ModelIntegratedComponent:63 - No mode defined for component null
2025-10-25 19:43:40,003 [WARN] ModelIntegratedComponent:63 - No mode defined for component null
2025-10-25 19:43:40,003 [WARN] ModelIntegratedComponent:63 - No mode defined for component null
2025-10-25 19:43:40,004 [WARN] ModelIntegratedComponent:63 - No mode defined for component null
2025-10-25 19:43:40,004 [WARN] ModelIntegratedComponent:63 - No mode defined for component null
2025-10-25 19:43:40,005 [WARN] ModelIntegratedComponent:63 - No mode defined for component null
2025-10-25 19:43:40,005 [WARN] ModelIntegratedComponent:63 - No mode defined for component null
2025-10-25 19:43:40,006 [WARN] ModelIntegratedComponent:63 - No mode defined for component null
2025-10-25 19:43:40,007 [WARN] ModelIntegratedComponent:63 - No mode defined for component null
2025-10-25 19:43:40,007 [WARN] ModelIntegratedComponent:63 - No mode defined for component null
2025-10-25 19:43:40,008 [WARN] ModelIntegratedComponent:63 - No mode defined for component null
2025-10-25 19:43:40,008 [WARN] ModelPack:524 - Component already loaded: STMicroelectronics:HAL Drivers:0.0.0:STMicroelectronics:Device:STMicro_Driver:XSPI:HAL::0.0.1:HAL_XSPI
2025-10-25 19:43:40,080 [INFO] ThirdPartyModel:298 - Start build external matchings
2025-10-25 19:43:40,480 [INFO] ThirdPartyModel:316 - End build external matchings
2025-10-25 19:43:40,489 [INFO] ImportTextPane:234 - (OptionalMessage_ERROR) IP (RCC) : Parameter (RTCHSEDivFreq_Value) has invalid value (4000000)
2025-10-25 19:43:40,735 [INFO] UtilMem:75 - End LoadConfig() Used Memory: 242593760 Bytes (702545920)
2025-10-25 19:43:40,790 [WARN] ThirdParty:833 - waiting for thirdparty lock release [change project]
2025-10-25 19:43:40,792 [INFO] ThirdParty:835 - entering critical section [change project]
2025-10-25 19:43:40,793 [INFO] ThirdParty:1030 - CMSIS Pack Vendor :STMicroelectronics X-CUBE-PM33A1 1.0.0
2025-10-25 19:43:40,794 [INFO] ThirdParty:1030 - CMSIS Pack Vendor :STMicroelectronics USBPD 4.1
2025-10-25 19:43:40,794 [INFO] ThirdParty:1030 - CMSIS Pack Vendor :STMicroelectronics X-CUBE-NFC9 1.0.0
2025-10-25 19:43:40,795 [INFO] ThirdParty:1030 - CMSIS Pack Vendor :STMicroelectronics USB_HOST 2.0.0
2025-10-25 19:43:40,796 [INFO] ThirdParty:1030 - CMSIS Pack Vendor :STMicroelectronics FP-SNS-MOTENVWB1 1.4.0
2025-10-25 19:43:40,800 [INFO] ThirdParty:1030 - CMSIS Pack Vendor :STMicroelectronics X-CUBE-AZRTOS-F4 1.1.0
2025-10-25 19:43:40,801 [INFO] ThirdParty:1030 - CMSIS Pack Vendor :STMicroelectronics LIBJPEG 8.0.0
2025-10-25 19:43:40,802 [INFO] ThirdParty:1030 - CMSIS Pack Vendor :STMicroelectronics FP-ATR-ASTRA1 2.0.2
2025-10-25 19:43:40,802 [INFO] ThirdParty:1030 - CMSIS Pack Vendor :wolfSSL I-CUBE-wolfSSL 5.8.2
2025-10-25 19:43:40,803 [INFO] ThirdParty:1030 - CMSIS Pack Vendor :STMicroelectronics X-CUBE-BLE1 7.1.0
2025-10-25 19:43:40,804 [INFO] ThirdParty:1030 - CMSIS Pack Vendor :STMicroelectronics X-CUBE-SMBUS 2.1.0
2025-10-25 19:43:40,805 [INFO] ThirdParty:1030 - CMSIS Pack Vendor :wolfSSL I-CUBE-wolfMQTT 1.19.2
2025-10-25 19:43:40,805 [INFO] ThirdParty:1030 - CMSIS Pack Vendor :STMicroelectronics USB_DEVICE 3.0.0
2025-10-25 19:43:40,805 [INFO] ThirdParty:1030 - CMSIS Pack Vendor :STMicroelectronics X-CUBE-ISPU 2.1.0
2025-10-25 19:43:40,806 [INFO] ThirdParty:1030 - CMSIS Pack Vendor :STMicroelectronics X-CUBE-EEPRMA1 5.2.0
2025-10-25 19:43:40,806 [INFO] ThirdParty:1030 - CMSIS Pack Vendor :STMicroelectronics X-CUBE-IPS 3.2.0
2025-10-25 19:43:40,807 [INFO] ThirdParty:1030 - CMSIS Pack Vendor :STMicroelectronics X-CUBE-BLEMGR 4.1.0
2025-10-25 19:43:40,807 [INFO] ThirdParty:1030 - CMSIS Pack Vendor :STMicroelectronics X-CUBE-AZRTOS-WB 2.0.0
2025-10-25 19:43:40,808 [INFO] ThirdParty:1030 - CMSIS Pack Vendor :STMicroelectronics X-CUBE-GNSS1 7.0.1
2025-10-25 19:43:40,808 [INFO] ThirdParty:1030 - CMSIS Pack Vendor :STMicroelectronics X-CUBE-NFC12 1.0.0
2025-10-25 19:43:40,809 [INFO] ThirdParty:1030 - CMSIS Pack Vendor :STMicroelectronics X-CUBE-AZRTOS-F7 1.1.0
2025-10-25 19:43:40,810 [INFO] ThirdParty:1030 - CMSIS Pack Vendor :STMicroelectronics X-CUBE-AZRTOS-L5 2.0.0
2025-10-25 19:43:40,810 [INFO] ThirdParty:1030 - CMSIS Pack Vendor :STMicroelectronics USB_DEVICE 2.0.0
2025-10-25 19:43:40,811 [INFO] ThirdParty:1030 - CMSIS Pack Vendor :STMicroelectronics X-CUBE-NFC6 3.1.0
2025-10-25 19:43:40,812 [INFO] ThirdParty:1030 - CMSIS Pack Vendor :STMicroelectronics X-CUBE-ST67W61 1.1.0
2025-10-25 19:43:40,812 [INFO] ThirdParty:1030 - CMSIS Pack Vendor :Cesanta I-CUBE-Mongoose 7.19.0
2025-10-25 19:43:40,814 [INFO] ThirdParty:1030 - CMSIS Pack Vendor :quantropi X-CUBE-qispace-sdk-base 2.1.0
2025-10-25 19:43:40,815 [INFO] ThirdParty:1030 - CMSIS Pack Vendor :STMicroelectronics FreeRTOS 0.0.1
2025-10-25 19:43:40,815 [INFO] ThirdParty:1030 - CMSIS Pack Vendor :STMicroelectronics X-CUBE-AZRTOS-G0 1.1.0
2025-10-25 19:43:40,816 [INFO] ThirdParty:1030 - CMSIS Pack Vendor :STMicroelectronics X-CUBE-SAFEA1 1.2.2
2025-10-25 19:43:40,817 [INFO] ThirdParty:1030 - CMSIS Pack Vendor :STMicroelectronics X-CUBE-NFC4 3.0.0
2025-10-25 19:43:40,817 [INFO] ThirdParty:1030 - CMSIS Pack Vendor :STMicroelectronics X-CUBE-SUBG2 5.0.0
2025-10-25 19:43:40,818 [INFO] ThirdParty:1030 - CMSIS Pack Vendor :STMicroelectronics X-CUBE-AZRTOS-H7RS 1.1.0
2025-10-25 19:43:40,819 [INFO] ThirdParty:1030 - CMSIS Pack Vendor :STMicroelectronics STM32_WPAN 1.0.0
2025-10-25 19:43:40,819 [INFO] ThirdParty:1030 - CMSIS Pack Vendor :EmbeddedOffice I-CUBE-FS-RTOS 1.0.1
2025-10-25 19:43:40,820 [INFO] ThirdParty:1030 - CMSIS Pack Vendor :STMicroelectronics lwIP 2.0.3
2025-10-25 19:43:40,822 [INFO] ThirdParty:1030 - CMSIS Pack Vendor :WES I-CUBE-Cesium 1.4.0
2025-10-25 19:43:40,822 [INFO] ThirdParty:1030 - CMSIS Pack Vendor :STMicroelectronics USB_HOST 1.0.0
2025-10-25 19:43:40,822 [INFO] ThirdParty:1030 - CMSIS Pack Vendor :Infineon AIROC-Wi-Fi-Bluetooth-STM32 1.7.1
2025-10-25 19:43:40,823 [INFO] ThirdParty:1030 - CMSIS Pack Vendor :STMicroelectronics X-CUBE-AZRTOS-G4 2.0.0
2025-10-25 19:43:40,823 [INFO] ThirdParty:1030 - CMSIS Pack Vendor :STMicroelectronics X-CUBE-WB05N 2.0.0
2025-10-25 19:43:40,824 [INFO] ThirdParty:1030 - CMSIS Pack Vendor :STMicroelectronics PDM2PCM 3.1.0
2025-10-25 19:43:40,825 [INFO] ThirdParty:1030 - CMSIS Pack Vendor :STMicroelectronics PDM2PCM 3.3.0
2025-10-25 19:43:40,825 [INFO] ThirdParty:1030 - CMSIS Pack Vendor :wolfSSL I-CUBE-wolfTPM 3.8.0
2025-10-25 19:43:40,826 [INFO] ThirdParty:1030 - CMSIS Pack Vendor :STMicroelectronics X-CUBE-AZRTOS-H7 3.4.0
2025-10-25 19:43:40,827 [INFO] ThirdParty:1030 - CMSIS Pack Vendor :STMicroelectronics X-CUBE-DISPLAY 3.0.0
2025-10-25 19:43:40,827 [INFO] ThirdParty:1030 - CMSIS Pack Vendor :wolfSSL I-CUBE-wolfSSH 1.4.20
2025-10-25 19:43:40,828 [INFO] ThirdParty:1030 - CMSIS Pack Vendor :STMicroelectronics X-CUBE-NFC7 2.0.0
2025-10-25 19:43:40,829 [INFO] ThirdParty:1030 - CMSIS Pack Vendor :STMicroelectronics X-CUBE-TCPP 4.2.0
2025-10-25 19:43:40,829 [INFO] ThirdParty:1030 - CMSIS Pack Vendor :RealThread X-CUBE-RT-Thread_Nano 4.1.1
2025-10-25 19:43:40,831 [INFO] ThirdParty:1030 - CMSIS Pack Vendor :STMicroelectronics FP-ATR-SIGFOX1 3.2.0
2025-10-25 19:43:40,832 [INFO] ThirdParty:1030 - CMSIS Pack Vendor :STMicroelectronics X-CUBE-NFC10 1.0.0
2025-10-25 19:43:40,833 [INFO] ThirdParty:1030 - CMSIS Pack Vendor :STMicroelectronics X-CUBE-FREERTOS 1.3.1
2025-10-25 19:43:40,834 [INFO] ThirdParty:1030 - CMSIS Pack Vendor :STMicroelectronics HAL Drivers 0.0.0
2025-10-25 19:43:40,834 [INFO] ThirdParty:1030 - CMSIS Pack Vendor :STMicroelectronics MBEDTLS 2.16.2
2025-10-25 19:43:40,835 [INFO] ThirdParty:1030 - CMSIS Pack Vendor :STMicroelectronics X-CUBE-ST60 1.1.0
2025-10-25 19:43:40,836 [INFO] ThirdParty:1030 - CMSIS Pack Vendor :STMicroelectronics X-CUBE-ALS 1.0.2
2025-10-25 19:43:40,837 [INFO] ThirdParty:1030 - CMSIS Pack Vendor :emotas I-CUBE-CANOPEN 1.3.0
2025-10-25 19:43:40,837 [INFO] ThirdParty:1030 - CMSIS Pack Vendor :STMicroelectronics MBEDTLS 2.14.1
2025-10-25 19:43:40,839 [INFO] ThirdParty:1030 - CMSIS Pack Vendor :ITTIA_DB I-CUBE-ITTIADB 8.9.0
2025-10-25 19:43:40,839 [INFO] ThirdParty:1030 - CMSIS Pack Vendor :STMicroelectronics X-CUBE-TOUCHGFX 4.26.0
2025-10-25 19:43:40,840 [INFO] ThirdParty:1030 - CMSIS Pack Vendor :STMicroelectronics X-CUBE-STSE01 1.0.0
2025-10-25 19:43:40,840 [INFO] ThirdParty:1030 - CMSIS Pack Vendor :STMicroelectronics FP-SNS-STBOX1 2.1.0
2025-10-25 19:43:40,841 [INFO] ThirdParty:1030 - CMSIS Pack Vendor :STMicroelectronics X-CUBE-AI 10.2.0
2025-10-25 19:43:40,842 [INFO] ThirdParty:1030 - CMSIS Pack Vendor :STMicroelectronics FP-SNS-STAIOTCFT 1.0.0
2025-10-25 19:43:40,842 [INFO] ThirdParty:1030 - CMSIS Pack Vendor :STMicroelectronics ThreadX 1.0.0
2025-10-25 19:43:40,843 [INFO] ThirdParty:1030 - CMSIS Pack Vendor :STMicroelectronics FP-SNS-SMARTAG2 1.2.0
2025-10-25 19:43:40,844 [INFO] ThirdParty:1030 - CMSIS Pack Vendor :STMicroelectronics FP-SNS-FLIGHT1 5.1.0
2025-10-25 19:43:40,844 [INFO] ThirdParty:1030 - CMSIS Pack Vendor :STMicroelectronics X-CUBE-AZRTOS-WL 2.0.0
2025-10-25 19:43:40,845 [INFO] ThirdParty:1030 - CMSIS Pack Vendor :SEGGER I-CUBE-embOS 1.3.1
2025-10-25 19:43:40,846 [INFO] ThirdParty:1030 - CMSIS Pack Vendor :STMicroelectronics X-CUBE-ALGOBUILD 1.4.0
2025-10-25 19:43:40,846 [INFO] ThirdParty:1030 - CMSIS Pack Vendor :STMicroelectronics X-CUBE-DPower 1.3.0
2025-10-25 19:43:40,847 [INFO] ThirdParty:1030 - CMSIS Pack Vendor :STMicroelectronics X-CUBE-MEMS1 11.3.0
2025-10-25 19:43:40,848 [INFO] ThirdParty:1030 - CMSIS Pack Vendor :STMicroelectronics FP-SNS-MOTENV1 5.0.0
2025-10-25 19:43:40,849 [INFO] ThirdParty:1030 - CMSIS Pack Vendor :STMicroelectronics USB_DEVICE 1.0.0
2025-10-25 19:43:40,850 [INFO] ThirdParty:1030 - CMSIS Pack Vendor :STMicroelectronics X-CUBE-AZRTOS-L4 2.0.0
2025-10-25 19:43:40,850 [INFO] ThirdParty:1030 - CMSIS Pack Vendor :STMicroelectronics ThreadX 0.0.2
2025-10-25 19:43:40,851 [INFO] ThirdParty:1030 - CMSIS Pack Vendor :STMicroelectronics lwIP 2.1.2
2025-10-25 19:43:40,852 [INFO] ThirdParty:1030 - CMSIS Pack Vendor :STMicroelectronics X-CUBE-SFXS2LP1 4.0.0
2025-10-25 19:43:40,853 [INFO] ThirdParty:1030 - CMSIS Pack Vendor :STMicroelectronics X-CUBE-BLE2 3.3.0
2025-10-25 19:43:40,853 [INFO] ThirdParty:1030 - CMSIS Pack Vendor :STMicroelectronics X-CUBE-TOF1 3.4.3
2025-10-25 19:43:40,854 [INFO] ThirdParty:1030 - CMSIS Pack Vendor :STMicroelectronics PDM2PCM 3.2.0
2025-10-25 19:43:40,855 [INFO] ThirdParty:841 - exiting critical section [change project]
2025-10-25 19:43:40,974 [INFO] PinOutPanel:1589 - setPackage(No Configuration,No Configuration)
2025-10-25 19:43:40,976 [INFO] PinOutPanel:1589 - setPackage(STM32F401RETx,LQFP64)
2025-10-25 19:43:41,157 [INFO] UtilMem:75 - Before build in PCC Used Memory: 381353840 Bytes (702545920)
2025-10-25 19:43:41,304 [INFO] UtilMem:75 - After build in PCC Used Memory: 425916272 Bytes (702545920)
2025-10-25 19:43:41,323 [INFO] IPUIPlugin:80 - create IPUIPlugin
2025-10-25 19:43:41,323 [INFO] IPUIPlugin:80 - create IPUIPlugin
2025-10-25 19:43:41,324 [INFO] IPUIPlugin:80 - create IPUIPlugin
2025-10-25 19:43:41,325 [INFO] IPUIPlugin:80 - create IPUIPlugin
2025-10-25 19:43:41,325 [INFO] IPUIPlugin:80 - create IPUIPlugin
2025-10-25 19:43:41,326 [INFO] IPUIPlugin:80 - create IPUIPlugin
2025-10-25 19:43:41,327 [INFO] IPUIPlugin:80 - create IPUIPlugin
2025-10-25 19:43:41,327 [INFO] IPUIPlugin:80 - create IPUIPlugin
2025-10-25 19:43:41,328 [INFO] IPUIPlugin:80 - create IPUIPlugin
2025-10-25 19:43:41,329 [INFO] IPUIPlugin:80 - create IPUIPlugin
2025-10-25 19:43:41,330 [INFO] IPUIPlugin:80 - create IPUIPlugin
2025-10-25 19:43:41,331 [INFO] IPUIPlugin:80 - create IPUIPlugin
2025-10-25 19:43:41,333 [INFO] IPUIPlugin:80 - create IPUIPlugin
2025-10-25 19:43:41,333 [INFO] IPUIPlugin:80 - create IPUIPlugin
2025-10-25 19:43:41,334 [INFO] IPUIPlugin:80 - create IPUIPlugin
2025-10-25 19:43:41,335 [INFO] IPUIPlugin:80 - create IPUIPlugin
2025-10-25 19:43:41,335 [INFO] IPUIPlugin:80 - create IPUIPlugin
2025-10-25 19:43:41,336 [INFO] IPUIPlugin:80 - create IPUIPlugin
2025-10-25 19:43:41,337 [INFO] IPUIPlugin:80 - create IPUIPlugin
2025-10-25 19:43:41,338 [INFO] IPUIPlugin:80 - create IPUIPlugin
2025-10-25 19:43:41,338 [INFO] IPUIPlugin:80 - create IPUIPlugin
2025-10-25 19:43:41,339 [INFO] IPUIPlugin:80 - create IPUIPlugin
2025-10-25 19:43:41,340 [INFO] IPUIPlugin:80 - create IPUIPlugin
2025-10-25 19:43:41,340 [INFO] IPUIPlugin:80 - create IPUIPlugin
2025-10-25 19:43:41,341 [INFO] IPUIPlugin:80 - create IPUIPlugin
2025-10-25 19:43:41,342 [INFO] IPUIPlugin:80 - create IPUIPlugin
2025-10-25 19:43:41,343 [INFO] IPUIPlugin:80 - create IPUIPlugin
2025-10-25 19:43:41,343 [INFO] IPUIPlugin:80 - create IPUIPlugin
2025-10-25 19:43:41,344 [INFO] IPUIPlugin:80 - create IPUIPlugin
2025-10-25 19:43:41,345 [INFO] IPUIPlugin:80 - create IPUIPlugin
2025-10-25 19:43:41,348 [INFO] IPUIPlugin:80 - create IPUIPlugin
2025-10-25 19:43:41,349 [INFO] IPUIPlugin:80 - create IPUIPlugin
2025-10-25 19:43:41,349 [INFO] IPUIPlugin:80 - create IPUIPlugin
2025-10-25 19:43:41,350 [INFO] IPUIPlugin:80 - create IPUIPlugin
2025-10-25 19:43:41,351 [INFO] IPUIPlugin:80 - create IPUIPlugin
2025-10-25 19:43:41,352 [INFO] IPUIPlugin:80 - create IPUIPlugin
2025-10-25 19:43:41,352 [INFO] IPUIPlugin:80 - create IPUIPlugin
2025-10-25 19:43:41,353 [INFO] IPUIPlugin:80 - create IPUIPlugin
2025-10-25 19:43:41,356 [INFO] ApiDbMcu:532 - Load IP Config File for PDM2PCM
2025-10-25 19:43:41,395 [INFO] CADModel:165 - CPN selected for project levelSTM32F401RET6
2025-10-25 19:43:41,396 [INFO] CADModel:114 - Register for checkConnection events
2025-10-25 19:43:41,451 [INFO] OpenFileManager:386 - Restore cursor
2025-10-25 19:49:08,954 [INFO] MainUpdater:2872 - connection check result : 10
2025-10-25 19:49:08,955 [INFO] MainUpdater:2872 - connection check result : 10
2025-10-25 19:49:08,978 [INFO] MicroXplorer:468 - Change Database Path : 
2025-10-25 19:49:08,984 [INFO] MicroXplorer:498 - Change Database Version : DB.6.0.150
2025-10-25 19:49:08,999 [ERROR] ProjectManagerView:395 - 
java.lang.NullPointerException: Cannot invoke "javax.swing.JTextField.getText()" because the return value of "java.util.List.get(int)" is null
	at com.st.microxplorer.plugins.projectmanager.gui.ProjectChoiceTab$9.caretUpdate(ProjectChoiceTab.java:2706) ~[filemanager.jar:?]
	at javax.swing.text.JTextComponent.fireCaretUpdate(JTextComponent.java:408) ~[?:?]
	at javax.swing.text.JTextComponent$MutableCaretEvent.fire(JTextComponent.java:4484) ~[?:?]
	at javax.swing.text.JTextComponent$MutableCaretEvent.stateChanged(JTextComponent.java:4506) ~[?:?]
	at javax.swing.text.DefaultCaret.fireStateChanged(DefaultCaret.java:857) ~[?:?]
	at javax.swing.text.DefaultCaret.changeCaretPosition(DefaultCaret.java:1343) ~[?:?]
	at javax.swing.text.DefaultCaret.handleSetDot(DefaultCaret.java:1242) ~[?:?]
	at javax.swing.text.DefaultCaret.setDot(DefaultCaret.java:1223) ~[?:?]
	at javax.swing.text.DefaultCaret$Handler.insertUpdate(DefaultCaret.java:1819) ~[?:?]
	at javax.swing.text.AbstractDocument.fireInsertUpdate(AbstractDocument.java:227) ~[?:?]
	at javax.swing.text.AbstractDocument.handleInsertString(AbstractDocument.java:781) ~[?:?]
	at javax.swing.text.AbstractDocument.insertString(AbstractDocument.java:740) ~[?:?]
	at javax.swing.text.PlainDocument.insertString(PlainDocument.java:131) ~[?:?]
	at javax.swing.text.AbstractDocument.replace(AbstractDocument.java:699) ~[?:?]
	at javax.swing.text.JTextComponent.setText(JTextComponent.java:1725) ~[?:?]
	at com.st.microxplorer.plugins.projectmanager.gui.ProjectChoiceTab.createHeapStackFields(ProjectChoiceTab.java:993) ~[filemanager.jar:?]
	at com.st.microxplorer.plugins.projectmanager.gui.ProjectChoiceTab.buildLinkSettingsPanel(ProjectChoiceTab.java:3813) ~[filemanager.jar:?]
	at com.st.microxplorer.plugins.projectmanager.gui.ProjectChoiceTab.defineWindowsFields(ProjectChoiceTab.java:1987) ~[filemanager.jar:?]
	at com.st.microxplorer.plugins.projectmanager.gui.ProjectChoiceTab.updateSettings(ProjectChoiceTab.java:558) ~[filemanager.jar:?]
	at com.st.microxplorer.plugins.projectmanager.gui.ProjectSettingsPanel.UpdateDialog(ProjectSettingsPanel.java:247) ~[filemanager.jar:?]
	at com.st.microxplorer.plugins.projectmanager.ProjectManagerView.propertyChange(ProjectManagerView.java:392) ~[filemanager.jar:?]
	at java.beans.PropertyChangeSupport.fire(PropertyChangeSupport.java:343) ~[?:?]
	at java.beans.PropertyChangeSupport.firePropertyChange(PropertyChangeSupport.java:335) ~[?:?]
	at java.beans.PropertyChangeSupport.firePropertyChange(PropertyChangeSupport.java:268) ~[?:?]
	at com.st.microxplorer.util.MXPropertyChangeSupport.firePropertyChange(MXPropertyChangeSupport.java:54) ~[STM32CubeMX.jar:?]
	at com.st.microxplorer.mxsystem.MxSystem.closeConfig(MxSystem.java:899) ~[STM32CubeMX.jar:?]
	at com.st.microxplorer.maingui.MainPanel.closeConfig(MainPanel.java:792) ~[STM32CubeMX.jar:?]
	at com.st.microxplorer.plugins.filemanager.engine.OpenFileManager.loadConfigurationFile(OpenFileManager.java:288) ~[filemanager.jar:?]
	at com.st.microxplorer.plugins.filemanager.engine.MainFileManager.userLoadConfig(MainFileManager.java:364) ~[filemanager.jar:?]
	at com.st.microxplorer.plugins.filemanager.engine.MainFileManager.userLoadConfig(MainFileManager.java:342) ~[filemanager.jar:?]
	at com.st.microxplorer.plugins.filemanager.FileManagerView.getSpecificTask(FileManagerView.java:264) ~[filemanager.jar:?]
	at com.st.stm32cube.common.mx.editor.CubeMxEditor.getMxTabbedPaneInstance(CubeMxEditor.java:1198) ~[com.st.stm32cube.common.mx_6.15.0.202507011659/:?]
	at com.st.stm32cube.common.mx.editor.CubeMxEditor$12$1.createSwingComponent(CubeMxEditor.java:1068) ~[com.st.stm32cube.common.mx_6.15.0.202507011659/:?]
	at com.st.stm32cube.common.mx.oss.core.awtswtbridge.EmbeddedSwingComposite.doComponentCreation(EmbeddedSwingComposite.java:492) ~[com.st.stm32cube.common.mx.oss_6.15.0.202507011659/:?]
	at com.st.stm32cube.common.mx.oss.core.awtswtbridge.EmbeddedSwingComposite$4.run(EmbeddedSwingComposite.java:291) ~[com.st.stm32cube.common.mx.oss_6.15.0.202507011659/:?]
	at com.st.stm32cube.common.mx.oss.core.awtswtbridge.AwtEnvironment$2.run(AwtEnvironment.java:166) ~[com.st.stm32cube.common.mx.oss_6.15.0.202507011659/:?]
	at java.awt.event.InvocationEvent.dispatch(InvocationEvent.java:318) ~[?:?]
	at java.awt.EventQueue.dispatchEventImpl(EventQueue.java:773) ~[?:?]
	at java.awt.EventQueue$4.run(EventQueue.java:720) ~[?:?]
	at java.awt.EventQueue$4.run(EventQueue.java:714) ~[?:?]
	at java.security.AccessController.doPrivileged(AccessController.java:400) ~[?:?]
	at java.security.ProtectionDomain$JavaSecurityAccessImpl.doIntersectionPrivilege(ProtectionDomain.java:87) ~[?:?]
	at java.awt.EventQueue.dispatchEvent(EventQueue.java:742) ~[?:?]
	at java.awt.EventDispatchThread.pumpOneEventForFilters(EventDispatchThread.java:203) ~[?:?]
	at java.awt.EventDispatchThread.pumpEventsForFilter(EventDispatchThread.java:124) ~[?:?]
	at java.awt.EventDispatchThread.pumpEventsForHierarchy(EventDispatchThread.java:113) ~[?:?]
	at java.awt.EventDispatchThread.pumpEvents(EventDispatchThread.java:109) ~[?:?]
	at java.awt.EventDispatchThread.pumpEvents(EventDispatchThread.java:101) ~[?:?]
	at java.awt.EventDispatchThread.run(EventDispatchThread.java:90) ~[?:?]
2025-10-25 19:49:09,002 [WARN] ThirdParty:871 - waiting for thirdparty lock release [close project]
2025-10-25 19:49:09,004 [INFO] ThirdParty:873 - entering critical section [close project]
2025-10-25 19:49:09,004 [INFO] ThirdParty:883 - exiting critical section [close project]
2025-10-25 19:49:09,006 [INFO] PinOutPanel:1589 - setPackage(No Configuration,No Configuration)
2025-10-25 19:49:09,015 [WARN] IpParametersView:155 - Warning: This peripheral hasn't parameters
2025-10-25 19:49:09,037 [WARN] MainPanel:289 - <html><b><center>Warning: This peripheral has no parameters to be configured<br></b></html>
2025-10-25 19:49:09,071 [INFO] UtilMem:75 - Begin LoadConfig() Used Memory: 296948480 Bytes (702545920)
2025-10-25 19:49:09,083 [INFO] MicroXplorer:468 - Change Database Path : 
2025-10-25 19:49:09,097 [INFO] MicroXplorer:498 - Change Database Version : DB.6.0.150
2025-10-25 19:49:09,099 [INFO] OpenFileManager:355 - Change cursor
2025-10-25 19:49:09,135 [INFO] Mcu:2029 - Initializing MCU STM32F401R(D-E)Tx STM32F401RETx STM32F401RET6
2025-10-25 19:49:10,022 [INFO] Context:786 - Trying to add GPIOservice into a context  which must be forbidden
2025-10-25 19:49:10,154 [INFO] ImportTextPane:234 - (OptionalMessage_ERROR) Pin13 (VP_RIF_VS_RIF1) cannot be retrieved for this MCU
2025-10-25 19:49:10,195 [INFO] RtosManager:558 - Registered RTOS mode: class=CMSIS, group=RTOS, mode=CMSIS_V1, owner=FREERTOS
2025-10-25 19:49:10,196 [INFO] RtosManager:558 - Registered RTOS mode: class=CMSIS, group=RTOS2, mode=CMSIS_V2, owner=FREERTOS
2025-10-25 19:49:10,197 [INFO] RtosManager:558 - Registered RTOS mode: class=RTOS, group=Core, mode=CMSIS_V1, owner=FREERTOS
2025-10-25 19:49:10,197 [INFO] RtosManager:558 - Registered RTOS mode: class=RTOS, group=Core, mode=CMSIS_V2, owner=FREERTOS
2025-10-25 19:49:10,198 [WARN] ModelIntegratedComponent:184 - Missing modes for component STMicroelectronics:FreeRTOS:0.0.1:STMicroelectronics:RTOS:FreeRTOS:Core:::10.2.0:
2025-10-25 19:49:10,203 [WARN] ModelIntegratedComponent:63 - No mode defined for component null
2025-10-25 19:49:10,204 [WARN] ModelIntegratedComponent:63 - No mode defined for component null
2025-10-25 19:49:10,205 [WARN] ModelIntegratedComponent:63 - No mode defined for component null
2025-10-25 19:49:10,205 [WARN] ModelIntegratedComponent:63 - No mode defined for component null
2025-10-25 19:49:10,206 [WARN] ModelIntegratedComponent:63 - No mode defined for component null
2025-10-25 19:49:10,206 [WARN] ModelIntegratedComponent:63 - No mode defined for component null
2025-10-25 19:49:10,207 [WARN] ModelIntegratedComponent:63 - No mode defined for component null
2025-10-25 19:49:10,208 [WARN] ModelIntegratedComponent:63 - No mode defined for component null
2025-10-25 19:49:10,208 [WARN] ModelIntegratedComponent:63 - No mode defined for component null
2025-10-25 19:49:10,209 [WARN] ModelIntegratedComponent:63 - No mode defined for component null
2025-10-25 19:49:10,210 [WARN] ModelIntegratedComponent:63 - No mode defined for component null
2025-10-25 19:49:10,210 [WARN] ModelIntegratedComponent:63 - No mode defined for component null
2025-10-25 19:49:10,211 [WARN] ModelIntegratedComponent:63 - No mode defined for component null
2025-10-25 19:49:10,211 [WARN] ModelIntegratedComponent:63 - No mode defined for component null
2025-10-25 19:49:10,212 [WARN] ModelIntegratedComponent:63 - No mode defined for component null
2025-10-25 19:49:10,212 [WARN] ModelIntegratedComponent:63 - No mode defined for component null
2025-10-25 19:49:10,213 [WARN] ModelIntegratedComponent:63 - No mode defined for component null
2025-10-25 19:49:10,213 [WARN] ModelIntegratedComponent:63 - No mode defined for component null
2025-10-25 19:49:10,214 [WARN] ModelIntegratedComponent:63 - No mode defined for component null
2025-10-25 19:49:10,214 [WARN] ModelIntegratedComponent:63 - No mode defined for component null
2025-10-25 19:49:10,215 [WARN] ModelIntegratedComponent:63 - No mode defined for component null
2025-10-25 19:49:10,215 [WARN] ModelIntegratedComponent:63 - No mode defined for component null
2025-10-25 19:49:10,216 [WARN] ModelIntegratedComponent:63 - No mode defined for component null
2025-10-25 19:49:10,216 [WARN] ModelIntegratedComponent:63 - No mode defined for component null
2025-10-25 19:49:10,217 [WARN] ModelIntegratedComponent:63 - No mode defined for component null
2025-10-25 19:49:10,217 [WARN] ModelIntegratedComponent:63 - No mode defined for component null
2025-10-25 19:49:10,218 [WARN] ModelIntegratedComponent:63 - No mode defined for component null
2025-10-25 19:49:10,218 [WARN] ModelIntegratedComponent:63 - No mode defined for component null
2025-10-25 19:49:10,219 [WARN] ModelIntegratedComponent:63 - No mode defined for component null
2025-10-25 19:49:10,220 [WARN] ModelIntegratedComponent:63 - No mode defined for component null
2025-10-25 19:49:10,220 [WARN] ModelIntegratedComponent:63 - No mode defined for component null
2025-10-25 19:49:10,221 [WARN] ModelIntegratedComponent:63 - No mode defined for component null
2025-10-25 19:49:10,221 [WARN] ModelIntegratedComponent:63 - No mode defined for component null
2025-10-25 19:49:10,222 [WARN] ModelIntegratedComponent:63 - No mode defined for component null
2025-10-25 19:49:10,222 [WARN] ModelIntegratedComponent:63 - No mode defined for component null
2025-10-25 19:49:10,223 [WARN] ModelPack:524 - Component already loaded: STMicroelectronics:HAL Drivers:0.0.0:STMicroelectronics:Device:STMicro_Driver:XSPI:HAL::0.0.1:HAL_XSPI
2025-10-25 19:49:10,291 [INFO] ThirdPartyModel:298 - Start build external matchings
2025-10-25 19:49:10,732 [INFO] ThirdPartyModel:316 - End build external matchings
2025-10-25 19:49:10,739 [INFO] ImportTextPane:234 - (OptionalMessage_ERROR) IP (RCC) : Parameter (RTCHSEDivFreq_Value) has invalid value (4000000)
2025-10-25 19:49:10,932 [INFO] UtilMem:75 - End LoadConfig() Used Memory: 414716504 Bytes (702545920)
2025-10-25 19:49:10,975 [WARN] ThirdParty:833 - waiting for thirdparty lock release [change project]
2025-10-25 19:49:10,977 [INFO] ThirdParty:835 - entering critical section [change project]
2025-10-25 19:49:10,978 [INFO] ThirdParty:1030 - CMSIS Pack Vendor :STMicroelectronics X-CUBE-PM33A1 1.0.0
2025-10-25 19:49:10,979 [INFO] ThirdParty:1030 - CMSIS Pack Vendor :STMicroelectronics USBPD 4.1
2025-10-25 19:49:10,979 [INFO] ThirdParty:1030 - CMSIS Pack Vendor :STMicroelectronics X-CUBE-NFC9 1.0.0
2025-10-25 19:49:10,980 [INFO] ThirdParty:1030 - CMSIS Pack Vendor :STMicroelectronics USB_HOST 2.0.0
2025-10-25 19:49:10,981 [INFO] ThirdParty:1030 - CMSIS Pack Vendor :STMicroelectronics FP-SNS-MOTENVWB1 1.4.0
2025-10-25 19:49:10,982 [INFO] ThirdParty:1030 - CMSIS Pack Vendor :STMicroelectronics X-CUBE-AZRTOS-F4 1.1.0
2025-10-25 19:49:10,982 [INFO] ThirdParty:1030 - CMSIS Pack Vendor :STMicroelectronics LIBJPEG 8.0.0
2025-10-25 19:49:10,983 [INFO] ThirdParty:1030 - CMSIS Pack Vendor :STMicroelectronics FP-ATR-ASTRA1 2.0.2
2025-10-25 19:49:10,984 [INFO] ThirdParty:1030 - CMSIS Pack Vendor :wolfSSL I-CUBE-wolfSSL 5.8.2
2025-10-25 19:49:10,984 [INFO] ThirdParty:1030 - CMSIS Pack Vendor :STMicroelectronics X-CUBE-BLE1 7.1.0
2025-10-25 19:49:10,985 [INFO] ThirdParty:1030 - CMSIS Pack Vendor :STMicroelectronics X-CUBE-SMBUS 2.1.0
2025-10-25 19:49:10,986 [INFO] ThirdParty:1030 - CMSIS Pack Vendor :wolfSSL I-CUBE-wolfMQTT 1.19.2
2025-10-25 19:49:10,986 [INFO] ThirdParty:1030 - CMSIS Pack Vendor :STMicroelectronics USB_DEVICE 3.0.0
2025-10-25 19:49:10,987 [INFO] ThirdParty:1030 - CMSIS Pack Vendor :STMicroelectronics X-CUBE-ISPU 2.1.0
2025-10-25 19:49:10,988 [INFO] ThirdParty:1030 - CMSIS Pack Vendor :STMicroelectronics X-CUBE-EEPRMA1 5.2.0
2025-10-25 19:49:10,988 [INFO] ThirdParty:1030 - CMSIS Pack Vendor :STMicroelectronics X-CUBE-IPS 3.2.0
2025-10-25 19:49:10,989 [INFO] ThirdParty:1030 - CMSIS Pack Vendor :STMicroelectronics X-CUBE-BLEMGR 4.1.0
2025-10-25 19:49:10,990 [INFO] ThirdParty:1030 - CMSIS Pack Vendor :STMicroelectronics X-CUBE-AZRTOS-WB 2.0.0
2025-10-25 19:49:10,991 [INFO] ThirdParty:1030 - CMSIS Pack Vendor :STMicroelectronics X-CUBE-GNSS1 7.0.1
2025-10-25 19:49:10,992 [INFO] ThirdParty:1030 - CMSIS Pack Vendor :STMicroelectronics X-CUBE-NFC12 1.0.0
2025-10-25 19:49:10,993 [INFO] ThirdParty:1030 - CMSIS Pack Vendor :STMicroelectronics X-CUBE-AZRTOS-F7 1.1.0
2025-10-25 19:49:10,994 [INFO] ThirdParty:1030 - CMSIS Pack Vendor :STMicroelectronics X-CUBE-AZRTOS-L5 2.0.0
2025-10-25 19:49:10,994 [INFO] ThirdParty:1030 - CMSIS Pack Vendor :STMicroelectronics USB_DEVICE 2.0.0
2025-10-25 19:49:10,995 [INFO] ThirdParty:1030 - CMSIS Pack Vendor :STMicroelectronics X-CUBE-NFC6 3.1.0
2025-10-25 19:49:10,997 [INFO] ThirdParty:1030 - CMSIS Pack Vendor :STMicroelectronics X-CUBE-ST67W61 1.1.0
2025-10-25 19:49:10,997 [INFO] ThirdParty:1030 - CMSIS Pack Vendor :Cesanta I-CUBE-Mongoose 7.19.0
2025-10-25 19:49:10,997 [INFO] ThirdParty:1030 - CMSIS Pack Vendor :quantropi X-CUBE-qispace-sdk-base 2.1.0
2025-10-25 19:49:10,999 [INFO] ThirdParty:1030 - CMSIS Pack Vendor :STMicroelectronics FreeRTOS 0.0.1
2025-10-25 19:49:10,999 [INFO] ThirdParty:1030 - CMSIS Pack Vendor :STMicroelectronics X-CUBE-AZRTOS-G0 1.1.0
2025-10-25 19:49:10,999 [INFO] ThirdParty:1030 - CMSIS Pack Vendor :STMicroelectronics X-CUBE-SAFEA1 1.2.2
2025-10-25 19:49:11,001 [INFO] ThirdParty:1030 - CMSIS Pack Vendor :STMicroelectronics X-CUBE-NFC4 3.0.0
2025-10-25 19:49:11,001 [INFO] ThirdParty:1030 - CMSIS Pack Vendor :STMicroelectronics X-CUBE-SUBG2 5.0.0
2025-10-25 19:49:11,001 [INFO] ThirdParty:1030 - CMSIS Pack Vendor :STMicroelectronics X-CUBE-AZRTOS-H7RS 1.1.0
2025-10-25 19:49:11,002 [INFO] ThirdParty:1030 - CMSIS Pack Vendor :STMicroelectronics STM32_WPAN 1.0.0
2025-10-25 19:49:11,002 [INFO] ThirdParty:1030 - CMSIS Pack Vendor :EmbeddedOffice I-CUBE-FS-RTOS 1.0.1
2025-10-25 19:49:11,003 [INFO] ThirdParty:1030 - CMSIS Pack Vendor :STMicroelectronics lwIP 2.0.3
2025-10-25 19:49:11,003 [INFO] ThirdParty:1030 - CMSIS Pack Vendor :WES I-CUBE-Cesium 1.4.0
2025-10-25 19:49:11,004 [INFO] ThirdParty:1030 - CMSIS Pack Vendor :STMicroelectronics USB_HOST 1.0.0
2025-10-25 19:49:11,006 [INFO] ThirdParty:1030 - CMSIS Pack Vendor :Infineon AIROC-Wi-Fi-Bluetooth-STM32 1.7.1
2025-10-25 19:49:11,006 [INFO] ThirdParty:1030 - CMSIS Pack Vendor :STMicroelectronics X-CUBE-AZRTOS-G4 2.0.0
2025-10-25 19:49:11,006 [INFO] ThirdParty:1030 - CMSIS Pack Vendor :STMicroelectronics X-CUBE-WB05N 2.0.0
2025-10-25 19:49:11,007 [INFO] ThirdParty:1030 - CMSIS Pack Vendor :STMicroelectronics PDM2PCM 3.1.0
2025-10-25 19:49:11,010 [INFO] ThirdParty:1030 - CMSIS Pack Vendor :STMicroelectronics PDM2PCM 3.3.0
2025-10-25 19:49:11,010 [INFO] ThirdParty:1030 - CMSIS Pack Vendor :wolfSSL I-CUBE-wolfTPM 3.8.0
2025-10-25 19:49:11,010 [INFO] ThirdParty:1030 - CMSIS Pack Vendor :STMicroelectronics X-CUBE-AZRTOS-H7 3.4.0
2025-10-25 19:49:11,011 [INFO] ThirdParty:1030 - CMSIS Pack Vendor :STMicroelectronics X-CUBE-DISPLAY 3.0.0
2025-10-25 19:49:11,012 [INFO] ThirdParty:1030 - CMSIS Pack Vendor :wolfSSL I-CUBE-wolfSSH 1.4.20
2025-10-25 19:49:11,014 [INFO] ThirdParty:1030 - CMSIS Pack Vendor :STMicroelectronics X-CUBE-NFC7 2.0.0
2025-10-25 19:49:11,014 [INFO] ThirdParty:1030 - CMSIS Pack Vendor :STMicroelectronics X-CUBE-TCPP 4.2.0
2025-10-25 19:49:11,014 [INFO] ThirdParty:1030 - CMSIS Pack Vendor :RealThread X-CUBE-RT-Thread_Nano 4.1.1
2025-10-25 19:49:11,015 [INFO] ThirdParty:1030 - CMSIS Pack Vendor :STMicroelectronics FP-ATR-SIGFOX1 3.2.0
2025-10-25 19:49:11,015 [INFO] ThirdParty:1030 - CMSIS Pack Vendor :STMicroelectronics X-CUBE-NFC10 1.0.0
2025-10-25 19:49:11,016 [INFO] ThirdParty:1030 - CMSIS Pack Vendor :STMicroelectronics X-CUBE-FREERTOS 1.3.1
2025-10-25 19:49:11,017 [INFO] ThirdParty:1030 - CMSIS Pack Vendor :STMicroelectronics HAL Drivers 0.0.0
2025-10-25 19:49:11,018 [INFO] ThirdParty:1030 - CMSIS Pack Vendor :STMicroelectronics MBEDTLS 2.16.2
2025-10-25 19:49:11,018 [INFO] ThirdParty:1030 - CMSIS Pack Vendor :STMicroelectronics X-CUBE-ST60 1.1.0
2025-10-25 19:49:11,019 [INFO] ThirdParty:1030 - CMSIS Pack Vendor :STMicroelectronics X-CUBE-ALS 1.0.2
2025-10-25 19:49:11,020 [INFO] ThirdParty:1030 - CMSIS Pack Vendor :emotas I-CUBE-CANOPEN 1.3.0
2025-10-25 19:49:11,020 [INFO] ThirdParty:1030 - CMSIS Pack Vendor :STMicroelectronics MBEDTLS 2.14.1
2025-10-25 19:49:11,021 [INFO] ThirdParty:1030 - CMSIS Pack Vendor :ITTIA_DB I-CUBE-ITTIADB 8.9.0
2025-10-25 19:49:11,022 [INFO] ThirdParty:1030 - CMSIS Pack Vendor :STMicroelectronics X-CUBE-TOUCHGFX 4.26.0
2025-10-25 19:49:11,022 [INFO] ThirdParty:1030 - CMSIS Pack Vendor :STMicroelectronics X-CUBE-STSE01 1.0.0
2025-10-25 19:49:11,023 [INFO] ThirdParty:1030 - CMSIS Pack Vendor :STMicroelectronics FP-SNS-STBOX1 2.1.0
2025-10-25 19:49:11,024 [INFO] ThirdParty:1030 - CMSIS Pack Vendor :STMicroelectronics X-CUBE-AI 10.2.0
2025-10-25 19:49:11,025 [INFO] ThirdParty:1030 - CMSIS Pack Vendor :STMicroelectronics FP-SNS-STAIOTCFT 1.0.0
2025-10-25 19:49:11,027 [INFO] ThirdParty:1030 - CMSIS Pack Vendor :STMicroelectronics ThreadX 1.0.0
2025-10-25 19:49:11,027 [INFO] ThirdParty:1030 - CMSIS Pack Vendor :STMicroelectronics FP-SNS-SMARTAG2 1.2.0
2025-10-25 19:49:11,028 [INFO] ThirdParty:1030 - CMSIS Pack Vendor :STMicroelectronics FP-SNS-FLIGHT1 5.1.0
2025-10-25 19:49:11,028 [INFO] ThirdParty:1030 - CMSIS Pack Vendor :STMicroelectronics X-CUBE-AZRTOS-WL 2.0.0
2025-10-25 19:49:11,029 [INFO] ThirdParty:1030 - CMSIS Pack Vendor :SEGGER I-CUBE-embOS 1.3.1
2025-10-25 19:49:11,030 [INFO] ThirdParty:1030 - CMSIS Pack Vendor :STMicroelectronics X-CUBE-ALGOBUILD 1.4.0
2025-10-25 19:49:11,030 [INFO] ThirdParty:1030 - CMSIS Pack Vendor :STMicroelectronics X-CUBE-DPower 1.3.0
2025-10-25 19:49:11,031 [INFO] ThirdParty:1030 - CMSIS Pack Vendor :STMicroelectronics X-CUBE-MEMS1 11.3.0
2025-10-25 19:49:11,032 [INFO] ThirdParty:1030 - CMSIS Pack Vendor :STMicroelectronics FP-SNS-MOTENV1 5.0.0
2025-10-25 19:49:11,032 [INFO] ThirdParty:1030 - CMSIS Pack Vendor :STMicroelectronics USB_DEVICE 1.0.0
2025-10-25 19:49:11,033 [INFO] ThirdParty:1030 - CMSIS Pack Vendor :STMicroelectronics X-CUBE-AZRTOS-L4 2.0.0
2025-10-25 19:49:11,034 [INFO] ThirdParty:1030 - CMSIS Pack Vendor :STMicroelectronics ThreadX 0.0.2
2025-10-25 19:49:11,034 [INFO] ThirdParty:1030 - CMSIS Pack Vendor :STMicroelectronics lwIP 2.1.2
2025-10-25 19:49:11,035 [INFO] ThirdParty:1030 - CMSIS Pack Vendor :STMicroelectronics X-CUBE-SFXS2LP1 4.0.0
2025-10-25 19:49:11,036 [INFO] ThirdParty:1030 - CMSIS Pack Vendor :STMicroelectronics X-CUBE-BLE2 3.3.0
2025-10-25 19:49:11,036 [INFO] ThirdParty:1030 - CMSIS Pack Vendor :STMicroelectronics X-CUBE-TOF1 3.4.3
2025-10-25 19:49:11,037 [INFO] ThirdParty:1030 - CMSIS Pack Vendor :STMicroelectronics PDM2PCM 3.2.0
2025-10-25 19:49:11,038 [INFO] ThirdParty:841 - exiting critical section [change project]
2025-10-25 19:49:11,141 [INFO] PinOutPanel:1589 - setPackage(No Configuration,No Configuration)
2025-10-25 19:49:11,142 [INFO] PinOutPanel:1589 - setPackage(STM32F401RETx,LQFP64)
2025-10-25 19:49:11,320 [INFO] UtilMem:75 - Before build in PCC Used Memory: 553123840 Bytes (702545920)
2025-10-25 19:49:11,480 [INFO] UtilMem:75 - After build in PCC Used Memory: 597164032 Bytes (702545920)
2025-10-25 19:49:11,498 [INFO] IPUIPlugin:80 - create IPUIPlugin
2025-10-25 19:49:11,499 [INFO] IPUIPlugin:80 - create IPUIPlugin
2025-10-25 19:49:11,499 [INFO] IPUIPlugin:80 - create IPUIPlugin
2025-10-25 19:49:11,500 [INFO] IPUIPlugin:80 - create IPUIPlugin
2025-10-25 19:49:11,501 [INFO] IPUIPlugin:80 - create IPUIPlugin
2025-10-25 19:49:11,502 [INFO] IPUIPlugin:80 - create IPUIPlugin
2025-10-25 19:49:11,502 [INFO] IPUIPlugin:80 - create IPUIPlugin
2025-10-25 19:49:11,503 [INFO] IPUIPlugin:80 - create IPUIPlugin
2025-10-25 19:49:11,504 [INFO] IPUIPlugin:80 - create IPUIPlugin
2025-10-25 19:49:11,504 [INFO] IPUIPlugin:80 - create IPUIPlugin
2025-10-25 19:49:11,505 [INFO] IPUIPlugin:80 - create IPUIPlugin
2025-10-25 19:49:11,506 [INFO] IPUIPlugin:80 - create IPUIPlugin
2025-10-25 19:49:11,506 [INFO] IPUIPlugin:80 - create IPUIPlugin
2025-10-25 19:49:11,509 [INFO] IPUIPlugin:80 - create IPUIPlugin
2025-10-25 19:49:11,510 [INFO] IPUIPlugin:80 - create IPUIPlugin
2025-10-25 19:49:11,511 [INFO] IPUIPlugin:80 - create IPUIPlugin
2025-10-25 19:49:11,511 [INFO] IPUIPlugin:80 - create IPUIPlugin
2025-10-25 19:49:11,512 [INFO] IPUIPlugin:80 - create IPUIPlugin
2025-10-25 19:49:11,513 [INFO] IPUIPlugin:80 - create IPUIPlugin
2025-10-25 19:49:11,513 [INFO] IPUIPlugin:80 - create IPUIPlugin
2025-10-25 19:49:11,514 [INFO] IPUIPlugin:80 - create IPUIPlugin
2025-10-25 19:49:11,515 [INFO] IPUIPlugin:80 - create IPUIPlugin
2025-10-25 19:49:11,515 [INFO] IPUIPlugin:80 - create IPUIPlugin
2025-10-25 19:49:11,516 [INFO] IPUIPlugin:80 - create IPUIPlugin
2025-10-25 19:49:11,517 [INFO] IPUIPlugin:80 - create IPUIPlugin
2025-10-25 19:49:11,517 [INFO] IPUIPlugin:80 - create IPUIPlugin
2025-10-25 19:49:11,518 [INFO] IPUIPlugin:80 - create IPUIPlugin
2025-10-25 19:49:11,519 [INFO] IPUIPlugin:80 - create IPUIPlugin
2025-10-25 19:49:11,520 [INFO] IPUIPlugin:80 - create IPUIPlugin
2025-10-25 19:49:11,520 [INFO] IPUIPlugin:80 - create IPUIPlugin
2025-10-25 19:49:11,521 [INFO] IPUIPlugin:80 - create IPUIPlugin
2025-10-25 19:49:11,522 [INFO] IPUIPlugin:80 - create IPUIPlugin
2025-10-25 19:49:11,523 [INFO] IPUIPlugin:80 - create IPUIPlugin
2025-10-25 19:49:11,524 [INFO] IPUIPlugin:80 - create IPUIPlugin
2025-10-25 19:49:11,525 [INFO] IPUIPlugin:80 - create IPUIPlugin
2025-10-25 19:49:11,526 [INFO] IPUIPlugin:80 - create IPUIPlugin
2025-10-25 19:49:11,527 [INFO] IPUIPlugin:80 - create IPUIPlugin
2025-10-25 19:49:11,528 [INFO] IPUIPlugin:80 - create IPUIPlugin
2025-10-25 19:49:11,531 [INFO] ApiDbMcu:532 - Load IP Config File for PDM2PCM
2025-10-25 19:49:11,598 [INFO] CADModel:165 - CPN selected for project levelSTM32F401RET6
2025-10-25 19:49:11,608 [INFO] CADModel:114 - Register for checkConnection events
2025-10-25 19:49:11,677 [INFO] OpenFileManager:386 - Restore cursor
2025-10-25 19:50:18,925 [INFO] MainUpdater:2872 - connection check result : 10
2025-10-25 19:50:18,926 [INFO] MainUpdater:2872 - connection check result : 10
2025-10-25 19:50:18,938 [INFO] MicroXplorer:468 - Change Database Path : 
2025-10-25 19:50:18,941 [INFO] MicroXplorer:498 - Change Database Version : DB.6.0.150
2025-10-25 19:50:18,949 [ERROR] ProjectManagerView:395 - 
java.lang.NullPointerException: Cannot invoke "javax.swing.JTextField.getText()" because the return value of "java.util.List.get(int)" is null
	at com.st.microxplorer.plugins.projectmanager.gui.ProjectChoiceTab$9.caretUpdate(ProjectChoiceTab.java:2706) ~[filemanager.jar:?]
	at javax.swing.text.JTextComponent.fireCaretUpdate(JTextComponent.java:408) ~[?:?]
	at javax.swing.text.JTextComponent$MutableCaretEvent.fire(JTextComponent.java:4484) ~[?:?]
	at javax.swing.text.JTextComponent$MutableCaretEvent.stateChanged(JTextComponent.java:4506) ~[?:?]
	at javax.swing.text.DefaultCaret.fireStateChanged(DefaultCaret.java:857) ~[?:?]
	at javax.swing.text.DefaultCaret.changeCaretPosition(DefaultCaret.java:1343) ~[?:?]
	at javax.swing.text.DefaultCaret.handleSetDot(DefaultCaret.java:1242) ~[?:?]
	at javax.swing.text.DefaultCaret.setDot(DefaultCaret.java:1223) ~[?:?]
	at javax.swing.text.DefaultCaret$Handler.insertUpdate(DefaultCaret.java:1819) ~[?:?]
	at javax.swing.text.AbstractDocument.fireInsertUpdate(AbstractDocument.java:227) ~[?:?]
	at javax.swing.text.AbstractDocument.handleInsertString(AbstractDocument.java:781) ~[?:?]
	at javax.swing.text.AbstractDocument.insertString(AbstractDocument.java:740) ~[?:?]
	at javax.swing.text.PlainDocument.insertString(PlainDocument.java:131) ~[?:?]
	at javax.swing.text.AbstractDocument.replace(AbstractDocument.java:699) ~[?:?]
	at javax.swing.text.JTextComponent.setText(JTextComponent.java:1725) ~[?:?]
	at com.st.microxplorer.plugins.projectmanager.gui.ProjectChoiceTab.createHeapStackFields(ProjectChoiceTab.java:993) ~[filemanager.jar:?]
	at com.st.microxplorer.plugins.projectmanager.gui.ProjectChoiceTab.buildLinkSettingsPanel(ProjectChoiceTab.java:3813) ~[filemanager.jar:?]
	at com.st.microxplorer.plugins.projectmanager.gui.ProjectChoiceTab.defineWindowsFields(ProjectChoiceTab.java:1987) ~[filemanager.jar:?]
	at com.st.microxplorer.plugins.projectmanager.gui.ProjectChoiceTab.updateSettings(ProjectChoiceTab.java:558) ~[filemanager.jar:?]
	at com.st.microxplorer.plugins.projectmanager.gui.ProjectSettingsPanel.UpdateDialog(ProjectSettingsPanel.java:247) ~[filemanager.jar:?]
	at com.st.microxplorer.plugins.projectmanager.ProjectManagerView.propertyChange(ProjectManagerView.java:392) ~[filemanager.jar:?]
	at java.beans.PropertyChangeSupport.fire(PropertyChangeSupport.java:343) ~[?:?]
	at java.beans.PropertyChangeSupport.firePropertyChange(PropertyChangeSupport.java:335) ~[?:?]
	at java.beans.PropertyChangeSupport.firePropertyChange(PropertyChangeSupport.java:268) ~[?:?]
	at com.st.microxplorer.util.MXPropertyChangeSupport.firePropertyChange(MXPropertyChangeSupport.java:54) ~[STM32CubeMX.jar:?]
	at com.st.microxplorer.mxsystem.MxSystem.closeConfig(MxSystem.java:899) ~[STM32CubeMX.jar:?]
	at com.st.microxplorer.maingui.MainPanel.closeConfig(MainPanel.java:792) ~[STM32CubeMX.jar:?]
	at com.st.microxplorer.plugins.filemanager.engine.OpenFileManager.loadConfigurationFile(OpenFileManager.java:288) ~[filemanager.jar:?]
	at com.st.microxplorer.plugins.filemanager.engine.MainFileManager.userLoadConfig(MainFileManager.java:364) ~[filemanager.jar:?]
	at com.st.microxplorer.plugins.filemanager.engine.MainFileManager.userLoadConfig(MainFileManager.java:342) ~[filemanager.jar:?]
	at com.st.microxplorer.plugins.filemanager.FileManagerView.getSpecificTask(FileManagerView.java:264) ~[filemanager.jar:?]
	at com.st.stm32cube.common.mx.editor.CubeMxEditor.getMxTabbedPaneInstance(CubeMxEditor.java:1198) ~[com.st.stm32cube.common.mx_6.15.0.202507011659/:?]
	at com.st.stm32cube.common.mx.editor.CubeMxEditor$12$1.createSwingComponent(CubeMxEditor.java:1068) ~[com.st.stm32cube.common.mx_6.15.0.202507011659/:?]
	at com.st.stm32cube.common.mx.oss.core.awtswtbridge.EmbeddedSwingComposite.doComponentCreation(EmbeddedSwingComposite.java:492) ~[com.st.stm32cube.common.mx.oss_6.15.0.202507011659/:?]
	at com.st.stm32cube.common.mx.oss.core.awtswtbridge.EmbeddedSwingComposite$4.run(EmbeddedSwingComposite.java:291) ~[com.st.stm32cube.common.mx.oss_6.15.0.202507011659/:?]
	at com.st.stm32cube.common.mx.oss.core.awtswtbridge.AwtEnvironment$2.run(AwtEnvironment.java:166) ~[com.st.stm32cube.common.mx.oss_6.15.0.202507011659/:?]
	at java.awt.event.InvocationEvent.dispatch(InvocationEvent.java:318) ~[?:?]
	at java.awt.EventQueue.dispatchEventImpl(EventQueue.java:773) ~[?:?]
	at java.awt.EventQueue$4.run(EventQueue.java:720) ~[?:?]
	at java.awt.EventQueue$4.run(EventQueue.java:714) ~[?:?]
	at java.security.AccessController.doPrivileged(AccessController.java:400) ~[?:?]
	at java.security.ProtectionDomain$JavaSecurityAccessImpl.doIntersectionPrivilege(ProtectionDomain.java:87) ~[?:?]
	at java.awt.EventQueue.dispatchEvent(EventQueue.java:742) ~[?:?]
	at java.awt.EventDispatchThread.pumpOneEventForFilters(EventDispatchThread.java:203) ~[?:?]
	at java.awt.EventDispatchThread.pumpEventsForFilter(EventDispatchThread.java:124) ~[?:?]
	at java.awt.EventDispatchThread.pumpEventsForHierarchy(EventDispatchThread.java:113) ~[?:?]
	at java.awt.EventDispatchThread.pumpEvents(EventDispatchThread.java:109) ~[?:?]
	at java.awt.EventDispatchThread.pumpEvents(EventDispatchThread.java:101) ~[?:?]
	at java.awt.EventDispatchThread.run(EventDispatchThread.java:90) ~[?:?]
2025-10-25 19:50:18,952 [WARN] ThirdParty:871 - waiting for thirdparty lock release [close project]
2025-10-25 19:50:18,953 [INFO] ThirdParty:873 - entering critical section [close project]
2025-10-25 19:50:18,953 [INFO] ThirdParty:883 - exiting critical section [close project]
2025-10-25 19:50:18,955 [INFO] PinOutPanel:1589 - setPackage(No Configuration,No Configuration)
2025-10-25 19:50:18,963 [WARN] IpParametersView:155 - Warning: This peripheral hasn't parameters
2025-10-25 19:50:18,967 [WARN] MainPanel:289 - <html><b><center>Warning: This peripheral has no parameters to be configured<br></b></html>
2025-10-25 19:50:18,971 [INFO] UtilMem:75 - Begin LoadConfig() Used Memory: 379136816 Bytes (702545920)
2025-10-25 19:50:18,973 [INFO] MicroXplorer:468 - Change Database Path : 
2025-10-25 19:50:18,975 [INFO] MicroXplorer:498 - Change Database Version : DB.6.0.150
2025-10-25 19:50:18,976 [INFO] OpenFileManager:355 - Change cursor
2025-10-25 19:50:18,982 [INFO] Mcu:2029 - Initializing MCU STM32F401R(D-E)Tx STM32F401RETx STM32F401RET6
2025-10-25 19:50:19,937 [INFO] Context:786 - Trying to add GPIOservice into a context  which must be forbidden
2025-10-25 19:50:20,108 [INFO] ImportTextPane:234 - (OptionalMessage_ERROR) Pin14 (VP_RIF_VS_RIF1) cannot be retrieved for this MCU
2025-10-25 19:50:20,125 [INFO] RtosManager:558 - Registered RTOS mode: class=CMSIS, group=RTOS, mode=CMSIS_V1, owner=FREERTOS
2025-10-25 19:50:20,126 [INFO] RtosManager:558 - Registered RTOS mode: class=CMSIS, group=RTOS2, mode=CMSIS_V2, owner=FREERTOS
2025-10-25 19:50:20,126 [INFO] RtosManager:558 - Registered RTOS mode: class=RTOS, group=Core, mode=CMSIS_V1, owner=FREERTOS
2025-10-25 19:50:20,129 [INFO] RtosManager:558 - Registered RTOS mode: class=RTOS, group=Core, mode=CMSIS_V2, owner=FREERTOS
2025-10-25 19:50:20,136 [WARN] ModelIntegratedComponent:184 - Missing modes for component STMicroelectronics:FreeRTOS:0.0.1:STMicroelectronics:RTOS:FreeRTOS:Core:::10.2.0:
2025-10-25 19:50:20,144 [WARN] ModelIntegratedComponent:63 - No mode defined for component null
2025-10-25 19:50:20,144 [WARN] ModelIntegratedComponent:63 - No mode defined for component null
2025-10-25 19:50:20,145 [WARN] ModelIntegratedComponent:63 - No mode defined for component null
2025-10-25 19:50:20,146 [WARN] ModelIntegratedComponent:63 - No mode defined for component null
2025-10-25 19:50:20,146 [WARN] ModelIntegratedComponent:63 - No mode defined for component null
2025-10-25 19:50:20,147 [WARN] ModelIntegratedComponent:63 - No mode defined for component null
2025-10-25 19:50:20,147 [WARN] ModelIntegratedComponent:63 - No mode defined for component null
2025-10-25 19:50:20,148 [WARN] ModelIntegratedComponent:63 - No mode defined for component null
2025-10-25 19:50:20,148 [WARN] ModelIntegratedComponent:63 - No mode defined for component null
2025-10-25 19:50:20,149 [WARN] ModelIntegratedComponent:63 - No mode defined for component null
2025-10-25 19:50:20,150 [WARN] ModelIntegratedComponent:63 - No mode defined for component null
2025-10-25 19:50:20,150 [WARN] ModelIntegratedComponent:63 - No mode defined for component null
2025-10-25 19:50:20,151 [WARN] ModelIntegratedComponent:63 - No mode defined for component null
2025-10-25 19:50:20,152 [WARN] ModelIntegratedComponent:63 - No mode defined for component null
2025-10-25 19:50:20,152 [WARN] ModelIntegratedComponent:63 - No mode defined for component null
2025-10-25 19:50:20,153 [WARN] ModelIntegratedComponent:63 - No mode defined for component null
2025-10-25 19:50:20,154 [WARN] ModelIntegratedComponent:63 - No mode defined for component null
2025-10-25 19:50:20,154 [WARN] ModelIntegratedComponent:63 - No mode defined for component null
2025-10-25 19:50:20,155 [WARN] ModelIntegratedComponent:63 - No mode defined for component null
2025-10-25 19:50:20,155 [WARN] ModelIntegratedComponent:63 - No mode defined for component null
2025-10-25 19:50:20,157 [WARN] ModelIntegratedComponent:63 - No mode defined for component null
2025-10-25 19:50:20,157 [WARN] ModelIntegratedComponent:63 - No mode defined for component null
2025-10-25 19:50:20,158 [WARN] ModelIntegratedComponent:63 - No mode defined for component null
2025-10-25 19:50:20,159 [WARN] ModelIntegratedComponent:63 - No mode defined for component null
2025-10-25 19:50:20,159 [WARN] ModelIntegratedComponent:63 - No mode defined for component null
2025-10-25 19:50:20,160 [WARN] ModelIntegratedComponent:63 - No mode defined for component null
2025-10-25 19:50:20,160 [WARN] ModelIntegratedComponent:63 - No mode defined for component null
2025-10-25 19:50:20,161 [WARN] ModelIntegratedComponent:63 - No mode defined for component null
2025-10-25 19:50:20,161 [WARN] ModelIntegratedComponent:63 - No mode defined for component null
2025-10-25 19:50:20,162 [WARN] ModelIntegratedComponent:63 - No mode defined for component null
2025-10-25 19:50:20,162 [WARN] ModelIntegratedComponent:63 - No mode defined for component null
2025-10-25 19:50:20,163 [WARN] ModelIntegratedComponent:63 - No mode defined for component null
2025-10-25 19:50:20,163 [WARN] ModelIntegratedComponent:63 - No mode defined for component null
2025-10-25 19:50:20,164 [WARN] ModelIntegratedComponent:63 - No mode defined for component null
2025-10-25 19:50:20,164 [WARN] ModelIntegratedComponent:63 - No mode defined for component null
2025-10-25 19:50:20,165 [WARN] ModelPack:524 - Component already loaded: STMicroelectronics:HAL Drivers:0.0.0:STMicroelectronics:Device:STMicro_Driver:XSPI:HAL::0.0.1:HAL_XSPI
2025-10-25 19:50:20,262 [INFO] ThirdPartyModel:298 - Start build external matchings
2025-10-25 19:50:20,655 [INFO] ThirdPartyModel:316 - End build external matchings
2025-10-25 19:50:20,662 [INFO] ImportTextPane:234 - (OptionalMessage_ERROR) IP (RCC) : Parameter (RTCHSEDivFreq_Value) has invalid value (4000000)
2025-10-25 19:50:20,870 [INFO] UtilMem:75 - End LoadConfig() Used Memory: 569850608 Bytes (702545920)
2025-10-25 19:50:20,914 [WARN] ThirdParty:833 - waiting for thirdparty lock release [change project]
2025-10-25 19:50:20,915 [INFO] ThirdParty:835 - entering critical section [change project]
2025-10-25 19:50:20,916 [INFO] ThirdParty:1030 - CMSIS Pack Vendor :STMicroelectronics X-CUBE-PM33A1 1.0.0
2025-10-25 19:50:20,916 [INFO] ThirdParty:1030 - CMSIS Pack Vendor :STMicroelectronics USBPD 4.1
2025-10-25 19:50:20,917 [INFO] ThirdParty:1030 - CMSIS Pack Vendor :STMicroelectronics X-CUBE-NFC9 1.0.0
2025-10-25 19:50:20,918 [INFO] ThirdParty:1030 - CMSIS Pack Vendor :STMicroelectronics USB_HOST 2.0.0
2025-10-25 19:50:20,918 [INFO] ThirdParty:1030 - CMSIS Pack Vendor :STMicroelectronics FP-SNS-MOTENVWB1 1.4.0
2025-10-25 19:50:20,919 [INFO] ThirdParty:1030 - CMSIS Pack Vendor :STMicroelectronics X-CUBE-AZRTOS-F4 1.1.0
2025-10-25 19:50:20,919 [INFO] ThirdParty:1030 - CMSIS Pack Vendor :STMicroelectronics LIBJPEG 8.0.0
2025-10-25 19:50:20,920 [INFO] ThirdParty:1030 - CMSIS Pack Vendor :STMicroelectronics FP-ATR-ASTRA1 2.0.2
2025-10-25 19:50:20,920 [INFO] ThirdParty:1030 - CMSIS Pack Vendor :wolfSSL I-CUBE-wolfSSL 5.8.2
2025-10-25 19:50:20,921 [INFO] ThirdParty:1030 - CMSIS Pack Vendor :STMicroelectronics X-CUBE-BLE1 7.1.0
2025-10-25 19:50:20,922 [INFO] ThirdParty:1030 - CMSIS Pack Vendor :STMicroelectronics X-CUBE-SMBUS 2.1.0
2025-10-25 19:50:20,922 [INFO] ThirdParty:1030 - CMSIS Pack Vendor :wolfSSL I-CUBE-wolfMQTT 1.19.2
2025-10-25 19:50:20,926 [INFO] ThirdParty:1030 - CMSIS Pack Vendor :STMicroelectronics USB_DEVICE 3.0.0
2025-10-25 19:50:20,926 [INFO] ThirdParty:1030 - CMSIS Pack Vendor :STMicroelectronics X-CUBE-ISPU 2.1.0
2025-10-25 19:50:20,926 [INFO] ThirdParty:1030 - CMSIS Pack Vendor :STMicroelectronics X-CUBE-EEPRMA1 5.2.0
2025-10-25 19:50:20,927 [INFO] ThirdParty:1030 - CMSIS Pack Vendor :STMicroelectronics X-CUBE-IPS 3.2.0
2025-10-25 19:50:20,928 [INFO] ThirdParty:1030 - CMSIS Pack Vendor :STMicroelectronics X-CUBE-BLEMGR 4.1.0
2025-10-25 19:50:20,929 [INFO] ThirdParty:1030 - CMSIS Pack Vendor :STMicroelectronics X-CUBE-AZRTOS-WB 2.0.0
2025-10-25 19:50:20,929 [INFO] ThirdParty:1030 - CMSIS Pack Vendor :STMicroelectronics X-CUBE-GNSS1 7.0.1
2025-10-25 19:50:20,930 [INFO] ThirdParty:1030 - CMSIS Pack Vendor :STMicroelectronics X-CUBE-NFC12 1.0.0
2025-10-25 19:50:20,931 [INFO] ThirdParty:1030 - CMSIS Pack Vendor :STMicroelectronics X-CUBE-AZRTOS-F7 1.1.0
2025-10-25 19:50:20,933 [INFO] ThirdParty:1030 - CMSIS Pack Vendor :STMicroelectronics X-CUBE-AZRTOS-L5 2.0.0
2025-10-25 19:50:20,933 [INFO] ThirdParty:1030 - CMSIS Pack Vendor :STMicroelectronics USB_DEVICE 2.0.0
2025-10-25 19:50:20,933 [INFO] ThirdParty:1030 - CMSIS Pack Vendor :STMicroelectronics X-CUBE-NFC6 3.1.0
2025-10-25 19:50:20,934 [INFO] ThirdParty:1030 - CMSIS Pack Vendor :STMicroelectronics X-CUBE-ST67W61 1.1.0
2025-10-25 19:50:20,934 [INFO] ThirdParty:1030 - CMSIS Pack Vendor :Cesanta I-CUBE-Mongoose 7.19.0
2025-10-25 19:50:20,935 [INFO] ThirdParty:1030 - CMSIS Pack Vendor :quantropi X-CUBE-qispace-sdk-base 2.1.0
2025-10-25 19:50:20,936 [INFO] ThirdParty:1030 - CMSIS Pack Vendor :STMicroelectronics FreeRTOS 0.0.1
2025-10-25 19:50:20,936 [INFO] ThirdParty:1030 - CMSIS Pack Vendor :STMicroelectronics X-CUBE-AZRTOS-G0 1.1.0
2025-10-25 19:50:20,937 [INFO] ThirdParty:1030 - CMSIS Pack Vendor :STMicroelectronics X-CUBE-SAFEA1 1.2.2
2025-10-25 19:50:20,937 [INFO] ThirdParty:1030 - CMSIS Pack Vendor :STMicroelectronics X-CUBE-NFC4 3.0.0
2025-10-25 19:50:20,939 [INFO] ThirdParty:1030 - CMSIS Pack Vendor :STMicroelectronics X-CUBE-SUBG2 5.0.0
2025-10-25 19:50:20,940 [INFO] ThirdParty:1030 - CMSIS Pack Vendor :STMicroelectronics X-CUBE-AZRTOS-H7RS 1.1.0
2025-10-25 19:50:20,941 [INFO] ThirdParty:1030 - CMSIS Pack Vendor :STMicroelectronics STM32_WPAN 1.0.0
2025-10-25 19:50:20,941 [INFO] ThirdParty:1030 - CMSIS Pack Vendor :EmbeddedOffice I-CUBE-FS-RTOS 1.0.1
2025-10-25 19:50:20,943 [INFO] ThirdParty:1030 - CMSIS Pack Vendor :STMicroelectronics lwIP 2.0.3
2025-10-25 19:50:20,943 [INFO] ThirdParty:1030 - CMSIS Pack Vendor :WES I-CUBE-Cesium 1.4.0
2025-10-25 19:50:20,944 [INFO] ThirdParty:1030 - CMSIS Pack Vendor :STMicroelectronics USB_HOST 1.0.0
2025-10-25 19:50:20,944 [INFO] ThirdParty:1030 - CMSIS Pack Vendor :Infineon AIROC-Wi-Fi-Bluetooth-STM32 1.7.1
2025-10-25 19:50:20,945 [INFO] ThirdParty:1030 - CMSIS Pack Vendor :STMicroelectronics X-CUBE-AZRTOS-G4 2.0.0
2025-10-25 19:50:20,946 [INFO] ThirdParty:1030 - CMSIS Pack Vendor :STMicroelectronics X-CUBE-WB05N 2.0.0
2025-10-25 19:50:20,946 [INFO] ThirdParty:1030 - CMSIS Pack Vendor :STMicroelectronics PDM2PCM 3.1.0
2025-10-25 19:50:20,947 [INFO] ThirdParty:1030 - CMSIS Pack Vendor :STMicroelectronics PDM2PCM 3.3.0
2025-10-25 19:50:20,948 [INFO] ThirdParty:1030 - CMSIS Pack Vendor :wolfSSL I-CUBE-wolfTPM 3.8.0
2025-10-25 19:50:20,948 [INFO] ThirdParty:1030 - CMSIS Pack Vendor :STMicroelectronics X-CUBE-AZRTOS-H7 3.4.0
2025-10-25 19:50:20,949 [INFO] ThirdParty:1030 - CMSIS Pack Vendor :STMicroelectronics X-CUBE-DISPLAY 3.0.0
2025-10-25 19:50:20,950 [INFO] ThirdParty:1030 - CMSIS Pack Vendor :wolfSSL I-CUBE-wolfSSH 1.4.20
2025-10-25 19:50:20,950 [INFO] ThirdParty:1030 - CMSIS Pack Vendor :STMicroelectronics X-CUBE-NFC7 2.0.0
2025-10-25 19:50:20,951 [INFO] ThirdParty:1030 - CMSIS Pack Vendor :STMicroelectronics X-CUBE-TCPP 4.2.0
2025-10-25 19:50:20,952 [INFO] ThirdParty:1030 - CMSIS Pack Vendor :RealThread X-CUBE-RT-Thread_Nano 4.1.1
2025-10-25 19:50:20,952 [INFO] ThirdParty:1030 - CMSIS Pack Vendor :STMicroelectronics FP-ATR-SIGFOX1 3.2.0
2025-10-25 19:50:20,953 [INFO] ThirdParty:1030 - CMSIS Pack Vendor :STMicroelectronics X-CUBE-NFC10 1.0.0
2025-10-25 19:50:20,954 [INFO] ThirdParty:1030 - CMSIS Pack Vendor :STMicroelectronics X-CUBE-FREERTOS 1.3.1
2025-10-25 19:50:20,954 [INFO] ThirdParty:1030 - CMSIS Pack Vendor :STMicroelectronics HAL Drivers 0.0.0
2025-10-25 19:50:20,955 [INFO] ThirdParty:1030 - CMSIS Pack Vendor :STMicroelectronics MBEDTLS 2.16.2
2025-10-25 19:50:20,956 [INFO] ThirdParty:1030 - CMSIS Pack Vendor :STMicroelectronics X-CUBE-ST60 1.1.0
2025-10-25 19:50:20,957 [INFO] ThirdParty:1030 - CMSIS Pack Vendor :STMicroelectronics X-CUBE-ALS 1.0.2
2025-10-25 19:50:20,958 [INFO] ThirdParty:1030 - CMSIS Pack Vendor :emotas I-CUBE-CANOPEN 1.3.0
2025-10-25 19:50:20,958 [INFO] ThirdParty:1030 - CMSIS Pack Vendor :STMicroelectronics MBEDTLS 2.14.1
2025-10-25 19:50:20,960 [INFO] ThirdParty:1030 - CMSIS Pack Vendor :ITTIA_DB I-CUBE-ITTIADB 8.9.0
2025-10-25 19:50:20,960 [INFO] ThirdParty:1030 - CMSIS Pack Vendor :STMicroelectronics X-CUBE-TOUCHGFX 4.26.0
2025-10-25 19:50:20,961 [INFO] ThirdParty:1030 - CMSIS Pack Vendor :STMicroelectronics X-CUBE-STSE01 1.0.0
2025-10-25 19:50:20,962 [INFO] ThirdParty:1030 - CMSIS Pack Vendor :STMicroelectronics FP-SNS-STBOX1 2.1.0
2025-10-25 19:50:20,962 [INFO] ThirdParty:1030 - CMSIS Pack Vendor :STMicroelectronics X-CUBE-AI 10.2.0
2025-10-25 19:50:20,963 [INFO] ThirdParty:1030 - CMSIS Pack Vendor :STMicroelectronics FP-SNS-STAIOTCFT 1.0.0
2025-10-25 19:50:20,964 [INFO] ThirdParty:1030 - CMSIS Pack Vendor :STMicroelectronics ThreadX 1.0.0
2025-10-25 19:50:20,965 [INFO] ThirdParty:1030 - CMSIS Pack Vendor :STMicroelectronics FP-SNS-SMARTAG2 1.2.0
2025-10-25 19:50:20,965 [INFO] ThirdParty:1030 - CMSIS Pack Vendor :STMicroelectronics FP-SNS-FLIGHT1 5.1.0
2025-10-25 19:50:20,966 [INFO] ThirdParty:1030 - CMSIS Pack Vendor :STMicroelectronics X-CUBE-AZRTOS-WL 2.0.0
2025-10-25 19:50:20,967 [INFO] ThirdParty:1030 - CMSIS Pack Vendor :SEGGER I-CUBE-embOS 1.3.1
2025-10-25 19:50:20,967 [INFO] ThirdParty:1030 - CMSIS Pack Vendor :STMicroelectronics X-CUBE-ALGOBUILD 1.4.0
2025-10-25 19:50:20,968 [INFO] ThirdParty:1030 - CMSIS Pack Vendor :STMicroelectronics X-CUBE-DPower 1.3.0
2025-10-25 19:50:20,969 [INFO] ThirdParty:1030 - CMSIS Pack Vendor :STMicroelectronics X-CUBE-MEMS1 11.3.0
2025-10-25 19:50:20,969 [INFO] ThirdParty:1030 - CMSIS Pack Vendor :STMicroelectronics FP-SNS-MOTENV1 5.0.0
2025-10-25 19:50:20,970 [INFO] ThirdParty:1030 - CMSIS Pack Vendor :STMicroelectronics USB_DEVICE 1.0.0
2025-10-25 19:50:20,970 [INFO] ThirdParty:1030 - CMSIS Pack Vendor :STMicroelectronics X-CUBE-AZRTOS-L4 2.0.0
2025-10-25 19:50:20,971 [INFO] ThirdParty:1030 - CMSIS Pack Vendor :STMicroelectronics ThreadX 0.0.2
2025-10-25 19:50:20,972 [INFO] ThirdParty:1030 - CMSIS Pack Vendor :STMicroelectronics lwIP 2.1.2
2025-10-25 19:50:20,973 [INFO] ThirdParty:1030 - CMSIS Pack Vendor :STMicroelectronics X-CUBE-SFXS2LP1 4.0.0
2025-10-25 19:50:20,974 [INFO] ThirdParty:1030 - CMSIS Pack Vendor :STMicroelectronics X-CUBE-BLE2 3.3.0
2025-10-25 19:50:20,975 [INFO] ThirdParty:1030 - CMSIS Pack Vendor :STMicroelectronics X-CUBE-TOF1 3.4.3
2025-10-25 19:50:20,975 [INFO] ThirdParty:1030 - CMSIS Pack Vendor :STMicroelectronics PDM2PCM 3.2.0
2025-10-25 19:50:20,976 [INFO] ThirdParty:841 - exiting critical section [change project]
2025-10-25 19:50:21,081 [INFO] PinOutPanel:1589 - setPackage(No Configuration,No Configuration)
2025-10-25 19:50:21,083 [INFO] PinOutPanel:1589 - setPackage(STM32F401RETx,LQFP64)
2025-10-25 19:50:21,277 [INFO] UtilMem:75 - Before build in PCC Used Memory: 318711952 Bytes (702545920)
2025-10-25 19:50:21,413 [INFO] UtilMem:75 - After build in PCC Used Memory: 362752144 Bytes (702545920)
2025-10-25 19:50:21,437 [INFO] IPUIPlugin:80 - create IPUIPlugin
2025-10-25 19:50:21,445 [INFO] IPUIPlugin:80 - create IPUIPlugin
2025-10-25 19:50:21,445 [INFO] IPUIPlugin:80 - create IPUIPlugin
2025-10-25 19:50:21,446 [INFO] IPUIPlugin:80 - create IPUIPlugin
2025-10-25 19:50:21,446 [INFO] IPUIPlugin:80 - create IPUIPlugin
2025-10-25 19:50:21,447 [INFO] IPUIPlugin:80 - create IPUIPlugin
2025-10-25 19:50:21,448 [INFO] IPUIPlugin:80 - create IPUIPlugin
2025-10-25 19:50:21,448 [INFO] IPUIPlugin:80 - create IPUIPlugin
2025-10-25 19:50:21,449 [INFO] IPUIPlugin:80 - create IPUIPlugin
2025-10-25 19:50:21,450 [INFO] IPUIPlugin:80 - create IPUIPlugin
2025-10-25 19:50:21,450 [INFO] IPUIPlugin:80 - create IPUIPlugin
2025-10-25 19:50:21,451 [INFO] IPUIPlugin:80 - create IPUIPlugin
2025-10-25 19:50:21,452 [INFO] IPUIPlugin:80 - create IPUIPlugin
2025-10-25 19:50:21,452 [INFO] IPUIPlugin:80 - create IPUIPlugin
2025-10-25 19:50:21,453 [INFO] IPUIPlugin:80 - create IPUIPlugin
2025-10-25 19:50:21,454 [INFO] IPUIPlugin:80 - create IPUIPlugin
2025-10-25 19:50:21,454 [INFO] IPUIPlugin:80 - create IPUIPlugin
2025-10-25 19:50:21,457 [INFO] IPUIPlugin:80 - create IPUIPlugin
2025-10-25 19:50:21,457 [INFO] IPUIPlugin:80 - create IPUIPlugin
2025-10-25 19:50:21,458 [INFO] IPUIPlugin:80 - create IPUIPlugin
2025-10-25 19:50:21,459 [INFO] IPUIPlugin:80 - create IPUIPlugin
2025-10-25 19:50:21,460 [INFO] IPUIPlugin:80 - create IPUIPlugin
2025-10-25 19:50:21,460 [INFO] IPUIPlugin:80 - create IPUIPlugin
2025-10-25 19:50:21,461 [INFO] IPUIPlugin:80 - create IPUIPlugin
2025-10-25 19:50:21,462 [INFO] IPUIPlugin:80 - create IPUIPlugin
2025-10-25 19:50:21,463 [INFO] IPUIPlugin:80 - create IPUIPlugin
2025-10-25 19:50:21,464 [INFO] IPUIPlugin:80 - create IPUIPlugin
2025-10-25 19:50:21,464 [INFO] IPUIPlugin:80 - create IPUIPlugin
2025-10-25 19:50:21,465 [INFO] IPUIPlugin:80 - create IPUIPlugin
2025-10-25 19:50:21,466 [INFO] IPUIPlugin:80 - create IPUIPlugin
2025-10-25 19:50:21,466 [INFO] IPUIPlugin:80 - create IPUIPlugin
2025-10-25 19:50:21,467 [INFO] IPUIPlugin:80 - create IPUIPlugin
2025-10-25 19:50:21,468 [INFO] IPUIPlugin:80 - create IPUIPlugin
2025-10-25 19:50:21,468 [INFO] IPUIPlugin:80 - create IPUIPlugin
2025-10-25 19:50:21,469 [INFO] IPUIPlugin:80 - create IPUIPlugin
2025-10-25 19:50:21,470 [INFO] IPUIPlugin:80 - create IPUIPlugin
2025-10-25 19:50:21,471 [INFO] IPUIPlugin:80 - create IPUIPlugin
2025-10-25 19:50:21,471 [INFO] IPUIPlugin:80 - create IPUIPlugin
2025-10-25 19:50:21,477 [INFO] ApiDbMcu:532 - Load IP Config File for PDM2PCM
2025-10-25 19:50:21,512 [INFO] CADModel:165 - CPN selected for project levelSTM32F401RET6
2025-10-25 19:50:21,513 [INFO] CADModel:114 - Register for checkConnection events
2025-10-25 19:50:21,568 [INFO] OpenFileManager:386 - Restore cursor
2025-10-25 19:54:52,088 [INFO] Gpio:278 - dependency for GPIO [RCC, SYS, USART2, USART6]
2025-10-25 19:55:19,074 [INFO] NvicIntPanel:101 - NVIC parent = com.st.microxplorer.plugins.ip.nvic.MultiNvicIntPanel[,2,27,453x295,layout=javax.swing.BoxLayout,alignmentX=0.0,alignmentY=0.0,border=,flags=9,maximumSize=,minimumSize=,preferredSize=]
2025-10-25 19:59:43,073 [INFO] Gpio:278 - dependency for GPIO [RCC, SYS, USART2, USART6]
2025-10-25 19:59:43,120 [INFO] NvicIntPanel:101 - NVIC parent = com.st.microxplorer.plugins.ip.nvic.MultiNvicIntPanel[,0,0,0x0,invalid,layout=javax.swing.BoxLayout,alignmentX=0.0,alignmentY=0.0,border=,flags=9,maximumSize=,minimumSize=,preferredSize=]
2025-10-25 19:59:51,310 [INFO] UtilMem:75 - End SaveConfig() Used Memory: 316714216 Bytes (814743552)
2025-10-25 20:03:06,340 [INFO] Gpio:278 - dependency for GPIO [RCC, SYS, USART2, USART6]
2025-10-25 20:03:27,031 [INFO] NvicIntPanel:101 - NVIC parent = com.st.microxplorer.plugins.ip.nvic.MultiNvicIntPanel[,0,0,450x642,layout=javax.swing.BoxLayout,alignmentX=0.0,alignmentY=0.0,border=,flags=9,maximumSize=,minimumSize=,preferredSize=]
2025-10-25 20:03:28,614 [INFO] NvicIntPanel:101 - NVIC parent = com.st.microxplorer.plugins.ip.nvic.MultiNvicIntPanel[,0,0,0x0,invalid,layout=javax.swing.BoxLayout,alignmentX=0.0,alignmentY=0.0,border=,flags=9,maximumSize=,minimumSize=,preferredSize=]
2025-10-25 20:03:39,899 [INFO] UtilMem:75 - End SaveConfig() Used Memory: 479794368 Bytes (814743552)
2025-10-25 20:03:47,416 [INFO] LogOutputStream:77 - [STDOUT_REDIRECT] This download action requires prior login. To proceed, please use the 'login' command with your my.st.com account email and password.
2025-10-25 20:03:47,433 [INFO] LogOutputStream:77 - [STDOUT_REDIRECT] Run 'login <email> <password> <remember_me>' for example 'login john.smith@st.com mypassword y'.
2025-10-25 20:03:47,436 [INFO] LogOutputStream:77 - [STDOUT_REDIRECT] If you do not have a my.st.com account, please visit https://st.com website to create one.
2025-10-25 20:32:33,819 [INFO] MainUpdater:2872 - connection check result : 10
2025-10-25 20:32:33,821 [INFO] McuFinderGlobals:76 - Set McuFinderConnectedMode to true
2025-10-25 20:32:34,154 [INFO] ServerAccessManage:452 - Complete download http(s) 200
2025-10-25 20:32:34,156 [INFO] ServerAccessManage:509 - Download File mcusAds.json._tmp_
2025-10-25 20:32:34,290 [INFO] LoadUrlFilesThread:156 - End of LoadUrlFiles Thread
2025-10-25 20:32:34,577 [INFO] ServerAccessManage:452 - Complete download http(s) 200
2025-10-25 20:32:34,579 [INFO] ServerAccessManage:509 - Download File cube-finder-db.zip
2025-10-25 20:32:35,427 [INFO] FileExtend:248 - Unzip File : cube-finder-db.zip
2025-10-25 20:32:35,428 [INFO] FileExtend:263 - Standard Zip Deflate
2025-10-25 20:32:36,254 [INFO] LoadUrlFilesThread:156 - End of LoadUrlFiles Thread
2025-10-25 20:32:36,800 [INFO] ServerAccessManage:452 - Complete download http(s) 200
2025-10-25 20:32:36,801 [INFO] ServerAccessManage:509 - Download File crdb.zip
2025-10-25 20:32:37,366 [INFO] FileExtend:248 - Unzip File : crdb.zip
2025-10-25 20:32:37,367 [INFO] FileExtend:263 - Standard Zip Deflate
2025-10-25 20:32:37,526 [INFO] LoadUrlFilesThread:156 - End of LoadUrlFiles Thread
2025-10-25 20:32:37,762 [INFO] ServerAccessManage:452 - Complete download http(s) 200
2025-10-25 20:32:37,764 [INFO] ServerAccessManage:509 - Download File tutoVideoDB.zip
2025-10-25 20:32:37,822 [INFO] FileExtend:248 - Unzip File : tutoVideoDB.zip
2025-10-25 20:32:37,823 [INFO] FileExtend:263 - Standard Zip Deflate
2025-10-25 20:32:37,960 [INFO] LoadUrlFilesThread:156 - End of LoadUrlFiles Thread
2025-10-25 20:32:37,963 [WARN] DbFile:41 - Overriding database path with different value: C:\Users\s2rajago\.stmcufinder\plugins\mcufinder/ => C:\Users\s2rajago\.stmcufinder\plugins\mcufinder
2025-10-25 20:32:38,482 [INFO] ServerAccessManage:452 - Complete download http(s) 200
2025-10-25 20:32:38,483 [INFO] ServerAccessManage:509 - Download File api_config.json
2025-10-25 20:32:38,612 [INFO] LoadUrlFilesThread:156 - End of LoadUrlFiles Thread
2025-10-25 20:32:38,614 [INFO] DbMcusAds:53 - JSON generation date=Thu Oct 02 05:36:05 EDT 2025 (1759397765645)
2025-10-25 20:32:38,636 [INFO] ApiDb:448 - Save user favorites file C:\Users\s2rajago/.stm32cubeide/favorites.mcus.txt: 0 item(s)
2025-10-25 20:32:38,637 [INFO] ApiDb:452 - User favorites MCUs=[]
2025-10-25 20:32:38,640 [INFO] ApiDb:581 - Connected to CubeFinder SQLite database (C:\Users\s2rajago\.stmcufinder\plugins\mcufinder\mcu\cube-finder-db.db)
2025-10-25 20:32:38,733 [INFO] ApiDb:668 - CubeFinder database Data Model version=2.1
2025-10-25 20:32:38,734 [INFO] ApiDb:669 - CubeFinder database Configuration version=3.0.39
2025-10-25 20:32:38,735 [INFO] ApiDb:670 - CubeFinder database generation date=2025-08-25 (1756130511)
2025-10-25 20:32:38,735 [INFO] ApiDb:671 - CubeFinder database FW Pack versions=[FP-ATR-ASTRA1_V2.0.0, FP-SNS-FLIGHT1_V5.1.0, FP-SNS-MOTENV1_V5.0.0, FP-SNS-MOTENVWB1_V1.4.0, FP-SNS-SMARTAG2_V1.2.0, FP-SNS-STBOX1_V2.1.0, STM32Cube_FW_C0_V1.4.0, STM32Cube_FW_F4_V1.28.3, STM32Cube_FW_F7_V1.17.4, STM32Cube_FW_G0_V1.6.2, STM32Cube_FW_G4_V1.6.1, STM32Cube_FW_H5_V1.5.0, STM32Cube_FW_H7RS_V1.2.0, STM32Cube_FW_H7_V1.12.1, STM32Cube_FW_L0_V1.12.2, STM32Cube_FW_L4_V1.18.1, STM32Cube_FW_L5_V1.5.1, STM32Cube_FW_N6_V1.2.0, STM32Cube_FW_U0_V1.3.0, STM32Cube_FW_U3_V1.2.0, STM32Cube_FW_U5_V1.8.0, STM32Cube_FW_WB0_V1.3.0, STM32Cube_FW_WBA_V1.7.0, STM32Cube_FW_WB_V1.23.0, STM32Cube_FW_WL3_V1.2.0, STM32Cube_FW_WL_V1.3.1, X-CUBE-ALGOBUILD_V1.4.0, X-CUBE-ALS_V1.0.2, X-CUBE-AZRTOS-F4_V1.1.0, X-CUBE-AZRTOS-F7_V1.1.0, X-CUBE-AZRTOS-G0_V1.1.0, X-CUBE-AZRTOS-G4_V2.0.0, X-CUBE-AZRTOS-H7RS_V1.1.0, X-CUBE-AZRTOS-H7_V3.4.0, X-CUBE-AZRTOS-L4_V2.0.0, X-CUBE-AZRTOS-L5_V2.0.0, X-CUBE-AZRTOS-WB_V2.0.0, X-CUBE-AZRTOS-WL_V2.0.0, X-CUBE-BLE1_V7.1.0, X-CUBE-BLE2_V3.3.0, X-CUBE-BLEMGR_V4.1.0, X-CUBE-EEPRMA1_V5.2.0, X-CUBE-FREERTOS_V1.3.1, X-CUBE-GNSS1_V6.0.0, X-CUBE-MEMS1_V11.3.0, X-CUBE-NFC4_V3.0.0, X-CUBE-NFC7_V2.0.0, X-CUBE-SFXS2LP1_V4.0.0, X-CUBE-ST67W61_V1.0.0, X-CUBE-SUBG2_V5.0.0, X-CUBE-TOF1_V3.4.3]
2025-10-25 20:32:41,468 [INFO] ApiDb:240 - Found 880 in-development CPN: [B-G473E-ZEST1S, B-WB1M-WPAN1, B-WBA5M-WPAN, B-WL5M-SUBG1, NUCLEO-C031C6, NUCLEO-C051C8, NUCLEO-C071RB, NUCLEO-C092RC, NUCLEO-H503RB, NUCLEO-H533RE, NUCLEO-H563ZI, NUCLEO-H7S3L8, NUCLEO-N657X0-Q, NUCLEO-U031R8, NUCLEO-U083RC, NUCLEO-U385RG-Q, NUCLEO-U545RE-Q, NUCLEO-U5A5ZJ-Q, NUCLEO-WB05KZ, NUCLEO-WB07CC, NUCLEO-WB09KE, NUCLEO-WBA52CG, NUCLEO-WBA55CG, NUCLEO-WL33CC1, NUCLEO-WL33CC2, STEVAL-PROTEUS1, STEVAL-SMARTAG2, STEVAL-STWINBX1, STM320518-EVAL, STM32C0116-DK, STM32C011D6Y3TR, STM32C011D6Y6TR, STM32C011F4P3, STM32C011F4P6, STM32C011F4U3, STM32C011F4U6TR, STM32C011F6P3, STM32C011F6P6, STM32C011F6U3, STM32C011F6U6TR, STM32C011J4M3, STM32C011J4M6, STM32C011J6M3, STM32C011J6M6, STM32C0316-DK, STM32C031C4T3, STM32C031C4T6, STM32C031C4U3, STM32C031C4U6, STM32C031C6T3, STM32C031C6T6, STM32C031C6U3, STM32C031C6U6, STM32C031F4P3, STM32C031F4P6, STM32C031F6P3, STM32C031F6P6, STM32C031G4U3, STM32C031G4U6, STM32C031G6U3, STM32C031G6U6, STM32C031K4T3, STM32C031K4T6, STM32C031K4U3, STM32C031K4U6, STM32C031K6T3, STM32C031K6T6, STM32C031K6U3, STM32C031K6U6, STM32C051C6T6, STM32C051C6U6, STM32C051C8T6, STM32C051C8U6, STM32C051D8Y6TR, STM32C051F6P6, STM32C051F8P6, STM32C051G6U6, STM32C051G8U6, STM32C051K6T6, STM32C051K6U6, STM32C051K8T6, STM32C071C8T6, STM32C071C8T6N, STM32C071C8U6, STM32C071C8U6N, STM32C071CBT6, STM32C071CBT6N, STM32C071CBU6, STM32C071CBU6N, STM32C071F8P6, STM32C071F8P6N, STM32C071FBP6, STM32C071FBP6N, STM32C071FBY6TR, STM32C071G8U6, STM32C071G8U6N, STM32C071GBU6, STM32C071GBU6N, STM32C071K8T6, STM32C071K8T6N, STM32C071K8U6, STM32C071K8U6N, STM32C071KBT6, STM32C071KBT6N, STM32C071KBU6, STM32C071KBU6N, STM32C071R8T6, STM32C071R8T6N, STM32C071RBI6N, STM32C071RBT6, STM32C071RBT6N, STM32C091CBT6, STM32C091CBU6, STM32C091CCT6, STM32C091CCU6, STM32C091ECY6TR, STM32C091FBP6, STM32C091FCP6, STM32C091GBU6, STM32C091GCU6, STM32C091KBT6, STM32C091KBU6, STM32C091KCT6, STM32C091KCU6, STM32C091RBT6, STM32C091RCI6, STM32C091RCT6, STM32C092CBT6, STM32C092CBU6, STM32C092CCT6, STM32C092CCU6, STM32C092ECY6TR, STM32C092FBP6, STM32C092FCP6, STM32C092GBU6, STM32C092GCU6, STM32C092KBT6, STM32C092KBU6, STM32C092KCT6, STM32C092KCU6, STM32C092RBT6, STM32C092RCI6, STM32C092RCT6, STM32G071K8TXN, STM32G071K8UXN, STM32G081GBU6N, STM32G081KBT6N, STM32G081KBUXN, STM32G0B1CCT6N, STM32G0B1KCT6, STM32G0B1NEY6TR, STM32G0B1RCT6N, STM32G0C1CCT6, STM32G0C1CCT6N, STM32G0C1CCU6N, STM32G0C1CET6N, STM32G0C1CEU6N, STM32G0C1KCT6, STM32G0C1NEY6TR, STM32G0C1RCI6N, STM32G0C1RCT6N, STM32G0C1REI6N, STM32G0C1RET6N, STM32G0C1VCI6, STM32G0C1VEI6, STM32G411C6T3, STM32G411C6T6, STM32G411C6U3, STM32G411C6U6, STM32G411C8T3, STM32G411C8T6, STM32G411C8U3, STM32G411C8U6, STM32G411CBT3, STM32G411CBT6, STM32G411CBU3, STM32G411CBU6, STM32G411K6T3, STM32G411K6T6, STM32G411K6U3, STM32G411K6U6, STM32G411K8T3, STM32G411K8T6, STM32G411K8U3, STM32G411K8U6, STM32G411KBT3, STM32G411KBT6, STM32G411KBU3, STM32G411KBU6, STM32G411M6T3, STM32G411M6T6, STM32G411M8T3, STM32G411M8T6, STM32G411MBT3, STM32G411MBT6, STM32G411R6T3, STM32G411R6T6, STM32G411R8T3, STM32G411R8T6, STM32G411RBT3, STM32G411RBT6, STM32G414CBT3, STM32G414CBT6, STM32G414CBU3, STM32G414CBU6, STM32G414CCT3, STM32G414CCT6, STM32G414CCU3, STM32G414CCU6, STM32G414MBT3, STM32G414MBT6, STM32G414MCT3, STM32G414MCT6, STM32G414RBT3, STM32G414RBT6, STM32G414RCT3, STM32G414RCT6, STM32G414VBT3, STM32G414VBT6, STM32G414VCT3, STM32G414VCT6, STM32G431CBT3Z, STM32G431RBT3Z, STM32G471CCT6, STM32G471CCU6, STM32G471CET3, STM32G471CET6, STM32G471CEU3, STM32G471CEU6, STM32G471MCT6, STM32G471MET3, STM32G471MET6, STM32G471MEY6TR, STM32G471QCT6, STM32G471QET3, STM32G471RCT6, STM32G471RET3, STM32G471RET6, STM32G471VCH6, STM32G471VCI6, STM32G471VCT6, STM32G471VEH3, STM32G471VEH6, STM32G471VEI3, STM32G471VEI6, STM32G471VET3, STM32G471VET6, STM32G473QET3Z, STM32G473RET3Z, STM32G474CCT6, STM32G491RET3Z, STM32H503CBT6, STM32H503CBU6, STM32H503EBY6TR, STM32H503KBU6, STM32H503RBT6, STM32H523CCT6, STM32H523CCU6, STM32H523CET6, STM32H523CEU6, STM32H523HEY6TR, STM32H523RCT6, STM32H523RET6, STM32H523VCI6, STM32H523VCT6, STM32H523VEI6, STM32H523VET6, STM32H523ZCJ6, STM32H523ZCT6, STM32H523ZEJ6, STM32H523ZET6, STM32H533CET6, STM32H533CEU6, STM32H533HEY6TR, STM32H533RET6, STM32H533VEI6, STM32H533VET6, STM32H533ZEJ6, STM32H533ZET6, STM32H562AGI6, STM32H562AII6, STM32H562IGK6, STM32H562IGT6, STM32H562IIK6, STM32H562IIT6, STM32H562RGT6, STM32H562RGV6, STM32H562RIT6, STM32H562RIV6, STM32H562VGT6, STM32H562VIT6, STM32H562ZGT6, STM32H562ZIT6, STM32H563AGI6, STM32H563AII3Q, STM32H563AII6, STM32H563IGK6, STM32H563IGT6, STM32H563IIK3Q, STM32H563IIK6, STM32H563IIT3Q, STM32H563IIT6, STM32H563MIY3QTR, STM32H563RGT6, STM32H563RGV6, STM32H563RIT6, STM32H563RIV6, STM32H563VGT6, STM32H563VIT3Q, STM32H563VIT6, STM32H563ZGT6, STM32H563ZIT3Q, STM32H563ZIT6, STM32H573AII3Q, STM32H573AII6, STM32H573I-DK, STM32H573IIK3Q, STM32H573IIK6, STM32H573IIT3Q, STM32H573IIT6, STM32H573MIY3QTR, STM32H573RIT6, STM32H573RIV6, STM32H573VIT3Q, STM32H573VIT6, STM32H573ZIT3Q, STM32H573ZIT6, STM32H7R3A8I6, STM32H7R3I8K6, STM32H7R3I8T6, STM32H7R3L8H6, STM32H7R3L8H6H, STM32H7R3R8V6, STM32H7R3V8H6, STM32H7R3V8T6, STM32H7R3V8Y6TR, STM32H7R3Z8J6, STM32H7R3Z8T6, STM32H7R7A8I6, STM32H7R7I8K6, STM32H7R7I8T6, STM32H7R7L8H6, STM32H7R7L8H6H, STM32H7R7Z8J6, STM32H7S3A8I6, STM32H7S3I8K6, STM32H7S3I8T6, STM32H7S3L8H6, STM32H7S3L8H6H, STM32H7S3R8V6, STM32H7S3V8H6, STM32H7S3V8T6, STM32H7S3V8Y6TR, STM32H7S3Z8J6, STM32H7S3Z8T6, STM32H7S78-DK, STM32H7S7A8I6, STM32H7S7I8K6, STM32H7S7I8T6, STM32H7S7L8H6, STM32H7S7L8H6H, STM32H7S7Z8J6, STM32L4R5QGI6STR, STM32MP131AAE3, STM32MP131AAF3, STM32MP131AAG3, STM32MP131CAE3, STM32MP131CAF3, STM32MP131CAG3, STM32MP131DAE7, STM32MP131DAF7, STM32MP131DAG7, STM32MP131FAE7, STM32MP131FAF7, STM32MP131FAG7, STM32MP133AAE3, STM32MP133AAF3, STM32MP133AAG3, STM32MP133CAE3, STM32MP133CAF3, STM32MP133CAG3, STM32MP133DAE7, STM32MP133DAF7, STM32MP133DAG7, STM32MP133FAE7, STM32MP133FAF7, STM32MP133FAG7, STM32MP135AAE3, STM32MP135AAF3, STM32MP135AAG3, STM32MP135CAE3, STM32MP135CAF3, STM32MP135CAG3, STM32MP135DAE7, STM32MP135DAF7, STM32MP135DAG7, STM32MP135F-DK, STM32MP135FAE7, STM32MP135FAF7, STM32MP135FAF7T, STM32MP135FAF7U, STM32MP135FAG7, STM32MP211AAL3, STM32MP211AAM3, STM32MP211AAN3, STM32MP211AAO3, STM32MP211CAL3, STM32MP211CAM3, STM32MP211CAN3, STM32MP211CAO3, STM32MP211DAL3, STM32MP211DAM3, STM32MP211DAN3, STM32MP211DAO3, STM32MP211FAL3, STM32MP211FAM3, STM32MP211FAN3, STM32MP211FAO3, STM32MP213AAL3, STM32MP213AAM3, STM32MP213AAN3, STM32MP213AAO3, STM32MP213CAL3, STM32MP213CAM3, STM32MP213CAN3, STM32MP213CAO3, STM32MP213DAL3, STM32MP213DAM3, STM32MP213DAN3, STM32MP213DAO3, STM32MP213FAL3, STM32MP213FAM3, STM32MP213FAN3, STM32MP213FAO3, STM32MP215AAL3, STM32MP215AAM3, STM32MP215AAN3, STM32MP215AAO3, STM32MP215CAL3, STM32MP215CAM3, STM32MP215CAN3, STM32MP215CAO3, STM32MP215DAL3, STM32MP215DAM3, STM32MP215DAN3, STM32MP215DAO3, STM32MP215F-DK, STM32MP215FAL3, STM32MP215FAM3, STM32MP215FAN3, STM32MP215FAO3, STM32MP231AAJ3, STM32MP231AAK3, STM32MP231AAL3, STM32MP231CAJ3, STM32MP231CAK3, STM32MP231CAL3, STM32MP231DAJ3, STM32MP231DAK3, STM32MP231DAL3, STM32MP231FAJ3, STM32MP231FAK3, STM32MP231FAL3, STM32MP233AAJ3, STM32MP233AAK3, STM32MP233AAL3, STM32MP233CAJ3, STM32MP233CAK3, STM32MP233CAL3, STM32MP233DAJ3, STM32MP233DAK3, STM32MP233DAL3, STM32MP233FAJ3, STM32MP233FAK3, STM32MP233FAL3, STM32MP235AAJ3, STM32MP235AAK3, STM32MP235AAL3, STM32MP235CAJ3, STM32MP235CAK3, STM32MP235CAL3, STM32MP235DAJ3, STM32MP235DAK3, STM32MP235DAL3, STM32MP235FAJ3, STM32MP235FAK3, STM32MP235FAL3, STM32MP251AAI3, STM32MP251AAK3, STM32MP251AAL3, STM32MP251CAI3, STM32MP251CAK3, STM32MP251CAL3, STM32MP251DAI3, STM32MP251DAK3, STM32MP251DAL3, STM32MP251FAI3, STM32MP251FAK3, STM32MP251FAL3, STM32MP253AAI3, STM32MP253AAK3, STM32MP253AAL3, STM32MP253CAI3, STM32MP253CAK3, STM32MP253CAL3, STM32MP253DAI3, STM32MP253DAK3, STM32MP253DAL3, STM32MP253FAI3, STM32MP253FAK3, STM32MP253FAL3, STM32MP255AAI3, STM32MP255AAK3, STM32MP255AAL3, STM32MP255CAI3, STM32MP255CAK3, STM32MP255CAL3, STM32MP255DAI3, STM32MP255DAK3, STM32MP255DAL3, STM32MP255FAI3, STM32MP255FAK3, STM32MP255FAL3, STM32MP257AAI3, STM32MP257AAK3, STM32MP257AAL3, STM32MP257CAI3, STM32MP257CAK3, STM32MP257CAL3, STM32MP257DAI3, STM32MP257DAK3, STM32MP257DAL3, STM32MP257F-DK, STM32MP257F-EV1, STM32MP257FAI3, STM32MP257FAK3, STM32MP257FAL3, STM32N645A0H3Q, STM32N645B0H3Q, STM32N645I0H3Q, STM32N645L0H3Q, STM32N645X0H3Q, STM32N645Z0H3Q, STM32N647A0H3Q, STM32N647B0H3Q, STM32N647I0H3Q, STM32N647L0H3Q, STM32N647X0H3Q, STM32N647Z0H3Q, STM32N655A0H3Q, STM32N655B0H3Q, STM32N655I0H3Q, STM32N655L0H3Q, STM32N655X0H3Q, STM32N655Z0H3Q, STM32N6570-DK, STM32N657A0H3Q, STM32N657B0H3Q, STM32N657I0H3Q, STM32N657L0H3Q, STM32N657X0H3Q, STM32N657Z0H3Q, STM32U031C6T6, STM32U031C6U6, STM32U031C8T6, STM32U031C8U6, STM32U031F4P6, STM32U031F6P6, STM32U031F8P6, STM32U031G6Y6TR, STM32U031G8Y6TR, STM32U031K4U6, STM32U031K6U6, STM32U031K8U6, STM32U031R6I6, STM32U031R6T6, STM32U031R8I6, STM32U031R8T6, STM32U073C8T6, STM32U073C8U6, STM32U073CBT6, STM32U073CBU6, STM32U073CCT6, STM32U073CCU6, STM32U073H8Y6TR, STM32U073HBY6TR, STM32U073HCY6TR, STM32U073K8U6, STM32U073KBU6, STM32U073KCU6, STM32U073M8I6, STM32U073M8T6, STM32U073MBI6, STM32U073MBT6, STM32U073MCI6, STM32U073MCT6, STM32U073R8I6, STM32U073R8T6, STM32U073RBI6, STM32U073RBT6, STM32U073RCI6, STM32U073RCT6, STM32U083C-DK, STM32U083CCT6, STM32U083CCU6, STM32U083HCY6TR, STM32U083KCU6, STM32U083MCI6, STM32U083MCT6, STM32U083RCI6, STM32U083RCT6, STM32U375CET6, STM32U375CET6Q, STM32U375CEU6, STM32U375CEU6Q, STM32U375CEY6QTR, STM32U375CGT6, STM32U375CGT6Q, STM32U375CGU6, STM32U375CGU6Q, STM32U375CGY6QTR, STM32U375KEU6, STM32U375KGU6, STM32U375REI6, STM32U375REI6Q, STM32U375RET6, STM32U375RET6Q, STM32U375REY6GTR, STM32U375REY6QTR, STM32U375RGI6, STM32U375RGI6Q, STM32U375RGT6, STM32U375RGT6Q, STM32U375RGY6GTR, STM32U375RGY6QTR, STM32U375VEI6, STM32U375VEI6Q, STM32U375VET6, STM32U375VET6Q, STM32U375VGI6, STM32U375VGI6Q, STM32U375VGT6, STM32U375VGT6Q, STM32U385CGT6, STM32U385CGT6Q, STM32U385CGU6, STM32U385CGU6Q, STM32U385CGY6QTR, STM32U385KGU6, STM32U385RGI6, STM32U385RGI6Q, STM32U385RGT6, STM32U385RGT6Q, STM32U385RGY6GTR, STM32U385RGY6QTR, STM32U385VGI6, STM32U385VGI6Q, STM32U385VGT6, STM32U385VGT6Q, STM32U535CBT6, STM32U535CBT6Q, STM32U535CBU6, STM32U535CBU6Q, STM32U535CCT6, STM32U535CCT6Q, STM32U535CCU6, STM32U535CCU6Q, STM32U535CET6, STM32U535CET6Q, STM32U535CEU6, STM32U535CEU6Q, STM32U535JEY6QTR, STM32U535NCY6QTR, STM32U535NEY6QTR, STM32U535RBI6, STM32U535RBI6Q, STM32U535RBT6, STM32U535RBT6Q, STM32U535RCI6, STM32U535RCI6Q, STM32U535RCT6, STM32U535RCT6Q, STM32U535REI6, STM32U535REI6Q, STM32U535RET6, STM32U535RET6Q, STM32U535VCI6, STM32U535VCI6Q, STM32U535VCT6, STM32U535VCT6Q, STM32U535VEI6, STM32U535VEI6Q, STM32U535VET6, STM32U535VET6Q, STM32U545CET6, STM32U545CET6Q, STM32U545CEU6, STM32U545CEU6Q, STM32U545JEY6QTR, STM32U545NEY6QTR, STM32U545REI6, STM32U545REI6Q, STM32U545RET6, STM32U545RET6Q, STM32U545VEI6, STM32U545VEI6Q, STM32U545VET6, STM32U545VET6Q, STM32U595AIH6, STM32U595AIH6Q, STM32U595AJH6, STM32U595AJH6Q, STM32U595QII6, STM32U595QII6Q, STM32U595QJI6, STM32U595QJI6Q, STM32U595RIT6, STM32U595RIT6Q, STM32U595RJT6, STM32U595RJT6Q, STM32U595VIT6, STM32U595VIT6Q, STM32U595VJT6, STM32U595VJT6Q, STM32U595ZIT6, STM32U595ZIT6Q, STM32U595ZIY6QTR, STM32U595ZJT6, STM32U595ZJT6Q, STM32U595ZJY6QTR, STM32U599BJY6QTR, STM32U599NIH6Q, STM32U599NJH6Q, STM32U599VIT6Q, STM32U599VJT6, STM32U599VJT6Q, STM32U599ZIT6Q, STM32U599ZIY6QTR, STM32U599ZJT6Q, STM32U599ZJY6QTR, STM32U5A5AJH6, STM32U5A5AJH6Q, STM32U5A5QII3Q , STM32U5A5QJI6, STM32U5A5QJI6Q, STM32U5A5RJT6, STM32U5A5RJT6Q, STM32U5A5VJT6, STM32U5A5VJT6Q, STM32U5A5ZJT6, STM32U5A5ZJT6Q, STM32U5A5ZJY6QTR, STM32U5A9BJY6QTR, STM32U5A9J-DK, STM32U5A9NJH6Q, STM32U5A9VJT6Q, STM32U5A9ZJT6Q, STM32U5A9ZJY6QTR, STM32U5F7VIT6, STM32U5F7VIT6Q, STM32U5F7VJT6, STM32U5F7VJT6Q, STM32U5F9BJY6QTR, STM32U5F9NJH6Q, STM32U5F9VIT6Q, STM32U5F9VJT6Q, STM32U5F9ZIJ6QTR, STM32U5F9ZIT6Q, STM32U5F9ZJJ6QTR, STM32U5F9ZJT6Q, STM32U5G7VJT6, STM32U5G7VJT6Q, STM32U5G9BJY6QTR, STM32U5G9J-DK1, STM32U5G9J-DK2, STM32U5G9NJH6Q, STM32U5G9VJT6Q, STM32U5G9ZJJ6QTR, STM32U5G9ZJT6Q, STM32WB05KZV6TR, STM32WB05KZV7TR, STM32WB05TZF6TR, STM32WB05TZF7TR, STM32WB06CCF6TR, STM32WB06CCF7TR, STM32WB06CCV6TR, STM32WB06CCV7TR, STM32WB06KCV6TR, STM32WB06KCV7TR, STM32WB07CCF6TR, STM32WB07CCF7TR, STM32WB07CCV6TR, STM32WB07CCV7TR, STM32WB07KCV6TR, STM32WB07KCV7TR, STM32WB09KEV6TR, STM32WB09KEV7TR, STM32WB09TEF6TR, STM32WB09TEF7TR, STM32WB1MMCH6, STM32WBA50KGU6, STM32WBA50KGU6TR, STM32WBA52CEU6, STM32WBA52CEU6TR, STM32WBA52CEU7, STM32WBA52CEU7TR, STM32WBA52CGU6, STM32WBA52CGU6TR, STM32WBA52CGU6U, STM32WBA52CGU7, STM32WBA52CGU7TR, STM32WBA52KEU6, STM32WBA52KEU6TR, STM32WBA52KGU6, STM32WBA52KGU6TR, STM32WBA54CEU6, STM32WBA54CEU6TR, STM32WBA54CEU7, STM32WBA54CEU7TR, STM32WBA54CGU6, STM32WBA54CGU6TR, STM32WBA54CGU7, STM32WBA54CGU7TR, STM32WBA54KEU6, STM32WBA54KEU6TR, STM32WBA54KEU7, STM32WBA54KEU7TR, STM32WBA54KGU6, STM32WBA54KGU6TR, STM32WBA54KGU7, STM32WBA54KGU7TR, STM32WBA55CEU6, STM32WBA55CEU6TR, STM32WBA55CEU7, STM32WBA55CEU7TR, STM32WBA55CGU6, STM32WBA55CGU6TR, STM32WBA55CGU6U, STM32WBA55CGU7, STM32WBA55CGU7TR, STM32WBA55G-DK1, STM32WBA55HEF6, STM32WBA55HEF7, STM32WBA55HGF6, STM32WBA55HGF7, STM32WBA55UEI6, STM32WBA55UEI6TR, STM32WBA55UEI7, STM32WBA55UEI7TR, STM32WBA55UGI6, STM32WBA55UGI6TR, STM32WBA55UGI7, STM32WBA55UGI7TR, STM32WBA5MMGH6TR, STM32WBA62MGF6, STM32WBA62MIF6, STM32WBA65MGF7, STM32WBA65MIF6, STM32WBA65MIF7, STM32WL30K8V6, STM32WL30KBV6, STM32WL31C8V6, STM32WL31CBV6, STM32WL31K8V6, STM32WL31KBV6, STM32WL33C8V6, STM32WL33C8V6X, STM32WL33CBV6, STM32WL33CBV6X, STM32WL33CCV6, STM32WL33CCV6A, STM32WL33CCV6X, STM32WL33K8V7, STM32WL33K8V7X, STM32WL33KBV7 , STM32WL33KBV7X, STM32WL33KCV7, STM32WL33KCV7X, STM32WL5MOCH6, STM32WL5MOCH6TR]
2025-10-25 20:32:41,478 [INFO] DbMcus:218 - Found 4801 MCUs, 4801 are supported
2025-10-25 20:32:41,479 [INFO] ApiDb:423 - Load user favorites file C:\Users\s2rajago/.stm32cubeide/favorites.mcus.txt: 0 item(s)
2025-10-25 20:32:41,480 [INFO] ApiDb:427 - User favorites MCUs=[]
2025-10-25 20:32:41,480 [INFO] DbMcus:224 - Set 0 / 0 favorites MCUs
2025-10-25 20:32:41,957 [INFO] ApiDb:448 - Save user favorites file C:\Users\s2rajago/.stm32cubeide/favorites.boards.txt: 0 item(s)
2025-10-25 20:32:41,959 [INFO] ApiDb:452 - User favorites Boards=[]
2025-10-25 20:32:41,961 [INFO] ApiDb:581 - Connected to CubeFinder SQLite database (C:\Users\s2rajago\.stmcufinder\plugins\mcufinder\mcu\cube-finder-db.db)
2025-10-25 20:32:42,043 [INFO] ApiDb:668 - CubeFinder database Data Model version=2.1
2025-10-25 20:32:42,044 [INFO] ApiDb:669 - CubeFinder database Configuration version=3.0.39
2025-10-25 20:32:42,045 [INFO] ApiDb:670 - CubeFinder database generation date=2025-08-25 (1756130511)
2025-10-25 20:32:42,045 [INFO] ApiDb:671 - CubeFinder database FW Pack versions=[FP-ATR-ASTRA1_V2.0.0, FP-SNS-FLIGHT1_V5.1.0, FP-SNS-MOTENV1_V5.0.0, FP-SNS-MOTENVWB1_V1.4.0, FP-SNS-SMARTAG2_V1.2.0, FP-SNS-STBOX1_V2.1.0, STM32Cube_FW_C0_V1.4.0, STM32Cube_FW_F4_V1.28.3, STM32Cube_FW_F7_V1.17.4, STM32Cube_FW_G0_V1.6.2, STM32Cube_FW_G4_V1.6.1, STM32Cube_FW_H5_V1.5.0, STM32Cube_FW_H7RS_V1.2.0, STM32Cube_FW_H7_V1.12.1, STM32Cube_FW_L0_V1.12.2, STM32Cube_FW_L4_V1.18.1, STM32Cube_FW_L5_V1.5.1, STM32Cube_FW_N6_V1.2.0, STM32Cube_FW_U0_V1.3.0, STM32Cube_FW_U3_V1.2.0, STM32Cube_FW_U5_V1.8.0, STM32Cube_FW_WB0_V1.3.0, STM32Cube_FW_WBA_V1.7.0, STM32Cube_FW_WB_V1.23.0, STM32Cube_FW_WL3_V1.2.0, STM32Cube_FW_WL_V1.3.1, X-CUBE-ALGOBUILD_V1.4.0, X-CUBE-ALS_V1.0.2, X-CUBE-AZRTOS-F4_V1.1.0, X-CUBE-AZRTOS-F7_V1.1.0, X-CUBE-AZRTOS-G0_V1.1.0, X-CUBE-AZRTOS-G4_V2.0.0, X-CUBE-AZRTOS-H7RS_V1.1.0, X-CUBE-AZRTOS-H7_V3.4.0, X-CUBE-AZRTOS-L4_V2.0.0, X-CUBE-AZRTOS-L5_V2.0.0, X-CUBE-AZRTOS-WB_V2.0.0, X-CUBE-AZRTOS-WL_V2.0.0, X-CUBE-BLE1_V7.1.0, X-CUBE-BLE2_V3.3.0, X-CUBE-BLEMGR_V4.1.0, X-CUBE-EEPRMA1_V5.2.0, X-CUBE-FREERTOS_V1.3.1, X-CUBE-GNSS1_V6.0.0, X-CUBE-MEMS1_V11.3.0, X-CUBE-NFC4_V3.0.0, X-CUBE-NFC7_V2.0.0, X-CUBE-SFXS2LP1_V4.0.0, X-CUBE-ST67W61_V1.0.0, X-CUBE-SUBG2_V5.0.0, X-CUBE-TOF1_V3.4.3]
2025-10-25 20:32:42,101 [INFO] DbBoardsSqlite:226 - include board P-NUCLEO-WB55-NUCLEO as a kit item of type 'Nucleo-64'
2025-10-25 20:32:42,102 [INFO] DbBoardsSqlite:226 - include board P-NUCLEO-WB55-USBDONGLE as a kit item of type 'Nucleo USB Dongle'
2025-10-25 20:32:42,103 [INFO] DbBoardsSqlite:226 - include board STEVAL-IDP005V1 as a kit item of type 'Evaluation Board'
2025-10-25 20:32:42,104 [INFO] DbBoardsSqlite:226 - include board STEVAL-IDP005V2 as a kit item of type 'Evaluation Board'
2025-10-25 20:32:42,183 [INFO] ApiDb:240 - Found 880 in-development CPN: [B-G473E-ZEST1S, B-WB1M-WPAN1, B-WBA5M-WPAN, B-WL5M-SUBG1, NUCLEO-C031C6, NUCLEO-C051C8, NUCLEO-C071RB, NUCLEO-C092RC, NUCLEO-H503RB, NUCLEO-H533RE, NUCLEO-H563ZI, NUCLEO-H7S3L8, NUCLEO-N657X0-Q, NUCLEO-U031R8, NUCLEO-U083RC, NUCLEO-U385RG-Q, NUCLEO-U545RE-Q, NUCLEO-U5A5ZJ-Q, NUCLEO-WB05KZ, NUCLEO-WB07CC, NUCLEO-WB09KE, NUCLEO-WBA52CG, NUCLEO-WBA55CG, NUCLEO-WL33CC1, NUCLEO-WL33CC2, STEVAL-PROTEUS1, STEVAL-SMARTAG2, STEVAL-STWINBX1, STM320518-EVAL, STM32C0116-DK, STM32C011D6Y3TR, STM32C011D6Y6TR, STM32C011F4P3, STM32C011F4P6, STM32C011F4U3, STM32C011F4U6TR, STM32C011F6P3, STM32C011F6P6, STM32C011F6U3, STM32C011F6U6TR, STM32C011J4M3, STM32C011J4M6, STM32C011J6M3, STM32C011J6M6, STM32C0316-DK, STM32C031C4T3, STM32C031C4T6, STM32C031C4U3, STM32C031C4U6, STM32C031C6T3, STM32C031C6T6, STM32C031C6U3, STM32C031C6U6, STM32C031F4P3, STM32C031F4P6, STM32C031F6P3, STM32C031F6P6, STM32C031G4U3, STM32C031G4U6, STM32C031G6U3, STM32C031G6U6, STM32C031K4T3, STM32C031K4T6, STM32C031K4U3, STM32C031K4U6, STM32C031K6T3, STM32C031K6T6, STM32C031K6U3, STM32C031K6U6, STM32C051C6T6, STM32C051C6U6, STM32C051C8T6, STM32C051C8U6, STM32C051D8Y6TR, STM32C051F6P6, STM32C051F8P6, STM32C051G6U6, STM32C051G8U6, STM32C051K6T6, STM32C051K6U6, STM32C051K8T6, STM32C071C8T6, STM32C071C8T6N, STM32C071C8U6, STM32C071C8U6N, STM32C071CBT6, STM32C071CBT6N, STM32C071CBU6, STM32C071CBU6N, STM32C071F8P6, STM32C071F8P6N, STM32C071FBP6, STM32C071FBP6N, STM32C071FBY6TR, STM32C071G8U6, STM32C071G8U6N, STM32C071GBU6, STM32C071GBU6N, STM32C071K8T6, STM32C071K8T6N, STM32C071K8U6, STM32C071K8U6N, STM32C071KBT6, STM32C071KBT6N, STM32C071KBU6, STM32C071KBU6N, STM32C071R8T6, STM32C071R8T6N, STM32C071RBI6N, STM32C071RBT6, STM32C071RBT6N, STM32C091CBT6, STM32C091CBU6, STM32C091CCT6, STM32C091CCU6, STM32C091ECY6TR, STM32C091FBP6, STM32C091FCP6, STM32C091GBU6, STM32C091GCU6, STM32C091KBT6, STM32C091KBU6, STM32C091KCT6, STM32C091KCU6, STM32C091RBT6, STM32C091RCI6, STM32C091RCT6, STM32C092CBT6, STM32C092CBU6, STM32C092CCT6, STM32C092CCU6, STM32C092ECY6TR, STM32C092FBP6, STM32C092FCP6, STM32C092GBU6, STM32C092GCU6, STM32C092KBT6, STM32C092KBU6, STM32C092KCT6, STM32C092KCU6, STM32C092RBT6, STM32C092RCI6, STM32C092RCT6, STM32G071K8TXN, STM32G071K8UXN, STM32G081GBU6N, STM32G081KBT6N, STM32G081KBUXN, STM32G0B1CCT6N, STM32G0B1KCT6, STM32G0B1NEY6TR, STM32G0B1RCT6N, STM32G0C1CCT6, STM32G0C1CCT6N, STM32G0C1CCU6N, STM32G0C1CET6N, STM32G0C1CEU6N, STM32G0C1KCT6, STM32G0C1NEY6TR, STM32G0C1RCI6N, STM32G0C1RCT6N, STM32G0C1REI6N, STM32G0C1RET6N, STM32G0C1VCI6, STM32G0C1VEI6, STM32G411C6T3, STM32G411C6T6, STM32G411C6U3, STM32G411C6U6, STM32G411C8T3, STM32G411C8T6, STM32G411C8U3, STM32G411C8U6, STM32G411CBT3, STM32G411CBT6, STM32G411CBU3, STM32G411CBU6, STM32G411K6T3, STM32G411K6T6, STM32G411K6U3, STM32G411K6U6, STM32G411K8T3, STM32G411K8T6, STM32G411K8U3, STM32G411K8U6, STM32G411KBT3, STM32G411KBT6, STM32G411KBU3, STM32G411KBU6, STM32G411M6T3, STM32G411M6T6, STM32G411M8T3, STM32G411M8T6, STM32G411MBT3, STM32G411MBT6, STM32G411R6T3, STM32G411R6T6, STM32G411R8T3, STM32G411R8T6, STM32G411RBT3, STM32G411RBT6, STM32G414CBT3, STM32G414CBT6, STM32G414CBU3, STM32G414CBU6, STM32G414CCT3, STM32G414CCT6, STM32G414CCU3, STM32G414CCU6, STM32G414MBT3, STM32G414MBT6, STM32G414MCT3, STM32G414MCT6, STM32G414RBT3, STM32G414RBT6, STM32G414RCT3, STM32G414RCT6, STM32G414VBT3, STM32G414VBT6, STM32G414VCT3, STM32G414VCT6, STM32G431CBT3Z, STM32G431RBT3Z, STM32G471CCT6, STM32G471CCU6, STM32G471CET3, STM32G471CET6, STM32G471CEU3, STM32G471CEU6, STM32G471MCT6, STM32G471MET3, STM32G471MET6, STM32G471MEY6TR, STM32G471QCT6, STM32G471QET3, STM32G471RCT6, STM32G471RET3, STM32G471RET6, STM32G471VCH6, STM32G471VCI6, STM32G471VCT6, STM32G471VEH3, STM32G471VEH6, STM32G471VEI3, STM32G471VEI6, STM32G471VET3, STM32G471VET6, STM32G473QET3Z, STM32G473RET3Z, STM32G474CCT6, STM32G491RET3Z, STM32H503CBT6, STM32H503CBU6, STM32H503EBY6TR, STM32H503KBU6, STM32H503RBT6, STM32H523CCT6, STM32H523CCU6, STM32H523CET6, STM32H523CEU6, STM32H523HEY6TR, STM32H523RCT6, STM32H523RET6, STM32H523VCI6, STM32H523VCT6, STM32H523VEI6, STM32H523VET6, STM32H523ZCJ6, STM32H523ZCT6, STM32H523ZEJ6, STM32H523ZET6, STM32H533CET6, STM32H533CEU6, STM32H533HEY6TR, STM32H533RET6, STM32H533VEI6, STM32H533VET6, STM32H533ZEJ6, STM32H533ZET6, STM32H562AGI6, STM32H562AII6, STM32H562IGK6, STM32H562IGT6, STM32H562IIK6, STM32H562IIT6, STM32H562RGT6, STM32H562RGV6, STM32H562RIT6, STM32H562RIV6, STM32H562VGT6, STM32H562VIT6, STM32H562ZGT6, STM32H562ZIT6, STM32H563AGI6, STM32H563AII3Q, STM32H563AII6, STM32H563IGK6, STM32H563IGT6, STM32H563IIK3Q, STM32H563IIK6, STM32H563IIT3Q, STM32H563IIT6, STM32H563MIY3QTR, STM32H563RGT6, STM32H563RGV6, STM32H563RIT6, STM32H563RIV6, STM32H563VGT6, STM32H563VIT3Q, STM32H563VIT6, STM32H563ZGT6, STM32H563ZIT3Q, STM32H563ZIT6, STM32H573AII3Q, STM32H573AII6, STM32H573I-DK, STM32H573IIK3Q, STM32H573IIK6, STM32H573IIT3Q, STM32H573IIT6, STM32H573MIY3QTR, STM32H573RIT6, STM32H573RIV6, STM32H573VIT3Q, STM32H573VIT6, STM32H573ZIT3Q, STM32H573ZIT6, STM32H7R3A8I6, STM32H7R3I8K6, STM32H7R3I8T6, STM32H7R3L8H6, STM32H7R3L8H6H, STM32H7R3R8V6, STM32H7R3V8H6, STM32H7R3V8T6, STM32H7R3V8Y6TR, STM32H7R3Z8J6, STM32H7R3Z8T6, STM32H7R7A8I6, STM32H7R7I8K6, STM32H7R7I8T6, STM32H7R7L8H6, STM32H7R7L8H6H, STM32H7R7Z8J6, STM32H7S3A8I6, STM32H7S3I8K6, STM32H7S3I8T6, STM32H7S3L8H6, STM32H7S3L8H6H, STM32H7S3R8V6, STM32H7S3V8H6, STM32H7S3V8T6, STM32H7S3V8Y6TR, STM32H7S3Z8J6, STM32H7S3Z8T6, STM32H7S78-DK, STM32H7S7A8I6, STM32H7S7I8K6, STM32H7S7I8T6, STM32H7S7L8H6, STM32H7S7L8H6H, STM32H7S7Z8J6, STM32L4R5QGI6STR, STM32MP131AAE3, STM32MP131AAF3, STM32MP131AAG3, STM32MP131CAE3, STM32MP131CAF3, STM32MP131CAG3, STM32MP131DAE7, STM32MP131DAF7, STM32MP131DAG7, STM32MP131FAE7, STM32MP131FAF7, STM32MP131FAG7, STM32MP133AAE3, STM32MP133AAF3, STM32MP133AAG3, STM32MP133CAE3, STM32MP133CAF3, STM32MP133CAG3, STM32MP133DAE7, STM32MP133DAF7, STM32MP133DAG7, STM32MP133FAE7, STM32MP133FAF7, STM32MP133FAG7, STM32MP135AAE3, STM32MP135AAF3, STM32MP135AAG3, STM32MP135CAE3, STM32MP135CAF3, STM32MP135CAG3, STM32MP135DAE7, STM32MP135DAF7, STM32MP135DAG7, STM32MP135F-DK, STM32MP135FAE7, STM32MP135FAF7, STM32MP135FAF7T, STM32MP135FAF7U, STM32MP135FAG7, STM32MP211AAL3, STM32MP211AAM3, STM32MP211AAN3, STM32MP211AAO3, STM32MP211CAL3, STM32MP211CAM3, STM32MP211CAN3, STM32MP211CAO3, STM32MP211DAL3, STM32MP211DAM3, STM32MP211DAN3, STM32MP211DAO3, STM32MP211FAL3, STM32MP211FAM3, STM32MP211FAN3, STM32MP211FAO3, STM32MP213AAL3, STM32MP213AAM3, STM32MP213AAN3, STM32MP213AAO3, STM32MP213CAL3, STM32MP213CAM3, STM32MP213CAN3, STM32MP213CAO3, STM32MP213DAL3, STM32MP213DAM3, STM32MP213DAN3, STM32MP213DAO3, STM32MP213FAL3, STM32MP213FAM3, STM32MP213FAN3, STM32MP213FAO3, STM32MP215AAL3, STM32MP215AAM3, STM32MP215AAN3, STM32MP215AAO3, STM32MP215CAL3, STM32MP215CAM3, STM32MP215CAN3, STM32MP215CAO3, STM32MP215DAL3, STM32MP215DAM3, STM32MP215DAN3, STM32MP215DAO3, STM32MP215F-DK, STM32MP215FAL3, STM32MP215FAM3, STM32MP215FAN3, STM32MP215FAO3, STM32MP231AAJ3, STM32MP231AAK3, STM32MP231AAL3, STM32MP231CAJ3, STM32MP231CAK3, STM32MP231CAL3, STM32MP231DAJ3, STM32MP231DAK3, STM32MP231DAL3, STM32MP231FAJ3, STM32MP231FAK3, STM32MP231FAL3, STM32MP233AAJ3, STM32MP233AAK3, STM32MP233AAL3, STM32MP233CAJ3, STM32MP233CAK3, STM32MP233CAL3, STM32MP233DAJ3, STM32MP233DAK3, STM32MP233DAL3, STM32MP233FAJ3, STM32MP233FAK3, STM32MP233FAL3, STM32MP235AAJ3, STM32MP235AAK3, STM32MP235AAL3, STM32MP235CAJ3, STM32MP235CAK3, STM32MP235CAL3, STM32MP235DAJ3, STM32MP235DAK3, STM32MP235DAL3, STM32MP235FAJ3, STM32MP235FAK3, STM32MP235FAL3, STM32MP251AAI3, STM32MP251AAK3, STM32MP251AAL3, STM32MP251CAI3, STM32MP251CAK3, STM32MP251CAL3, STM32MP251DAI3, STM32MP251DAK3, STM32MP251DAL3, STM32MP251FAI3, STM32MP251FAK3, STM32MP251FAL3, STM32MP253AAI3, STM32MP253AAK3, STM32MP253AAL3, STM32MP253CAI3, STM32MP253CAK3, STM32MP253CAL3, STM32MP253DAI3, STM32MP253DAK3, STM32MP253DAL3, STM32MP253FAI3, STM32MP253FAK3, STM32MP253FAL3, STM32MP255AAI3, STM32MP255AAK3, STM32MP255AAL3, STM32MP255CAI3, STM32MP255CAK3, STM32MP255CAL3, STM32MP255DAI3, STM32MP255DAK3, STM32MP255DAL3, STM32MP255FAI3, STM32MP255FAK3, STM32MP255FAL3, STM32MP257AAI3, STM32MP257AAK3, STM32MP257AAL3, STM32MP257CAI3, STM32MP257CAK3, STM32MP257CAL3, STM32MP257DAI3, STM32MP257DAK3, STM32MP257DAL3, STM32MP257F-DK, STM32MP257F-EV1, STM32MP257FAI3, STM32MP257FAK3, STM32MP257FAL3, STM32N645A0H3Q, STM32N645B0H3Q, STM32N645I0H3Q, STM32N645L0H3Q, STM32N645X0H3Q, STM32N645Z0H3Q, STM32N647A0H3Q, STM32N647B0H3Q, STM32N647I0H3Q, STM32N647L0H3Q, STM32N647X0H3Q, STM32N647Z0H3Q, STM32N655A0H3Q, STM32N655B0H3Q, STM32N655I0H3Q, STM32N655L0H3Q, STM32N655X0H3Q, STM32N655Z0H3Q, STM32N6570-DK, STM32N657A0H3Q, STM32N657B0H3Q, STM32N657I0H3Q, STM32N657L0H3Q, STM32N657X0H3Q, STM32N657Z0H3Q, STM32U031C6T6, STM32U031C6U6, STM32U031C8T6, STM32U031C8U6, STM32U031F4P6, STM32U031F6P6, STM32U031F8P6, STM32U031G6Y6TR, STM32U031G8Y6TR, STM32U031K4U6, STM32U031K6U6, STM32U031K8U6, STM32U031R6I6, STM32U031R6T6, STM32U031R8I6, STM32U031R8T6, STM32U073C8T6, STM32U073C8U6, STM32U073CBT6, STM32U073CBU6, STM32U073CCT6, STM32U073CCU6, STM32U073H8Y6TR, STM32U073HBY6TR, STM32U073HCY6TR, STM32U073K8U6, STM32U073KBU6, STM32U073KCU6, STM32U073M8I6, STM32U073M8T6, STM32U073MBI6, STM32U073MBT6, STM32U073MCI6, STM32U073MCT6, STM32U073R8I6, STM32U073R8T6, STM32U073RBI6, STM32U073RBT6, STM32U073RCI6, STM32U073RCT6, STM32U083C-DK, STM32U083CCT6, STM32U083CCU6, STM32U083HCY6TR, STM32U083KCU6, STM32U083MCI6, STM32U083MCT6, STM32U083RCI6, STM32U083RCT6, STM32U375CET6, STM32U375CET6Q, STM32U375CEU6, STM32U375CEU6Q, STM32U375CEY6QTR, STM32U375CGT6, STM32U375CGT6Q, STM32U375CGU6, STM32U375CGU6Q, STM32U375CGY6QTR, STM32U375KEU6, STM32U375KGU6, STM32U375REI6, STM32U375REI6Q, STM32U375RET6, STM32U375RET6Q, STM32U375REY6GTR, STM32U375REY6QTR, STM32U375RGI6, STM32U375RGI6Q, STM32U375RGT6, STM32U375RGT6Q, STM32U375RGY6GTR, STM32U375RGY6QTR, STM32U375VEI6, STM32U375VEI6Q, STM32U375VET6, STM32U375VET6Q, STM32U375VGI6, STM32U375VGI6Q, STM32U375VGT6, STM32U375VGT6Q, STM32U385CGT6, STM32U385CGT6Q, STM32U385CGU6, STM32U385CGU6Q, STM32U385CGY6QTR, STM32U385KGU6, STM32U385RGI6, STM32U385RGI6Q, STM32U385RGT6, STM32U385RGT6Q, STM32U385RGY6GTR, STM32U385RGY6QTR, STM32U385VGI6, STM32U385VGI6Q, STM32U385VGT6, STM32U385VGT6Q, STM32U535CBT6, STM32U535CBT6Q, STM32U535CBU6, STM32U535CBU6Q, STM32U535CCT6, STM32U535CCT6Q, STM32U535CCU6, STM32U535CCU6Q, STM32U535CET6, STM32U535CET6Q, STM32U535CEU6, STM32U535CEU6Q, STM32U535JEY6QTR, STM32U535NCY6QTR, STM32U535NEY6QTR, STM32U535RBI6, STM32U535RBI6Q, STM32U535RBT6, STM32U535RBT6Q, STM32U535RCI6, STM32U535RCI6Q, STM32U535RCT6, STM32U535RCT6Q, STM32U535REI6, STM32U535REI6Q, STM32U535RET6, STM32U535RET6Q, STM32U535VCI6, STM32U535VCI6Q, STM32U535VCT6, STM32U535VCT6Q, STM32U535VEI6, STM32U535VEI6Q, STM32U535VET6, STM32U535VET6Q, STM32U545CET6, STM32U545CET6Q, STM32U545CEU6, STM32U545CEU6Q, STM32U545JEY6QTR, STM32U545NEY6QTR, STM32U545REI6, STM32U545REI6Q, STM32U545RET6, STM32U545RET6Q, STM32U545VEI6, STM32U545VEI6Q, STM32U545VET6, STM32U545VET6Q, STM32U595AIH6, STM32U595AIH6Q, STM32U595AJH6, STM32U595AJH6Q, STM32U595QII6, STM32U595QII6Q, STM32U595QJI6, STM32U595QJI6Q, STM32U595RIT6, STM32U595RIT6Q, STM32U595RJT6, STM32U595RJT6Q, STM32U595VIT6, STM32U595VIT6Q, STM32U595VJT6, STM32U595VJT6Q, STM32U595ZIT6, STM32U595ZIT6Q, STM32U595ZIY6QTR, STM32U595ZJT6, STM32U595ZJT6Q, STM32U595ZJY6QTR, STM32U599BJY6QTR, STM32U599NIH6Q, STM32U599NJH6Q, STM32U599VIT6Q, STM32U599VJT6, STM32U599VJT6Q, STM32U599ZIT6Q, STM32U599ZIY6QTR, STM32U599ZJT6Q, STM32U599ZJY6QTR, STM32U5A5AJH6, STM32U5A5AJH6Q, STM32U5A5QII3Q , STM32U5A5QJI6, STM32U5A5QJI6Q, STM32U5A5RJT6, STM32U5A5RJT6Q, STM32U5A5VJT6, STM32U5A5VJT6Q, STM32U5A5ZJT6, STM32U5A5ZJT6Q, STM32U5A5ZJY6QTR, STM32U5A9BJY6QTR, STM32U5A9J-DK, STM32U5A9NJH6Q, STM32U5A9VJT6Q, STM32U5A9ZJT6Q, STM32U5A9ZJY6QTR, STM32U5F7VIT6, STM32U5F7VIT6Q, STM32U5F7VJT6, STM32U5F7VJT6Q, STM32U5F9BJY6QTR, STM32U5F9NJH6Q, STM32U5F9VIT6Q, STM32U5F9VJT6Q, STM32U5F9ZIJ6QTR, STM32U5F9ZIT6Q, STM32U5F9ZJJ6QTR, STM32U5F9ZJT6Q, STM32U5G7VJT6, STM32U5G7VJT6Q, STM32U5G9BJY6QTR, STM32U5G9J-DK1, STM32U5G9J-DK2, STM32U5G9NJH6Q, STM32U5G9VJT6Q, STM32U5G9ZJJ6QTR, STM32U5G9ZJT6Q, STM32WB05KZV6TR, STM32WB05KZV7TR, STM32WB05TZF6TR, STM32WB05TZF7TR, STM32WB06CCF6TR, STM32WB06CCF7TR, STM32WB06CCV6TR, STM32WB06CCV7TR, STM32WB06KCV6TR, STM32WB06KCV7TR, STM32WB07CCF6TR, STM32WB07CCF7TR, STM32WB07CCV6TR, STM32WB07CCV7TR, STM32WB07KCV6TR, STM32WB07KCV7TR, STM32WB09KEV6TR, STM32WB09KEV7TR, STM32WB09TEF6TR, STM32WB09TEF7TR, STM32WB1MMCH6, STM32WBA50KGU6, STM32WBA50KGU6TR, STM32WBA52CEU6, STM32WBA52CEU6TR, STM32WBA52CEU7, STM32WBA52CEU7TR, STM32WBA52CGU6, STM32WBA52CGU6TR, STM32WBA52CGU6U, STM32WBA52CGU7, STM32WBA52CGU7TR, STM32WBA52KEU6, STM32WBA52KEU6TR, STM32WBA52KGU6, STM32WBA52KGU6TR, STM32WBA54CEU6, STM32WBA54CEU6TR, STM32WBA54CEU7, STM32WBA54CEU7TR, STM32WBA54CGU6, STM32WBA54CGU6TR, STM32WBA54CGU7, STM32WBA54CGU7TR, STM32WBA54KEU6, STM32WBA54KEU6TR, STM32WBA54KEU7, STM32WBA54KEU7TR, STM32WBA54KGU6, STM32WBA54KGU6TR, STM32WBA54KGU7, STM32WBA54KGU7TR, STM32WBA55CEU6, STM32WBA55CEU6TR, STM32WBA55CEU7, STM32WBA55CEU7TR, STM32WBA55CGU6, STM32WBA55CGU6TR, STM32WBA55CGU6U, STM32WBA55CGU7, STM32WBA55CGU7TR, STM32WBA55G-DK1, STM32WBA55HEF6, STM32WBA55HEF7, STM32WBA55HGF6, STM32WBA55HGF7, STM32WBA55UEI6, STM32WBA55UEI6TR, STM32WBA55UEI7, STM32WBA55UEI7TR, STM32WBA55UGI6, STM32WBA55UGI6TR, STM32WBA55UGI7, STM32WBA55UGI7TR, STM32WBA5MMGH6TR, STM32WBA62MGF6, STM32WBA62MIF6, STM32WBA65MGF7, STM32WBA65MIF6, STM32WBA65MIF7, STM32WL30K8V6, STM32WL30KBV6, STM32WL31C8V6, STM32WL31CBV6, STM32WL31K8V6, STM32WL31KBV6, STM32WL33C8V6, STM32WL33C8V6X, STM32WL33CBV6, STM32WL33CBV6X, STM32WL33CCV6, STM32WL33CCV6A, STM32WL33CCV6X, STM32WL33K8V7, STM32WL33K8V7X, STM32WL33KBV7 , STM32WL33KBV7X, STM32WL33KCV7, STM32WL33KCV7X, STM32WL5MOCH6, STM32WL5MOCH6TR]
2025-10-25 20:32:42,486 [INFO] BoardInfo:889 - No configuration file found for board P-NUCLEO-WB55
2025-10-25 20:32:42,488 [INFO] DbBoards:161 - Kit is not supported: P-NUCLEO-WB55
2025-10-25 20:32:42,500 [INFO] BoardInfo:889 - No configuration file found for board STEVAL-BFA001V1B
2025-10-25 20:32:42,502 [INFO] DbBoards:161 - Kit is not supported: STEVAL-BFA001V1B
2025-10-25 20:32:42,504 [INFO] BoardInfo:889 - No configuration file found for board STEVAL-BFA001V2B
2025-10-25 20:32:42,507 [INFO] DbBoards:161 - Kit is not supported: STEVAL-BFA001V2B
2025-10-25 20:32:42,834 [INFO] DbBoards:168 - Found 212 boards, 209 are supported
2025-10-25 20:32:42,835 [INFO] DbBoards:169 - Found 212 boards, 43 of them is supported for  Bsp
2025-10-25 20:32:42,838 [INFO] ApiDb:423 - Load user favorites file C:\Users\s2rajago/.stm32cubeide/favorites.boards.txt: 0 item(s)
2025-10-25 20:32:42,839 [INFO] ApiDb:427 - User favorites Boards=[]
2025-10-25 20:32:42,840 [INFO] DbBoards:198 - Set 0 / 0 favorites Boards
2025-10-25 20:32:42,905 [INFO] ServerAccessManage:452 - Complete download http(s) 200
2025-10-25 20:32:42,906 [INFO] ServerAccessManage:509 - Download File 
2025-10-25 20:32:42,914 [INFO] LoadUrlFilesThread:185 - End of LoadServerUrlFiles without Thread
2025-10-25 20:32:42,916 [INFO] TargetSelectorAdapter:259 - Refresh data is successful
2025-10-25 20:32:42,920 [INFO] ApiDb:668 - CubeFinder database Data Model version=2.1
2025-10-25 20:32:42,920 [INFO] ApiDb:669 - CubeFinder database Configuration version=3.0.39
2025-10-25 20:32:42,921 [INFO] ApiDb:670 - CubeFinder database generation date=2025-08-25 (1756130511)
2025-10-25 20:32:42,922 [INFO] ApiDb:671 - CubeFinder database FW Pack versions=[FP-ATR-ASTRA1_V2.0.0, FP-SNS-FLIGHT1_V5.1.0, FP-SNS-MOTENV1_V5.0.0, FP-SNS-MOTENVWB1_V1.4.0, FP-SNS-SMARTAG2_V1.2.0, FP-SNS-STBOX1_V2.1.0, STM32Cube_FW_C0_V1.4.0, STM32Cube_FW_F4_V1.28.3, STM32Cube_FW_F7_V1.17.4, STM32Cube_FW_G0_V1.6.2, STM32Cube_FW_G4_V1.6.1, STM32Cube_FW_H5_V1.5.0, STM32Cube_FW_H7RS_V1.2.0, STM32Cube_FW_H7_V1.12.1, STM32Cube_FW_L0_V1.12.2, STM32Cube_FW_L4_V1.18.1, STM32Cube_FW_L5_V1.5.1, STM32Cube_FW_N6_V1.2.0, STM32Cube_FW_U0_V1.3.0, STM32Cube_FW_U3_V1.2.0, STM32Cube_FW_U5_V1.8.0, STM32Cube_FW_WB0_V1.3.0, STM32Cube_FW_WBA_V1.7.0, STM32Cube_FW_WB_V1.23.0, STM32Cube_FW_WL3_V1.2.0, STM32Cube_FW_WL_V1.3.1, X-CUBE-ALGOBUILD_V1.4.0, X-CUBE-ALS_V1.0.2, X-CUBE-AZRTOS-F4_V1.1.0, X-CUBE-AZRTOS-F7_V1.1.0, X-CUBE-AZRTOS-G0_V1.1.0, X-CUBE-AZRTOS-G4_V2.0.0, X-CUBE-AZRTOS-H7RS_V1.1.0, X-CUBE-AZRTOS-H7_V3.4.0, X-CUBE-AZRTOS-L4_V2.0.0, X-CUBE-AZRTOS-L5_V2.0.0, X-CUBE-AZRTOS-WB_V2.0.0, X-CUBE-AZRTOS-WL_V2.0.0, X-CUBE-BLE1_V7.1.0, X-CUBE-BLE2_V3.3.0, X-CUBE-BLEMGR_V4.1.0, X-CUBE-EEPRMA1_V5.2.0, X-CUBE-FREERTOS_V1.3.1, X-CUBE-GNSS1_V6.0.0, X-CUBE-MEMS1_V11.3.0, X-CUBE-NFC4_V3.0.0, X-CUBE-NFC7_V2.0.0, X-CUBE-SFXS2LP1_V4.0.0, X-CUBE-ST67W61_V1.0.0, X-CUBE-SUBG2_V5.0.0, X-CUBE-TOF1_V3.4.3]
2025-10-25 20:32:43,673 [ERROR] DbExamplesSqlite:437 - Missing JSON key: board_cpn
2025-10-25 20:32:43,676 [ERROR] DbExamplesSqlite:437 - Missing JSON key: board_cpn
2025-10-25 20:32:43,677 [ERROR] DbExamplesSqlite:437 - Missing JSON key: board_cpn
2025-10-25 20:32:43,678 [ERROR] DbExamplesSqlite:437 - Missing JSON key: board_cpn
2025-10-25 20:32:43,998 [ERROR] DbExamplesSqlite:437 - Missing JSON key: board_cpn
2025-10-25 20:32:43,999 [ERROR] DbExamplesSqlite:437 - Missing JSON key: board_cpn
2025-10-25 20:32:44,002 [INFO] DbExamplesSqlite:395 - Ignored 33 examples not supported by CubeIDE
2025-10-25 20:32:44,003 [INFO] DbExamplesSqlite:396 - Found 10871 examples active
2025-10-25 20:32:44,004 [INFO] DbExamplesSqlite:397 - Found 0 examples obsolete
2025-10-25 20:32:44,005 [INFO] DbExamplesSqlite:398 - Found 0 examples under development
2025-10-25 20:32:44,006 [INFO] DbExamplesSqlite:399 - Found 65 examples not building
2025-10-25 20:32:44,010 [INFO] DbExamples:125 - Found 10903 examples
2025-10-25 20:32:44,027 [INFO] DbExamples:222 - Found 134 boards with related examples
2025-10-25 20:32:44,029 [INFO] DbExamples:235 - Found 111 MCUs with related examples
2025-10-25 20:32:44,051 [INFO] ApiDb:414 - User favorites file not found: C:\Users\s2rajago/.stm32cubeide/favorites.examples.txt
2025-10-25 20:32:44,052 [INFO] DbExamples:250 - Set 0 / 0 favorites Examples
2025-10-25 20:32:44,207 [INFO] McuFinderGlobals:76 - Set McuFinderConnectedMode to true
2025-10-25 20:32:44,221 [INFO] MultiScanPanel:200 - Auto-refresh data requested => check proxy status ongoing
2025-10-25 20:32:44,228 [INFO] FinderPluginLoader:96 - Searching for filters in installed packs
2025-10-25 20:32:45,905 [INFO] LoadUrlFilesThread:185 - End of LoadServerUrlFiles without Thread
2025-10-25 20:32:46,005 [INFO] DetailPanel:341 - Set advertising image to C:/Users/s2rajago/STM32Cube/Repository/\en.mcu-finder-stm32n6dk.jpg
2025-10-25 20:32:52,322 [INFO] MultiScanPanel:200 - Auto-refresh data requested => check proxy status ongoing
2025-10-25 20:32:52,480 [INFO] LoadUrlFilesThread:185 - End of LoadServerUrlFiles without Thread
2025-10-25 20:32:52,481 [INFO] DetailPanel:341 - Set advertising image to C:/Users/s2rajago/STM32Cube/Repository/\en.mcu-finder-stm32n6dk.jpg
2025-10-25 20:32:52,492 [INFO] DbBoards:642 - Loading board mini-images...
2025-10-25 20:32:54,517 [ERROR] DbBoards:659 - Image file not found for board STM32MP215F-DK: C:\Users\s2rajago\.stmcufinder\plugins\mcufinder//mcu//boards_images/STM32MP215F-DK.jpg
2025-10-25 20:32:54,633 [INFO] DbBoards:665 - Loaded 211 board mini-images
2025-10-25 20:33:33,213 [INFO] MainUpdater:2872 - connection check result : 10
2025-10-25 20:33:33,215 [INFO] MainUpdater:2872 - connection check result : 10
2025-10-25 20:33:33,254 [INFO] MicroXplorer:468 - Change Database Path : 
2025-10-25 20:33:33,287 [INFO] MicroXplorer:498 - Change Database Version : DB.6.0.150
2025-10-25 20:33:33,363 [ERROR] ProjectManagerView:395 - 
java.lang.NullPointerException: Cannot invoke "javax.swing.JTextField.getText()" because the return value of "java.util.List.get(int)" is null
	at com.st.microxplorer.plugins.projectmanager.gui.ProjectChoiceTab$9.caretUpdate(ProjectChoiceTab.java:2706) ~[filemanager.jar:?]
	at javax.swing.text.JTextComponent.fireCaretUpdate(JTextComponent.java:408) ~[?:?]
	at javax.swing.text.JTextComponent$MutableCaretEvent.fire(JTextComponent.java:4484) ~[?:?]
	at javax.swing.text.JTextComponent$MutableCaretEvent.stateChanged(JTextComponent.java:4506) ~[?:?]
	at javax.swing.text.DefaultCaret.fireStateChanged(DefaultCaret.java:857) ~[?:?]
	at javax.swing.text.DefaultCaret.changeCaretPosition(DefaultCaret.java:1343) ~[?:?]
	at javax.swing.text.DefaultCaret.handleSetDot(DefaultCaret.java:1242) ~[?:?]
	at javax.swing.text.DefaultCaret.setDot(DefaultCaret.java:1223) ~[?:?]
	at javax.swing.text.DefaultCaret$Handler.insertUpdate(DefaultCaret.java:1819) ~[?:?]
	at javax.swing.text.AbstractDocument.fireInsertUpdate(AbstractDocument.java:227) ~[?:?]
	at javax.swing.text.AbstractDocument.handleInsertString(AbstractDocument.java:781) ~[?:?]
	at javax.swing.text.AbstractDocument.insertString(AbstractDocument.java:740) ~[?:?]
	at javax.swing.text.PlainDocument.insertString(PlainDocument.java:131) ~[?:?]
	at javax.swing.text.AbstractDocument.replace(AbstractDocument.java:699) ~[?:?]
	at javax.swing.text.JTextComponent.setText(JTextComponent.java:1725) ~[?:?]
	at com.st.microxplorer.plugins.projectmanager.gui.ProjectChoiceTab.createHeapStackFields(ProjectChoiceTab.java:993) ~[filemanager.jar:?]
	at com.st.microxplorer.plugins.projectmanager.gui.ProjectChoiceTab.buildLinkSettingsPanel(ProjectChoiceTab.java:3813) ~[filemanager.jar:?]
	at com.st.microxplorer.plugins.projectmanager.gui.ProjectChoiceTab.defineWindowsFields(ProjectChoiceTab.java:1987) ~[filemanager.jar:?]
	at com.st.microxplorer.plugins.projectmanager.gui.ProjectChoiceTab.updateSettings(ProjectChoiceTab.java:558) ~[filemanager.jar:?]
	at com.st.microxplorer.plugins.projectmanager.gui.ProjectSettingsPanel.UpdateDialog(ProjectSettingsPanel.java:247) ~[filemanager.jar:?]
	at com.st.microxplorer.plugins.projectmanager.ProjectManagerView.propertyChange(ProjectManagerView.java:392) ~[filemanager.jar:?]
	at java.beans.PropertyChangeSupport.fire(PropertyChangeSupport.java:343) ~[?:?]
	at java.beans.PropertyChangeSupport.firePropertyChange(PropertyChangeSupport.java:335) ~[?:?]
	at java.beans.PropertyChangeSupport.firePropertyChange(PropertyChangeSupport.java:268) ~[?:?]
	at com.st.microxplorer.util.MXPropertyChangeSupport.firePropertyChange(MXPropertyChangeSupport.java:54) ~[STM32CubeMX.jar:?]
	at com.st.microxplorer.mxsystem.MxSystem.closeConfig(MxSystem.java:899) ~[STM32CubeMX.jar:?]
	at com.st.microxplorer.maingui.MainPanel.closeConfig(MainPanel.java:792) ~[STM32CubeMX.jar:?]
	at com.st.microxplorer.plugins.filemanager.engine.OpenFileManager.loadConfigurationFile(OpenFileManager.java:288) ~[filemanager.jar:?]
	at com.st.microxplorer.plugins.filemanager.engine.MainFileManager.userLoadConfig(MainFileManager.java:364) ~[filemanager.jar:?]
	at com.st.microxplorer.plugins.filemanager.FileManagerView.getSpecificTask(FileManagerView.java:268) ~[filemanager.jar:?]
	at com.st.stm32cube.common.mx.editor.CubeMxEditor.getMxTabbedPaneInstance(CubeMxEditor.java:1191) ~[com.st.stm32cube.common.mx_6.15.0.202507011659/:?]
	at com.st.stm32cube.common.mx.editor.CubeMxEditor$12$1.createSwingComponent(CubeMxEditor.java:1068) ~[com.st.stm32cube.common.mx_6.15.0.202507011659/:?]
	at com.st.stm32cube.common.mx.oss.core.awtswtbridge.EmbeddedSwingComposite.doComponentCreation(EmbeddedSwingComposite.java:492) ~[com.st.stm32cube.common.mx.oss_6.15.0.202507011659/:?]
	at com.st.stm32cube.common.mx.oss.core.awtswtbridge.EmbeddedSwingComposite$4.run(EmbeddedSwingComposite.java:291) ~[com.st.stm32cube.common.mx.oss_6.15.0.202507011659/:?]
	at com.st.stm32cube.common.mx.oss.core.awtswtbridge.AwtEnvironment$2.run(AwtEnvironment.java:166) ~[com.st.stm32cube.common.mx.oss_6.15.0.202507011659/:?]
	at java.awt.event.InvocationEvent.dispatch(InvocationEvent.java:318) ~[?:?]
	at java.awt.EventQueue.dispatchEventImpl(EventQueue.java:773) ~[?:?]
	at java.awt.EventQueue$4.run(EventQueue.java:720) ~[?:?]
	at java.awt.EventQueue$4.run(EventQueue.java:714) ~[?:?]
	at java.security.AccessController.doPrivileged(AccessController.java:400) ~[?:?]
	at java.security.ProtectionDomain$JavaSecurityAccessImpl.doIntersectionPrivilege(ProtectionDomain.java:87) ~[?:?]
	at java.awt.EventQueue.dispatchEvent(EventQueue.java:742) ~[?:?]
	at java.awt.EventDispatchThread.pumpOneEventForFilters(EventDispatchThread.java:203) ~[?:?]
	at java.awt.EventDispatchThread.pumpEventsForFilter(EventDispatchThread.java:124) ~[?:?]
	at java.awt.EventDispatchThread.pumpEventsForHierarchy(EventDispatchThread.java:113) ~[?:?]
	at java.awt.EventDispatchThread.pumpEvents(EventDispatchThread.java:109) ~[?:?]
	at java.awt.EventDispatchThread.pumpEvents(EventDispatchThread.java:101) ~[?:?]
	at java.awt.EventDispatchThread.run(EventDispatchThread.java:90) ~[?:?]
2025-10-25 20:33:33,372 [WARN] ThirdParty:871 - waiting for thirdparty lock release [close project]
2025-10-25 20:33:33,373 [INFO] ThirdParty:873 - entering critical section [close project]
2025-10-25 20:33:33,380 [INFO] ThirdParty:883 - exiting critical section [close project]
2025-10-25 20:33:33,384 [INFO] PinOutPanel:1589 - setPackage(No Configuration,No Configuration)
2025-10-25 20:33:33,395 [WARN] IpParametersView:155 - Warning: This peripheral hasn't parameters
2025-10-25 20:33:33,419 [WARN] MainPanel:289 - <html><b><center>Warning: This peripheral has no parameters to be configured<br></b></html>
2025-10-25 20:33:33,435 [INFO] UtilMem:75 - Begin LoadConfig() Used Memory: 641204224 Bytes (893386752)
2025-10-25 20:33:33,453 [INFO] MicroXplorer:468 - Change Database Path : 
2025-10-25 20:33:33,457 [INFO] MicroXplorer:498 - Change Database Version : DB.6.0.150
2025-10-25 20:33:33,462 [INFO] OpenFileManager:355 - Change cursor
2025-10-25 20:33:33,513 [INFO] RulesReader:64 - Compatibility file has been processed (317 Rules)
2025-10-25 20:33:33,547 [INFO] Mcu:2029 - Initializing MCU STM32F401R(D-E)Tx STM32F401RETx STM32F401RET6
2025-10-25 20:33:35,332 [INFO] Context:786 - Trying to add GPIOservice into a context  which must be forbidden
2025-10-25 20:33:35,672 [INFO] Rule:233 - rule Adapt Old IOC before rework replace old CORTEX_M33/CORTEX_M55 attributes by the new one. is applicable
2025-10-25 20:33:35,673 [INFO] Rule:233 - rule Rename parametre of RCC RCC_APBDBG_DIV2 to RCC_TIMPRES_DIV2 is applicable
2025-10-25 20:33:35,674 [INFO] Rule:233 - rule Rename DIE493 pin PA10 [PA12] -> PA10 is applicable
2025-10-25 20:33:35,676 [INFO] Rule:233 - rule Rename DIE493 pin PA9 [PA11] -> PA9 is applicable
2025-10-25 20:33:35,677 [INFO] Rule:233 - rule Rename DIE492 PartNumber CPN STM32WBA5MJGHx -> STM32WBA5MMGHx is applicable
2025-10-25 20:33:35,678 [INFO] Rule:233 - rule Rename DIE492 PartNumber  Name STM32WBA5MJGHx -> STM32WBA5MMGHx is applicable
2025-10-25 20:33:35,678 [INFO] Rule:233 - rule Rename DIE492 PartNumber UserName STM32WBA5MJGHx -> STM32WBA5MMGHx is applicable
2025-10-25 20:33:35,679 [INFO] Rule:233 - rule Rename DIE492 PartNumber DeviceId STM32WBA5MJGHx -> STM32WBA5MMGHx is applicable
2025-10-25 20:33:35,680 [INFO] Rule:233 - rule Adapt Old IOC CSI. is applicable
2025-10-25 20:33:35,681 [INFO] Rule:233 - rule Adapt Old IOC DCMIPP. is applicable
2025-10-25 20:33:35,681 [INFO] Rule:233 - rule Adapt Old IOC DCMIPP Mode Parallel. is applicable
2025-10-25 20:33:35,682 [INFO] Rule:233 - rule Adapt Old IOC LTDC. is applicable
2025-10-25 20:33:35,683 [INFO] Rule:233 - rule Rename STM32MP2 RIF Peripheral LTDC RIF.RISUP.LTDC_L0L1.Privilege -> RIF.RISUP.LTDC_L1L2.Privilege is applicable
2025-10-25 20:33:35,683 [INFO] Rule:233 - rule Rename STM32MP2 RIF Peripheral LTDC RIF.RISUP.LTDC_L0L1.Privilege -> RIF.RISUP.LTDC_L1L2.Privilege is applicable
2025-10-25 20:33:35,684 [INFO] Rule:233 - rule Rename STM32MP2 RIF Peripheral LTDC RIF.RISUP.LTDC_L0L1.Lock -> RIF.RISUP.LTDC_L1L2.Lock is applicable
2025-10-25 20:33:35,684 [INFO] Rule:233 - rule Rename STM32MP2 RIF Peripheral LTDC RIF.RISUP.LTDC_L2.Lock -> RIF.RISUP.LTDC_L3.Lock is applicable
2025-10-25 20:33:35,685 [INFO] Rule:233 - rule Adapt the old IOC example for updating the SYS when it is misconfigured. is applicable
2025-10-25 20:33:35,686 [INFO] Rule:233 - rule Rename STM32C09 Mcu.Package LQFP64 -> LQFP48 is applicable
2025-10-25 20:33:35,686 [INFO] Rule:233 - rule Adapt the old IOC example for updating the SYS when it is misconfigured. is applicable
2025-10-25 20:33:35,687 [INFO] Rule:233 - rule Adapt the old IOC example for updating the SYS when it is misconfigured. is applicable
2025-10-25 20:33:35,689 [INFO] DbConfProperties:307 - Apply Compatibility (4/20 Rules)
2025-10-25 20:33:35,706 [INFO] ImportTextPane:234 - (OptionalMessage_ERROR) Pin12 (VP_RIF_VS_RIF1) cannot be retrieved for this MCU
2025-10-25 20:33:35,766 [INFO] RtosManager:558 - Registered RTOS mode: class=CMSIS, group=RTOS, mode=CMSIS_V1, owner=FREERTOS
2025-10-25 20:33:35,767 [INFO] RtosManager:558 - Registered RTOS mode: class=CMSIS, group=RTOS2, mode=CMSIS_V2, owner=FREERTOS
2025-10-25 20:33:35,768 [INFO] RtosManager:558 - Registered RTOS mode: class=RTOS, group=Core, mode=CMSIS_V1, owner=FREERTOS
2025-10-25 20:33:35,769 [INFO] RtosManager:558 - Registered RTOS mode: class=RTOS, group=Core, mode=CMSIS_V2, owner=FREERTOS
2025-10-25 20:33:35,771 [WARN] ModelIntegratedComponent:184 - Missing modes for component STMicroelectronics:FreeRTOS:0.0.1:STMicroelectronics:RTOS:FreeRTOS:Core:::10.2.0:
2025-10-25 20:33:35,800 [WARN] ModelIntegratedComponent:63 - No mode defined for component null
2025-10-25 20:33:35,801 [WARN] ModelIntegratedComponent:63 - No mode defined for component null
2025-10-25 20:33:35,801 [WARN] ModelIntegratedComponent:63 - No mode defined for component null
2025-10-25 20:33:35,802 [WARN] ModelIntegratedComponent:63 - No mode defined for component null
2025-10-25 20:33:35,803 [WARN] ModelIntegratedComponent:63 - No mode defined for component null
2025-10-25 20:33:35,803 [WARN] ModelIntegratedComponent:63 - No mode defined for component null
2025-10-25 20:33:35,804 [WARN] ModelIntegratedComponent:63 - No mode defined for component null
2025-10-25 20:33:35,805 [WARN] ModelIntegratedComponent:63 - No mode defined for component null
2025-10-25 20:33:35,805 [WARN] ModelIntegratedComponent:63 - No mode defined for component null
2025-10-25 20:33:35,806 [WARN] ModelIntegratedComponent:63 - No mode defined for component null
2025-10-25 20:33:35,807 [WARN] ModelIntegratedComponent:63 - No mode defined for component null
2025-10-25 20:33:35,809 [WARN] ModelIntegratedComponent:63 - No mode defined for component null
2025-10-25 20:33:35,810 [WARN] ModelIntegratedComponent:63 - No mode defined for component null
2025-10-25 20:33:35,811 [WARN] ModelIntegratedComponent:63 - No mode defined for component null
2025-10-25 20:33:35,811 [WARN] ModelIntegratedComponent:63 - No mode defined for component null
2025-10-25 20:33:35,812 [WARN] ModelIntegratedComponent:63 - No mode defined for component null
2025-10-25 20:33:35,813 [WARN] ModelIntegratedComponent:63 - No mode defined for component null
2025-10-25 20:33:35,813 [WARN] ModelIntegratedComponent:63 - No mode defined for component null
2025-10-25 20:33:35,814 [WARN] ModelIntegratedComponent:63 - No mode defined for component null
2025-10-25 20:33:35,815 [WARN] ModelIntegratedComponent:63 - No mode defined for component null
2025-10-25 20:33:35,815 [WARN] ModelIntegratedComponent:63 - No mode defined for component null
2025-10-25 20:33:35,816 [WARN] ModelIntegratedComponent:63 - No mode defined for component null
2025-10-25 20:33:35,816 [WARN] ModelIntegratedComponent:63 - No mode defined for component null
2025-10-25 20:33:35,817 [WARN] ModelIntegratedComponent:63 - No mode defined for component null
2025-10-25 20:33:35,818 [WARN] ModelIntegratedComponent:63 - No mode defined for component null
2025-10-25 20:33:35,818 [WARN] ModelIntegratedComponent:63 - No mode defined for component null
2025-10-25 20:33:35,819 [WARN] ModelIntegratedComponent:63 - No mode defined for component null
2025-10-25 20:33:35,820 [WARN] ModelIntegratedComponent:63 - No mode defined for component null
2025-10-25 20:33:35,820 [WARN] ModelIntegratedComponent:63 - No mode defined for component null
2025-10-25 20:33:35,821 [WARN] ModelIntegratedComponent:63 - No mode defined for component null
2025-10-25 20:33:35,822 [WARN] ModelIntegratedComponent:63 - No mode defined for component null
2025-10-25 20:33:35,822 [WARN] ModelIntegratedComponent:63 - No mode defined for component null
2025-10-25 20:33:35,823 [WARN] ModelIntegratedComponent:63 - No mode defined for component null
2025-10-25 20:33:35,826 [WARN] ModelIntegratedComponent:63 - No mode defined for component null
2025-10-25 20:33:35,826 [WARN] ModelIntegratedComponent:63 - No mode defined for component null
2025-10-25 20:33:35,827 [WARN] ModelPack:524 - Component already loaded: STMicroelectronics:HAL Drivers:0.0.0:STMicroelectronics:Device:STMicro_Driver:XSPI:HAL::0.0.1:HAL_XSPI
2025-10-25 20:33:36,166 [INFO] ThirdPartyModel:298 - Start build external matchings
2025-10-25 20:33:36,911 [INFO] ThirdPartyModel:316 - End build external matchings
2025-10-25 20:33:36,947 [INFO] ImportTextPane:234 - (OptionalMessage_ERROR) IP (RCC) : Parameter (RTCHSEDivFreq_Value) has invalid value (4000000)
2025-10-25 20:33:37,548 [INFO] UtilMem:75 - End LoadConfig() Used Memory: 772195664 Bytes (1073741824)
2025-10-25 20:33:37,718 [WARN] ThirdParty:833 - waiting for thirdparty lock release [change project]
2025-10-25 20:33:37,719 [INFO] ThirdParty:835 - entering critical section [change project]
2025-10-25 20:33:37,720 [INFO] ThirdParty:1030 - CMSIS Pack Vendor :STMicroelectronics X-CUBE-PM33A1 1.0.0
2025-10-25 20:33:37,720 [INFO] ThirdParty:1030 - CMSIS Pack Vendor :STMicroelectronics USBPD 4.1
2025-10-25 20:33:37,721 [INFO] ThirdParty:1030 - CMSIS Pack Vendor :STMicroelectronics X-CUBE-NFC9 1.0.0
2025-10-25 20:33:37,722 [INFO] ThirdParty:1030 - CMSIS Pack Vendor :STMicroelectronics USB_HOST 2.0.0
2025-10-25 20:33:37,722 [INFO] ThirdParty:1030 - CMSIS Pack Vendor :STMicroelectronics FP-SNS-MOTENVWB1 1.4.0
2025-10-25 20:33:37,723 [INFO] ThirdParty:1030 - CMSIS Pack Vendor :STMicroelectronics X-CUBE-AZRTOS-F4 1.1.0
2025-10-25 20:33:37,723 [INFO] ThirdParty:1030 - CMSIS Pack Vendor :STMicroelectronics LIBJPEG 8.0.0
2025-10-25 20:33:37,726 [INFO] ThirdParty:1030 - CMSIS Pack Vendor :STMicroelectronics FP-ATR-ASTRA1 2.0.2
2025-10-25 20:33:37,727 [INFO] ThirdParty:1030 - CMSIS Pack Vendor :wolfSSL I-CUBE-wolfSSL 5.8.2
2025-10-25 20:33:37,727 [INFO] ThirdParty:1030 - CMSIS Pack Vendor :STMicroelectronics X-CUBE-BLE1 7.1.0
2025-10-25 20:33:37,728 [INFO] ThirdParty:1030 - CMSIS Pack Vendor :STMicroelectronics X-CUBE-SMBUS 2.1.0
2025-10-25 20:33:37,729 [INFO] ThirdParty:1030 - CMSIS Pack Vendor :wolfSSL I-CUBE-wolfMQTT 1.19.2
2025-10-25 20:33:37,729 [INFO] ThirdParty:1030 - CMSIS Pack Vendor :STMicroelectronics USB_DEVICE 3.0.0
2025-10-25 20:33:37,730 [INFO] ThirdParty:1030 - CMSIS Pack Vendor :STMicroelectronics X-CUBE-ISPU 2.1.0
2025-10-25 20:33:37,730 [INFO] ThirdParty:1030 - CMSIS Pack Vendor :STMicroelectronics X-CUBE-EEPRMA1 5.2.0
2025-10-25 20:33:37,731 [INFO] ThirdParty:1030 - CMSIS Pack Vendor :STMicroelectronics X-CUBE-IPS 3.2.0
2025-10-25 20:33:37,731 [INFO] ThirdParty:1030 - CMSIS Pack Vendor :STMicroelectronics X-CUBE-BLEMGR 4.1.0
2025-10-25 20:33:37,732 [INFO] ThirdParty:1030 - CMSIS Pack Vendor :STMicroelectronics X-CUBE-AZRTOS-WB 2.0.0
2025-10-25 20:33:37,732 [INFO] ThirdParty:1030 - CMSIS Pack Vendor :STMicroelectronics X-CUBE-GNSS1 7.0.1
2025-10-25 20:33:37,733 [INFO] ThirdParty:1030 - CMSIS Pack Vendor :STMicroelectronics X-CUBE-NFC12 1.0.0
2025-10-25 20:33:37,733 [INFO] ThirdParty:1030 - CMSIS Pack Vendor :STMicroelectronics X-CUBE-AZRTOS-F7 1.1.0
2025-10-25 20:33:37,734 [INFO] ThirdParty:1030 - CMSIS Pack Vendor :STMicroelectronics X-CUBE-AZRTOS-L5 2.0.0
2025-10-25 20:33:37,734 [INFO] ThirdParty:1030 - CMSIS Pack Vendor :STMicroelectronics USB_DEVICE 2.0.0
2025-10-25 20:33:37,735 [INFO] ThirdParty:1030 - CMSIS Pack Vendor :STMicroelectronics X-CUBE-NFC6 3.1.0
2025-10-25 20:33:37,735 [INFO] ThirdParty:1030 - CMSIS Pack Vendor :STMicroelectronics X-CUBE-ST67W61 1.1.0
2025-10-25 20:33:37,736 [INFO] ThirdParty:1030 - CMSIS Pack Vendor :Cesanta I-CUBE-Mongoose 7.19.0
2025-10-25 20:33:37,736 [INFO] ThirdParty:1030 - CMSIS Pack Vendor :quantropi X-CUBE-qispace-sdk-base 2.1.0
2025-10-25 20:33:37,737 [INFO] ThirdParty:1030 - CMSIS Pack Vendor :STMicroelectronics FreeRTOS 0.0.1
2025-10-25 20:33:37,737 [INFO] ThirdParty:1030 - CMSIS Pack Vendor :STMicroelectronics X-CUBE-AZRTOS-G0 1.1.0
2025-10-25 20:33:37,738 [INFO] ThirdParty:1030 - CMSIS Pack Vendor :STMicroelectronics X-CUBE-SAFEA1 1.2.2
2025-10-25 20:33:37,738 [INFO] ThirdParty:1030 - CMSIS Pack Vendor :STMicroelectronics X-CUBE-NFC4 3.0.0
2025-10-25 20:33:37,739 [INFO] ThirdParty:1030 - CMSIS Pack Vendor :STMicroelectronics X-CUBE-SUBG2 5.0.0
2025-10-25 20:33:37,740 [INFO] ThirdParty:1030 - CMSIS Pack Vendor :STMicroelectronics X-CUBE-AZRTOS-H7RS 1.1.0
2025-10-25 20:33:37,742 [INFO] ThirdParty:1030 - CMSIS Pack Vendor :STMicroelectronics STM32_WPAN 1.0.0
2025-10-25 20:33:37,743 [INFO] ThirdParty:1030 - CMSIS Pack Vendor :EmbeddedOffice I-CUBE-FS-RTOS 1.0.1
2025-10-25 20:33:37,744 [INFO] ThirdParty:1030 - CMSIS Pack Vendor :STMicroelectronics lwIP 2.0.3
2025-10-25 20:33:37,744 [INFO] ThirdParty:1030 - CMSIS Pack Vendor :WES I-CUBE-Cesium 1.4.0
2025-10-25 20:33:37,745 [INFO] ThirdParty:1030 - CMSIS Pack Vendor :STMicroelectronics USB_HOST 1.0.0
2025-10-25 20:33:37,745 [INFO] ThirdParty:1030 - CMSIS Pack Vendor :Infineon AIROC-Wi-Fi-Bluetooth-STM32 1.7.1
2025-10-25 20:33:37,746 [INFO] ThirdParty:1030 - CMSIS Pack Vendor :STMicroelectronics X-CUBE-AZRTOS-G4 2.0.0
2025-10-25 20:33:37,746 [INFO] ThirdParty:1030 - CMSIS Pack Vendor :STMicroelectronics X-CUBE-WB05N 2.0.0
2025-10-25 20:33:37,747 [INFO] ThirdParty:1030 - CMSIS Pack Vendor :STMicroelectronics PDM2PCM 3.1.0
2025-10-25 20:33:37,747 [INFO] ThirdParty:1030 - CMSIS Pack Vendor :STMicroelectronics PDM2PCM 3.3.0
2025-10-25 20:33:37,748 [INFO] ThirdParty:1030 - CMSIS Pack Vendor :wolfSSL I-CUBE-wolfTPM 3.8.0
2025-10-25 20:33:37,748 [INFO] ThirdParty:1030 - CMSIS Pack Vendor :STMicroelectronics X-CUBE-AZRTOS-H7 3.4.0
2025-10-25 20:33:37,749 [INFO] ThirdParty:1030 - CMSIS Pack Vendor :STMicroelectronics X-CUBE-DISPLAY 3.0.0
2025-10-25 20:33:37,750 [INFO] ThirdParty:1030 - CMSIS Pack Vendor :wolfSSL I-CUBE-wolfSSH 1.4.20
2025-10-25 20:33:37,750 [INFO] ThirdParty:1030 - CMSIS Pack Vendor :STMicroelectronics X-CUBE-NFC7 2.0.0
2025-10-25 20:33:37,751 [INFO] ThirdParty:1030 - CMSIS Pack Vendor :STMicroelectronics X-CUBE-TCPP 4.2.0
2025-10-25 20:33:37,752 [INFO] ThirdParty:1030 - CMSIS Pack Vendor :RealThread X-CUBE-RT-Thread_Nano 4.1.1
2025-10-25 20:33:37,752 [INFO] ThirdParty:1030 - CMSIS Pack Vendor :STMicroelectronics FP-ATR-SIGFOX1 3.2.0
2025-10-25 20:33:37,753 [INFO] ThirdParty:1030 - CMSIS Pack Vendor :STMicroelectronics X-CUBE-NFC10 1.0.0
2025-10-25 20:33:37,754 [INFO] ThirdParty:1030 - CMSIS Pack Vendor :STMicroelectronics X-CUBE-FREERTOS 1.3.1
2025-10-25 20:33:37,754 [INFO] ThirdParty:1030 - CMSIS Pack Vendor :STMicroelectronics HAL Drivers 0.0.0
2025-10-25 20:33:37,755 [INFO] ThirdParty:1030 - CMSIS Pack Vendor :STMicroelectronics MBEDTLS 2.16.2
2025-10-25 20:33:37,756 [INFO] ThirdParty:1030 - CMSIS Pack Vendor :STMicroelectronics X-CUBE-ST60 1.1.0
2025-10-25 20:33:37,756 [INFO] ThirdParty:1030 - CMSIS Pack Vendor :STMicroelectronics X-CUBE-ALS 1.0.2
2025-10-25 20:33:37,759 [INFO] ThirdParty:1030 - CMSIS Pack Vendor :emotas I-CUBE-CANOPEN 1.3.0
2025-10-25 20:33:37,760 [INFO] ThirdParty:1030 - CMSIS Pack Vendor :STMicroelectronics MBEDTLS 2.14.1
2025-10-25 20:33:37,760 [INFO] ThirdParty:1030 - CMSIS Pack Vendor :ITTIA_DB I-CUBE-ITTIADB 8.9.0
2025-10-25 20:33:37,761 [INFO] ThirdParty:1030 - CMSIS Pack Vendor :STMicroelectronics X-CUBE-TOUCHGFX 4.26.0
2025-10-25 20:33:37,761 [INFO] ThirdParty:1030 - CMSIS Pack Vendor :STMicroelectronics X-CUBE-STSE01 1.0.0
2025-10-25 20:33:37,762 [INFO] ThirdParty:1030 - CMSIS Pack Vendor :STMicroelectronics FP-SNS-STBOX1 2.1.0
2025-10-25 20:33:37,762 [INFO] ThirdParty:1030 - CMSIS Pack Vendor :STMicroelectronics X-CUBE-AI 10.2.0
2025-10-25 20:33:37,763 [INFO] ThirdParty:1030 - CMSIS Pack Vendor :STMicroelectronics FP-SNS-STAIOTCFT 1.0.0
2025-10-25 20:33:37,764 [INFO] ThirdParty:1030 - CMSIS Pack Vendor :STMicroelectronics ThreadX 1.0.0
2025-10-25 20:33:37,764 [INFO] ThirdParty:1030 - CMSIS Pack Vendor :STMicroelectronics FP-SNS-SMARTAG2 1.2.0
2025-10-25 20:33:37,765 [INFO] ThirdParty:1030 - CMSIS Pack Vendor :STMicroelectronics FP-SNS-FLIGHT1 5.1.0
2025-10-25 20:33:37,765 [INFO] ThirdParty:1030 - CMSIS Pack Vendor :STMicroelectronics X-CUBE-AZRTOS-WL 2.0.0
2025-10-25 20:33:37,766 [INFO] ThirdParty:1030 - CMSIS Pack Vendor :SEGGER I-CUBE-embOS 1.3.1
2025-10-25 20:33:37,766 [INFO] ThirdParty:1030 - CMSIS Pack Vendor :STMicroelectronics X-CUBE-ALGOBUILD 1.4.0
2025-10-25 20:33:37,767 [INFO] ThirdParty:1030 - CMSIS Pack Vendor :STMicroelectronics X-CUBE-DPower 1.3.0
2025-10-25 20:33:37,767 [INFO] ThirdParty:1030 - CMSIS Pack Vendor :STMicroelectronics X-CUBE-MEMS1 11.3.0
2025-10-25 20:33:37,768 [INFO] ThirdParty:1030 - CMSIS Pack Vendor :STMicroelectronics FP-SNS-MOTENV1 5.0.0
2025-10-25 20:33:37,768 [INFO] ThirdParty:1030 - CMSIS Pack Vendor :STMicroelectronics USB_DEVICE 1.0.0
2025-10-25 20:33:37,769 [INFO] ThirdParty:1030 - CMSIS Pack Vendor :STMicroelectronics X-CUBE-AZRTOS-L4 2.0.0
2025-10-25 20:33:37,769 [INFO] ThirdParty:1030 - CMSIS Pack Vendor :STMicroelectronics ThreadX 0.0.2
2025-10-25 20:33:37,770 [INFO] ThirdParty:1030 - CMSIS Pack Vendor :STMicroelectronics lwIP 2.1.2
2025-10-25 20:33:37,770 [INFO] ThirdParty:1030 - CMSIS Pack Vendor :STMicroelectronics X-CUBE-SFXS2LP1 4.0.0
2025-10-25 20:33:37,771 [INFO] ThirdParty:1030 - CMSIS Pack Vendor :STMicroelectronics X-CUBE-BLE2 3.3.0
2025-10-25 20:33:37,771 [INFO] ThirdParty:1030 - CMSIS Pack Vendor :STMicroelectronics X-CUBE-TOF1 3.4.3
2025-10-25 20:33:37,772 [INFO] ThirdParty:1030 - CMSIS Pack Vendor :STMicroelectronics PDM2PCM 3.2.0
2025-10-25 20:33:37,773 [INFO] ThirdParty:841 - exiting critical section [change project]
2025-10-25 20:33:37,971 [INFO] PinOutPanel:1589 - setPackage(No Configuration,No Configuration)
2025-10-25 20:33:38,004 [INFO] PinOutPanel:1589 - setPackage(STM32F401RETx,LQFP64)
2025-10-25 20:33:38,318 [INFO] UtilMem:75 - Before build in PCC Used Memory: 915406400 Bytes (1073741824)
2025-10-25 20:33:38,614 [INFO] UtilMem:75 - After build in PCC Used Memory: 962592320 Bytes (1073741824)
2025-10-25 20:33:38,634 [INFO] IPUIPlugin:80 - create IPUIPlugin
2025-10-25 20:33:38,634 [INFO] IPUIPlugin:80 - create IPUIPlugin
2025-10-25 20:33:38,635 [INFO] IPUIPlugin:80 - create IPUIPlugin
2025-10-25 20:33:38,636 [INFO] IPUIPlugin:80 - create IPUIPlugin
2025-10-25 20:33:38,637 [INFO] IPUIPlugin:80 - create IPUIPlugin
2025-10-25 20:33:38,637 [INFO] IPUIPlugin:80 - create IPUIPlugin
2025-10-25 20:33:38,638 [INFO] IPUIPlugin:80 - create IPUIPlugin
2025-10-25 20:33:38,639 [INFO] IPUIPlugin:80 - create IPUIPlugin
2025-10-25 20:33:38,640 [INFO] IPUIPlugin:80 - create IPUIPlugin
2025-10-25 20:33:38,642 [INFO] IPUIPlugin:80 - create IPUIPlugin
2025-10-25 20:33:38,643 [INFO] IPUIPlugin:80 - create IPUIPlugin
2025-10-25 20:33:38,643 [INFO] IPUIPlugin:80 - create IPUIPlugin
2025-10-25 20:33:38,644 [INFO] IPUIPlugin:80 - create IPUIPlugin
2025-10-25 20:33:38,645 [INFO] IPUIPlugin:80 - create IPUIPlugin
2025-10-25 20:33:38,645 [INFO] IPUIPlugin:80 - create IPUIPlugin
2025-10-25 20:33:38,646 [INFO] IPUIPlugin:80 - create IPUIPlugin
2025-10-25 20:33:38,647 [INFO] IPUIPlugin:80 - create IPUIPlugin
2025-10-25 20:33:38,648 [INFO] IPUIPlugin:80 - create IPUIPlugin
2025-10-25 20:33:38,648 [INFO] IPUIPlugin:80 - create IPUIPlugin
2025-10-25 20:33:38,649 [INFO] IPUIPlugin:80 - create IPUIPlugin
2025-10-25 20:33:38,650 [INFO] IPUIPlugin:80 - create IPUIPlugin
2025-10-25 20:33:38,650 [INFO] IPUIPlugin:80 - create IPUIPlugin
2025-10-25 20:33:38,651 [INFO] IPUIPlugin:80 - create IPUIPlugin
2025-10-25 20:33:38,652 [INFO] IPUIPlugin:80 - create IPUIPlugin
2025-10-25 20:33:38,652 [INFO] IPUIPlugin:80 - create IPUIPlugin
2025-10-25 20:33:38,653 [INFO] IPUIPlugin:80 - create IPUIPlugin
2025-10-25 20:33:38,653 [INFO] IPUIPlugin:80 - create IPUIPlugin
2025-10-25 20:33:38,654 [INFO] IPUIPlugin:80 - create IPUIPlugin
2025-10-25 20:33:38,655 [INFO] IPUIPlugin:80 - create IPUIPlugin
2025-10-25 20:33:38,656 [INFO] IPUIPlugin:80 - create IPUIPlugin
2025-10-25 20:33:38,657 [INFO] IPUIPlugin:80 - create IPUIPlugin
2025-10-25 20:33:38,660 [INFO] IPUIPlugin:80 - create IPUIPlugin
2025-10-25 20:33:38,661 [INFO] IPUIPlugin:80 - create IPUIPlugin
2025-10-25 20:33:38,662 [INFO] IPUIPlugin:80 - create IPUIPlugin
2025-10-25 20:33:38,662 [INFO] IPUIPlugin:80 - create IPUIPlugin
2025-10-25 20:33:38,663 [INFO] IPUIPlugin:80 - create IPUIPlugin
2025-10-25 20:33:38,664 [INFO] IPUIPlugin:80 - create IPUIPlugin
2025-10-25 20:33:38,665 [INFO] IPUIPlugin:80 - create IPUIPlugin
2025-10-25 20:33:38,668 [INFO] ApiDbMcu:532 - Load IP Config File for PDM2PCM
2025-10-25 20:33:38,736 [INFO] CADModel:165 - CPN selected for project levelSTM32F401RET6
2025-10-25 20:33:38,737 [INFO] CADModel:114 - Register for checkConnection events
2025-10-25 20:33:38,795 [INFO] OpenFileManager:386 - Restore cursor
2025-10-25 20:33:39,255 [INFO] UtilMem:75 - End SaveConfig() Used Memory: 641942312 Bytes (1073741824)
2025-10-25 20:33:55,037 [INFO] McuFinderGlobals:76 - Set McuFinderConnectedMode to true
2025-10-25 20:33:55,048 [INFO] ApiDb:448 - Save user favorites file C:\Users\s2rajago/.stm32cubeide/favorites.mcus.txt: 0 item(s)
2025-10-25 20:33:55,051 [INFO] ApiDb:452 - User favorites MCUs=[]
2025-10-25 20:33:55,054 [INFO] ApiDb:448 - Save user favorites file C:\Users\s2rajago/.stm32cubeide/favorites.boards.txt: 0 item(s)
2025-10-25 20:33:55,055 [INFO] ApiDb:452 - User favorites Boards=[]
2025-10-25 20:34:07,943 [INFO] McuFinderGlobals:63 - Set McuFinder mode to 2 (CubeIDE integrated)
2025-10-25 20:34:07,944 [INFO] UserAuth:171 - activating auth plugin
2025-10-25 20:34:07,947 [INFO] UserAuth:487 - Internet connection configuration mode: 1
2025-10-25 20:34:53,149 [INFO] WebApp:652 - userauth.ini deleted or not created
2025-10-25 20:36:19,181 [INFO] ADCParametersView:116 -                Rank 1 : false
2025-10-25 20:36:19,210 [INFO] ADCParametersView:116 -                Rank 1 : false
2025-10-25 20:36:19,211 [INFO] ADCParametersView:116 -                Rank 1 : false
2025-10-25 20:36:19,212 [INFO] ADCParametersView:116 -                Rank 1 : false
2025-10-25 20:36:19,213 [INFO] ADCParametersView:116 -                Rank 1 : false
2025-10-25 20:36:19,213 [INFO] ADCParametersView:116 -                Rank 1 : false
2025-10-25 20:36:19,214 [INFO] ADCParametersView:116 -                Rank 1 : false
2025-10-25 20:36:19,215 [INFO] ADCParametersView:116 -                Rank 1 : false
2025-10-25 20:36:19,215 [INFO] ADCParametersView:116 -                Rank 1 : false
2025-10-25 20:36:19,216 [INFO] ADCParametersView:116 -                Rank 1 : false
2025-10-25 20:36:19,217 [INFO] ADCParametersView:116 -                Rank 1 : false
2025-10-25 20:36:19,217 [INFO] ADCParametersView:116 -                Rank 1 : false
2025-10-25 20:36:19,218 [INFO] ADCParametersView:116 -                Rank 1 : false
2025-10-25 20:36:19,219 [INFO] ADCParametersView:116 -                Rank 1 : false
2025-10-25 20:36:19,219 [INFO] ADCParametersView:116 -                Rank 1 : false
2025-10-25 20:36:19,230 [INFO] ADCParametersView:116 -                Rank 1 : false
2025-10-25 20:36:19,326 [INFO] NvicIntPanel:101 - NVIC parent = com.st.microxplorer.plugins.ip.nvic.MultiNvicIntPanel[,0,0,0x0,invalid,layout=javax.swing.BoxLayout,alignmentX=0.0,alignmentY=0.0,border=,flags=9,maximumSize=,minimumSize=,preferredSize=]
2025-10-25 20:36:19,436 [INFO] NvicIntPanel:101 - NVIC parent = com.st.microxplorer.plugins.ip.nvic.MultiNvicIntPanel[,0,0,0x0,invalid,layout=javax.swing.BoxLayout,alignmentX=0.0,alignmentY=0.0,border=,flags=9,maximumSize=,minimumSize=,preferredSize=]
2025-10-25 20:36:19,528 [INFO] NvicIntPanel:101 - NVIC parent = com.st.microxplorer.plugins.ip.nvic.MultiNvicIntPanel[,0,0,0x0,invalid,layout=javax.swing.BoxLayout,alignmentX=0.0,alignmentY=0.0,border=,flags=9,maximumSize=,minimumSize=,preferredSize=]
2025-10-25 20:36:19,606 [INFO] ADCParametersView:116 -                Rank 1 : false
2025-10-25 20:36:19,609 [INFO] ADCParametersView:116 -                Rank 1 : false
2025-10-25 20:36:19,610 [INFO] ADCParametersView:116 -                Rank 1 : false
2025-10-25 20:36:19,611 [INFO] ADCParametersView:116 -                Rank 1 : false
2025-10-25 20:36:19,611 [INFO] ADCParametersView:116 -                Rank 1 : false
2025-10-25 20:36:19,612 [INFO] ADCParametersView:116 -                Rank 1 : false
2025-10-25 20:36:19,613 [INFO] ADCParametersView:116 -                Rank 1 : false
2025-10-25 20:36:19,614 [INFO] ADCParametersView:116 -                Rank 1 : false
2025-10-25 20:36:19,614 [INFO] ADCParametersView:116 -                Rank 1 : false
2025-10-25 20:36:19,615 [INFO] ADCParametersView:116 -                Rank 1 : false
2025-10-25 20:36:19,616 [INFO] ADCParametersView:116 -                Rank 1 : false
2025-10-25 20:36:19,616 [INFO] ADCParametersView:116 -                Rank 1 : false
2025-10-25 20:36:19,617 [INFO] ADCParametersView:116 -                Rank 1 : false
2025-10-25 20:36:19,617 [INFO] ADCParametersView:116 -                Rank 1 : false
2025-10-25 20:36:19,651 [INFO] ADCParametersView:116 -                Rank 1 : false
2025-10-25 20:36:19,711 [INFO] ADCParametersView:116 -                Rank 1 : false
2025-10-25 20:36:19,712 [INFO] ADCParametersView:116 -                Rank 1 : false
2025-10-25 20:36:19,713 [INFO] ADCParametersView:116 -                Rank 1 : false
2025-10-25 20:36:19,714 [INFO] ADCParametersView:116 -                Rank 1 : false
2025-10-25 20:36:19,714 [INFO] ADCParametersView:116 -                Rank 1 : false
2025-10-25 20:36:19,715 [INFO] ADCParametersView:116 -                Rank 1 : false
2025-10-25 20:36:19,716 [INFO] ADCParametersView:116 -                Rank 1 : false
2025-10-25 20:36:19,717 [INFO] ADCParametersView:116 -                Rank 1 : false
2025-10-25 20:36:19,718 [INFO] ADCParametersView:116 -                Rank 1 : false
2025-10-25 20:36:19,719 [INFO] ADCParametersView:116 -                Rank 1 : false
2025-10-25 20:36:19,720 [INFO] ADCParametersView:116 -                Rank 1 : false
2025-10-25 20:36:19,720 [INFO] ADCParametersView:116 -                Rank 1 : false
2025-10-25 20:36:19,721 [INFO] ADCParametersView:116 -                Rank 1 : false
2025-10-25 20:36:19,722 [INFO] ADCParametersView:116 -                Rank 1 : false
2025-10-25 20:36:19,750 [INFO] ADCParametersView:116 -                Rank 1 : false
2025-10-25 20:36:32,922 [INFO] ParamManager:905 - [Generic UI] PropertyChangeEvent: TAB_STATUS_CHANGED , "dont care", "never mind"
2025-10-25 20:36:32,927 [INFO] ADCParametersView:116 -                Rank 1 : false
2025-10-25 20:36:32,928 [INFO] ADCParametersView:116 -                Rank 1 : false
2025-10-25 20:36:32,929 [INFO] ADCParametersView:116 -                Rank 1 : false
2025-10-25 20:36:32,929 [INFO] ADCParametersView:116 -                Rank 1 : false
2025-10-25 20:36:32,930 [INFO] ADCParametersView:116 -                Rank 1 : false
2025-10-25 20:36:32,931 [INFO] ADCParametersView:116 -                Rank 1 : false
2025-10-25 20:36:32,932 [INFO] ADCParametersView:116 -                Rank 1 : false
2025-10-25 20:36:32,933 [INFO] ADCParametersView:116 -                Rank 1 : false
2025-10-25 20:36:32,934 [INFO] ADCParametersView:116 -                Rank 1 : false
2025-10-25 20:36:32,934 [INFO] ADCParametersView:116 -                Rank 1 : false
2025-10-25 20:36:32,936 [INFO] ADCParametersView:116 -                Rank 1 : false
2025-10-25 20:36:32,936 [INFO] ADCParametersView:116 -                Rank 1 : false
2025-10-25 20:36:32,937 [INFO] ADCParametersView:116 -                Rank 1 : false
2025-10-25 20:36:32,938 [INFO] ADCParametersView:116 -                Rank 1 : false
2025-10-25 20:36:32,943 [INFO] ParamManager:905 - [Generic UI] PropertyChangeEvent: TAB_STATUS_CHANGED , "dont care", "never mind"
2025-10-25 20:36:32,949 [INFO] ADCParametersView:116 -                Rank 1 : false
2025-10-25 20:36:32,968 [INFO] ADCParametersView:116 -                Rank 1 : false
2025-10-25 20:36:32,968 [INFO] ADCParametersView:116 -                Rank 1 : false
2025-10-25 20:36:32,969 [INFO] ADCParametersView:116 -                Rank 1 : false
2025-10-25 20:36:32,970 [INFO] ADCParametersView:116 -                Rank 1 : false
2025-10-25 20:36:32,971 [INFO] ADCParametersView:116 -                Rank 1 : false
2025-10-25 20:36:32,971 [INFO] ADCParametersView:116 -                Rank 1 : false
2025-10-25 20:36:32,972 [INFO] ADCParametersView:116 -                Rank 1 : false
2025-10-25 20:36:32,972 [INFO] ADCParametersView:116 -                Rank 1 : false
2025-10-25 20:36:32,973 [INFO] ADCParametersView:116 -                Rank 1 : false
2025-10-25 20:36:32,974 [INFO] ADCParametersView:116 -                Rank 1 : false
2025-10-25 20:36:32,974 [INFO] ADCParametersView:116 -                Rank 1 : false
2025-10-25 20:36:32,975 [INFO] ADCParametersView:116 -                Rank 1 : false
2025-10-25 20:36:32,976 [INFO] ADCParametersView:116 -                Rank 1 : false
2025-10-25 20:36:32,976 [INFO] ADCParametersView:116 -                Rank 1 : false
2025-10-25 20:36:32,985 [INFO] ADCParametersView:116 -                Rank 1 : false
2025-10-25 20:36:33,064 [INFO] NvicIntPanel:101 - NVIC parent = com.st.microxplorer.plugins.ip.nvic.MultiNvicIntPanel[,0,0,0x0,invalid,layout=javax.swing.BoxLayout,alignmentX=0.0,alignmentY=0.0,border=,flags=9,maximumSize=,minimumSize=,preferredSize=]
2025-10-25 20:36:33,148 [INFO] NvicIntPanel:101 - NVIC parent = com.st.microxplorer.plugins.ip.nvic.MultiNvicIntPanel[,0,0,0x0,invalid,layout=javax.swing.BoxLayout,alignmentX=0.0,alignmentY=0.0,border=,flags=9,maximumSize=,minimumSize=,preferredSize=]
2025-10-25 20:36:33,202 [INFO] ADCParametersView:116 -                Rank 1 : false
2025-10-25 20:36:33,203 [INFO] ADCParametersView:116 -                Rank 1 : false
2025-10-25 20:36:33,204 [INFO] ADCParametersView:116 -                Rank 1 : false
2025-10-25 20:36:33,205 [INFO] ADCParametersView:116 -                Rank 1 : false
2025-10-25 20:36:33,205 [INFO] ADCParametersView:116 -                Rank 1 : false
2025-10-25 20:36:33,206 [INFO] ADCParametersView:116 -                Rank 1 : false
2025-10-25 20:36:33,207 [INFO] ADCParametersView:116 -                Rank 1 : false
2025-10-25 20:36:33,207 [INFO] ADCParametersView:116 -                Rank 1 : false
2025-10-25 20:36:33,208 [INFO] ADCParametersView:116 -                Rank 1 : false
2025-10-25 20:36:33,209 [INFO] ADCParametersView:116 -                Rank 1 : false
2025-10-25 20:36:33,209 [INFO] ADCParametersView:116 -                Rank 1 : false
2025-10-25 20:36:33,210 [INFO] ADCParametersView:116 -                Rank 1 : false
2025-10-25 20:36:33,210 [INFO] ADCParametersView:116 -                Rank 1 : false
2025-10-25 20:36:33,211 [INFO] ADCParametersView:116 -                Rank 1 : false
2025-10-25 20:36:33,230 [INFO] ADCParametersView:116 -                Rank 1 : false
2025-10-25 20:36:33,257 [INFO] ADCParametersView:116 -                Rank 1 : false
2025-10-25 20:36:33,258 [INFO] ADCParametersView:116 -                Rank 1 : false
2025-10-25 20:36:33,259 [INFO] ADCParametersView:116 -                Rank 1 : false
2025-10-25 20:36:33,259 [INFO] ADCParametersView:116 -                Rank 1 : false
2025-10-25 20:36:33,260 [INFO] ADCParametersView:116 -                Rank 1 : false
2025-10-25 20:36:33,260 [INFO] ADCParametersView:116 -                Rank 1 : false
2025-10-25 20:36:33,261 [INFO] ADCParametersView:116 -                Rank 1 : false
2025-10-25 20:36:33,262 [INFO] ADCParametersView:116 -                Rank 1 : false
2025-10-25 20:36:33,262 [INFO] ADCParametersView:116 -                Rank 1 : false
2025-10-25 20:36:33,263 [INFO] ADCParametersView:116 -                Rank 1 : false
2025-10-25 20:36:33,264 [INFO] ADCParametersView:116 -                Rank 1 : false
2025-10-25 20:36:33,264 [INFO] ADCParametersView:116 -                Rank 1 : false
2025-10-25 20:36:33,265 [INFO] ADCParametersView:116 -                Rank 1 : false
2025-10-25 20:36:33,266 [INFO] ADCParametersView:116 -                Rank 1 : false
2025-10-25 20:36:33,284 [INFO] ADCParametersView:116 -                Rank 1 : false
2025-10-25 20:37:24,208 [INFO] ADCParametersView:116 -                Rank 1 : false
2025-10-25 20:37:24,213 [INFO] ADCParametersView:116 -                Rank 1 : false
2025-10-25 20:37:24,214 [INFO] ADCParametersView:116 -                Rank 1 : false
2025-10-25 20:37:24,214 [INFO] ADCParametersView:116 -                Rank 1 : false
2025-10-25 20:37:24,215 [INFO] ADCParametersView:116 -                Rank 1 : false
2025-10-25 20:37:24,216 [INFO] ADCParametersView:116 -                Rank 1 : false
2025-10-25 20:37:24,217 [INFO] ADCParametersView:116 -                Rank 1 : false
2025-10-25 20:37:24,218 [INFO] ADCParametersView:116 -                Rank 1 : false
2025-10-25 20:37:24,219 [INFO] ADCParametersView:116 -                Rank 1 : false
2025-10-25 20:37:24,219 [INFO] ADCParametersView:116 -                Rank 1 : false
2025-10-25 20:37:24,220 [INFO] ADCParametersView:116 -                Rank 1 : false
2025-10-25 20:37:24,221 [INFO] ADCParametersView:116 -                Rank 1 : false
2025-10-25 20:37:24,222 [INFO] ADCParametersView:116 -                Rank 1 : false
2025-10-25 20:37:24,223 [INFO] ADCParametersView:116 -                Rank 1 : false
2025-10-25 20:37:24,233 [INFO] ADCParametersView:116 -                Rank 1 : false
2025-10-25 20:37:24,249 [INFO] ADCParametersView:116 -                Rank 1 : false
2025-10-25 20:37:24,252 [INFO] ADCParametersView:116 -                Rank 1 : false
2025-10-25 20:37:24,253 [INFO] ADCParametersView:116 -                Rank 1 : false
2025-10-25 20:37:24,253 [INFO] ADCParametersView:116 -                Rank 1 : false
2025-10-25 20:37:24,254 [INFO] ADCParametersView:116 -                Rank 1 : false
2025-10-25 20:37:24,255 [INFO] ADCParametersView:116 -                Rank 1 : false
2025-10-25 20:37:24,256 [INFO] ADCParametersView:116 -                Rank 1 : false
2025-10-25 20:37:24,256 [INFO] ADCParametersView:116 -                Rank 1 : false
2025-10-25 20:37:24,257 [INFO] ADCParametersView:116 -                Rank 1 : false
2025-10-25 20:37:24,258 [INFO] ADCParametersView:116 -                Rank 1 : false
2025-10-25 20:37:24,259 [INFO] ADCParametersView:116 -                Rank 1 : false
2025-10-25 20:37:24,260 [INFO] ADCParametersView:116 -                Rank 1 : false
2025-10-25 20:37:24,260 [INFO] ADCParametersView:116 -                Rank 1 : false
2025-10-25 20:37:24,261 [INFO] ADCParametersView:116 -                Rank 1 : false
2025-10-25 20:37:24,270 [INFO] ADCParametersView:116 -                Rank 1 : false
2025-10-25 20:37:24,310 [INFO] ADCParametersView:116 -                Rank 1 : false
2025-10-25 20:37:24,312 [INFO] ADCParametersView:116 -                Rank 1 : false
2025-10-25 20:37:24,313 [INFO] ADCParametersView:116 -                Rank 1 : false
2025-10-25 20:37:24,315 [INFO] ADCParametersView:116 -                Rank 1 : false
2025-10-25 20:37:24,315 [INFO] ADCParametersView:116 -                Rank 1 : false
2025-10-25 20:37:24,316 [INFO] ADCParametersView:116 -                Rank 1 : false
2025-10-25 20:37:24,317 [INFO] ADCParametersView:116 -                Rank 1 : false
2025-10-25 20:37:24,317 [INFO] ADCParametersView:116 -                Rank 1 : false
2025-10-25 20:37:24,318 [INFO] ADCParametersView:116 -                Rank 1 : false
2025-10-25 20:37:24,319 [INFO] ADCParametersView:116 -                Rank 1 : false
2025-10-25 20:37:24,320 [INFO] ADCParametersView:116 -                Rank 1 : false
2025-10-25 20:37:24,322 [INFO] ADCParametersView:116 -                Rank 1 : false
2025-10-25 20:37:24,322 [INFO] ADCParametersView:116 -                Rank 1 : false
2025-10-25 20:37:24,322 [INFO] ADCParametersView:116 -                Rank 1 : false
2025-10-25 20:37:24,341 [INFO] ADCParametersView:116 -                Rank 1 : false
2025-10-25 20:37:59,828 [INFO] ParamManager:905 - [Generic UI] PropertyChangeEvent: TAB_STATUS_CHANGED , "dont care", "never mind"
2025-10-25 20:37:59,832 [INFO] ADCParametersView:116 -                Rank 1 : false
2025-10-25 20:37:59,835 [INFO] ADCParametersView:116 -                Rank 1 : false
2025-10-25 20:37:59,835 [INFO] ADCParametersView:116 -                Rank 1 : false
2025-10-25 20:37:59,836 [INFO] ADCParametersView:116 -                Rank 1 : false
2025-10-25 20:37:59,837 [INFO] ADCParametersView:116 -                Rank 1 : false
2025-10-25 20:37:59,838 [INFO] ADCParametersView:116 -                Rank 1 : false
2025-10-25 20:37:59,839 [INFO] ADCParametersView:116 -                Rank 1 : false
2025-10-25 20:37:59,839 [INFO] ADCParametersView:116 -                Rank 1 : false
2025-10-25 20:37:59,840 [INFO] ADCParametersView:116 -                Rank 1 : false
2025-10-25 20:37:59,841 [INFO] ADCParametersView:116 -                Rank 1 : false
2025-10-25 20:37:59,842 [INFO] ADCParametersView:116 -                Rank 1 : false
2025-10-25 20:37:59,842 [INFO] ADCParametersView:116 -                Rank 1 : false
2025-10-25 20:37:59,843 [INFO] ADCParametersView:116 -                Rank 1 : false
2025-10-25 20:37:59,844 [INFO] ADCParametersView:116 -                Rank 1 : false
2025-10-25 20:37:59,849 [INFO] ParamManager:905 - [Generic UI] PropertyChangeEvent: TAB_STATUS_CHANGED , "dont care", "never mind"
2025-10-25 20:37:59,858 [INFO] ADCParametersView:116 -                Rank 1 : false
2025-10-25 20:37:59,876 [INFO] ADCParametersView:116 -                Rank 1 : false
2025-10-25 20:37:59,878 [INFO] ADCParametersView:116 -                Rank 1 : false
2025-10-25 20:37:59,879 [INFO] ADCParametersView:116 -                Rank 1 : false
2025-10-25 20:37:59,880 [INFO] ADCParametersView:116 -                Rank 1 : false
2025-10-25 20:37:59,881 [INFO] ADCParametersView:116 -                Rank 1 : false
2025-10-25 20:37:59,881 [INFO] ADCParametersView:116 -                Rank 1 : false
2025-10-25 20:37:59,882 [INFO] ADCParametersView:116 -                Rank 1 : false
2025-10-25 20:37:59,883 [INFO] ADCParametersView:116 -                Rank 1 : false
2025-10-25 20:37:59,884 [INFO] ADCParametersView:116 -                Rank 1 : false
2025-10-25 20:37:59,884 [INFO] ADCParametersView:116 -                Rank 1 : false
2025-10-25 20:37:59,885 [INFO] ADCParametersView:116 -                Rank 1 : false
2025-10-25 20:37:59,886 [INFO] ADCParametersView:116 -                Rank 1 : false
2025-10-25 20:37:59,886 [INFO] ADCParametersView:116 -                Rank 1 : false
2025-10-25 20:37:59,887 [INFO] ADCParametersView:116 -                Rank 1 : false
2025-10-25 20:37:59,895 [INFO] ADCParametersView:116 -                Rank 1 : false
2025-10-25 20:37:59,967 [INFO] NvicIntPanel:101 - NVIC parent = com.st.microxplorer.plugins.ip.nvic.MultiNvicIntPanel[,0,0,0x0,invalid,layout=javax.swing.BoxLayout,alignmentX=0.0,alignmentY=0.0,border=,flags=9,maximumSize=,minimumSize=,preferredSize=]
2025-10-25 20:38:00,043 [INFO] NvicIntPanel:101 - NVIC parent = com.st.microxplorer.plugins.ip.nvic.MultiNvicIntPanel[,0,0,0x0,invalid,layout=javax.swing.BoxLayout,alignmentX=0.0,alignmentY=0.0,border=,flags=9,maximumSize=,minimumSize=,preferredSize=]
2025-10-25 20:38:00,095 [INFO] ADCParametersView:116 -                Rank 1 : false
2025-10-25 20:38:00,097 [INFO] ADCParametersView:116 -                Rank 1 : false
2025-10-25 20:38:00,098 [INFO] ADCParametersView:116 -                Rank 1 : false
2025-10-25 20:38:00,099 [INFO] ADCParametersView:116 -                Rank 1 : false
2025-10-25 20:38:00,099 [INFO] ADCParametersView:116 -                Rank 1 : false
2025-10-25 20:38:00,100 [INFO] ADCParametersView:116 -                Rank 1 : false
2025-10-25 20:38:00,101 [INFO] ADCParametersView:116 -                Rank 1 : false
2025-10-25 20:38:00,101 [INFO] ADCParametersView:116 -                Rank 1 : false
2025-10-25 20:38:00,102 [INFO] ADCParametersView:116 -                Rank 1 : false
2025-10-25 20:38:00,103 [INFO] ADCParametersView:116 -                Rank 1 : false
2025-10-25 20:38:00,103 [INFO] ADCParametersView:116 -                Rank 1 : false
2025-10-25 20:38:00,104 [INFO] ADCParametersView:116 -                Rank 1 : false
2025-10-25 20:38:00,105 [INFO] ADCParametersView:116 -                Rank 1 : false
2025-10-25 20:38:00,106 [INFO] ADCParametersView:116 -                Rank 1 : false
2025-10-25 20:38:00,123 [INFO] ADCParametersView:116 -                Rank 1 : false
2025-10-25 20:38:00,148 [INFO] ADCParametersView:116 -                Rank 1 : false
2025-10-25 20:38:00,150 [INFO] ADCParametersView:116 -                Rank 1 : false
2025-10-25 20:38:00,151 [INFO] ADCParametersView:116 -                Rank 1 : false
2025-10-25 20:38:00,152 [INFO] ADCParametersView:116 -                Rank 1 : false
2025-10-25 20:38:00,152 [INFO] ADCParametersView:116 -                Rank 1 : false
2025-10-25 20:38:00,153 [INFO] ADCParametersView:116 -                Rank 1 : false
2025-10-25 20:38:00,154 [INFO] ADCParametersView:116 -                Rank 1 : false
2025-10-25 20:38:00,154 [INFO] ADCParametersView:116 -                Rank 1 : false
2025-10-25 20:38:00,155 [INFO] ADCParametersView:116 -                Rank 1 : false
2025-10-25 20:38:00,155 [INFO] ADCParametersView:116 -                Rank 1 : false
2025-10-25 20:38:00,156 [INFO] ADCParametersView:116 -                Rank 1 : false
2025-10-25 20:38:00,157 [INFO] ADCParametersView:116 -                Rank 1 : false
2025-10-25 20:38:00,158 [INFO] ADCParametersView:116 -                Rank 1 : false
2025-10-25 20:38:00,158 [INFO] ADCParametersView:116 -                Rank 1 : false
2025-10-25 20:38:00,175 [INFO] ADCParametersView:116 -                Rank 1 : false
2025-10-25 20:38:12,051 [INFO] ADCParametersView:116 -                Rank 1 : false
2025-10-25 20:38:12,054 [INFO] ADCParametersView:116 -                Rank 1 : false
2025-10-25 20:38:12,055 [INFO] ADCParametersView:116 -                Rank 1 : false
2025-10-25 20:38:12,056 [INFO] ADCParametersView:116 -                Rank 1 : false
2025-10-25 20:38:12,057 [INFO] ADCParametersView:116 -                Rank 1 : false
2025-10-25 20:38:12,057 [INFO] ADCParametersView:116 -                Rank 1 : false
2025-10-25 20:38:12,058 [INFO] ADCParametersView:116 -                Rank 1 : false
2025-10-25 20:38:12,059 [INFO] ADCParametersView:116 -                Rank 1 : false
2025-10-25 20:38:12,060 [INFO] ADCParametersView:116 -                Rank 1 : false
2025-10-25 20:38:12,060 [INFO] ADCParametersView:116 -                Rank 1 : false
2025-10-25 20:38:12,061 [INFO] ADCParametersView:116 -                Rank 1 : false
2025-10-25 20:38:12,062 [INFO] ADCParametersView:116 -                Rank 1 : false
2025-10-25 20:38:12,063 [INFO] ADCParametersView:116 -                Rank 1 : false
2025-10-25 20:38:12,064 [INFO] ADCParametersView:116 -                Rank 1 : false
2025-10-25 20:38:12,083 [INFO] ADCParametersView:116 -                Rank 1 : false
2025-10-25 20:38:12,107 [INFO] ADCParametersView:116 -                Rank 1 : false
2025-10-25 20:38:12,108 [INFO] ADCParametersView:116 -                Rank 1 : false
2025-10-25 20:38:12,109 [INFO] ADCParametersView:116 -                Rank 1 : false
2025-10-25 20:38:12,110 [INFO] ADCParametersView:116 -                Rank 1 : false
2025-10-25 20:38:12,111 [INFO] ADCParametersView:116 -                Rank 1 : false
2025-10-25 20:38:12,111 [INFO] ADCParametersView:116 -                Rank 1 : false
2025-10-25 20:38:12,112 [INFO] ADCParametersView:116 -                Rank 1 : false
2025-10-25 20:38:12,113 [INFO] ADCParametersView:116 -                Rank 1 : false
2025-10-25 20:38:12,113 [INFO] ADCParametersView:116 -                Rank 1 : false
2025-10-25 20:38:12,114 [INFO] ADCParametersView:116 -                Rank 1 : false
2025-10-25 20:38:12,115 [INFO] ADCParametersView:116 -                Rank 1 : false
2025-10-25 20:38:12,115 [INFO] ADCParametersView:116 -                Rank 1 : false
2025-10-25 20:38:12,116 [INFO] ADCParametersView:116 -                Rank 1 : false
2025-10-25 20:38:12,117 [INFO] ADCParametersView:116 -                Rank 1 : false
2025-10-25 20:38:12,133 [INFO] ADCParametersView:116 -                Rank 1 : false
2025-10-25 20:38:12,219 [INFO] ADCParametersView:116 -                Rank 1 : false
2025-10-25 20:38:12,221 [INFO] ADCParametersView:116 -                Rank 1 : false
2025-10-25 20:38:12,221 [INFO] ADCParametersView:116 -                Rank 1 : false
2025-10-25 20:38:12,222 [INFO] ADCParametersView:116 -                Rank 1 : false
2025-10-25 20:38:12,223 [INFO] ADCParametersView:116 -                Rank 1 : false
2025-10-25 20:38:12,224 [INFO] ADCParametersView:116 -                Rank 1 : false
2025-10-25 20:38:12,224 [INFO] ADCParametersView:116 -                Rank 1 : false
2025-10-25 20:38:12,225 [INFO] ADCParametersView:116 -                Rank 1 : false
2025-10-25 20:38:12,226 [INFO] ADCParametersView:116 -                Rank 1 : false
2025-10-25 20:38:12,227 [INFO] ADCParametersView:116 -                Rank 1 : false
2025-10-25 20:38:12,227 [INFO] ADCParametersView:116 -                Rank 1 : false
2025-10-25 20:38:12,228 [INFO] ADCParametersView:116 -                Rank 1 : false
2025-10-25 20:38:12,229 [INFO] ADCParametersView:116 -                Rank 1 : false
2025-10-25 20:38:12,229 [INFO] ADCParametersView:116 -                Rank 1 : false
2025-10-25 20:38:12,247 [INFO] ADCParametersView:116 -                Rank 1 : false
2025-10-25 20:38:12,273 [INFO] ADCParametersView:116 -                Rank 1 : false
2025-10-25 20:38:12,275 [INFO] ADCParametersView:116 -                Rank 1 : false
2025-10-25 20:38:12,276 [INFO] ADCParametersView:116 -                Rank 1 : false
2025-10-25 20:38:12,277 [INFO] ADCParametersView:116 -                Rank 1 : false
2025-10-25 20:38:12,277 [INFO] ADCParametersView:116 -                Rank 1 : false
2025-10-25 20:38:12,278 [INFO] ADCParametersView:116 -                Rank 1 : false
2025-10-25 20:38:12,279 [INFO] ADCParametersView:116 -                Rank 1 : false
2025-10-25 20:38:12,279 [INFO] ADCParametersView:116 -                Rank 1 : false
2025-10-25 20:38:12,280 [INFO] ADCParametersView:116 -                Rank 1 : false
2025-10-25 20:38:12,280 [INFO] ADCParametersView:116 -                Rank 1 : false
2025-10-25 20:38:12,281 [INFO] ADCParametersView:116 -                Rank 1 : false
2025-10-25 20:38:12,282 [INFO] ADCParametersView:116 -                Rank 1 : false
2025-10-25 20:38:12,282 [INFO] ADCParametersView:116 -                Rank 1 : false
2025-10-25 20:38:12,283 [INFO] ADCParametersView:116 -                Rank 1 : false
2025-10-25 20:38:12,298 [INFO] ADCParametersView:116 -                Rank 1 : false
2025-10-25 20:38:15,020 [INFO] ADCParametersView:116 -                Rank 1 : false
2025-10-25 20:38:15,021 [INFO] ADCParametersView:116 -                Rank 1 : false
2025-10-25 20:38:15,022 [INFO] ADCParametersView:116 -                Rank 1 : false
2025-10-25 20:38:15,024 [INFO] ADCParametersView:116 -                Rank 1 : false
2025-10-25 20:38:15,024 [INFO] ADCParametersView:116 -                Rank 1 : false
2025-10-25 20:38:15,024 [INFO] ADCParametersView:116 -                Rank 1 : false
2025-10-25 20:38:15,025 [INFO] ADCParametersView:116 -                Rank 1 : false
2025-10-25 20:38:15,026 [INFO] ADCParametersView:116 -                Rank 1 : false
2025-10-25 20:38:15,027 [INFO] ADCParametersView:116 -                Rank 1 : false
2025-10-25 20:38:15,028 [INFO] ADCParametersView:116 -                Rank 1 : false
2025-10-25 20:38:15,028 [INFO] ADCParametersView:116 -                Rank 1 : false
2025-10-25 20:38:15,029 [INFO] ADCParametersView:116 -                Rank 1 : false
2025-10-25 20:38:15,030 [INFO] ADCParametersView:116 -                Rank 1 : false
2025-10-25 20:38:15,032 [INFO] ADCParametersView:116 -                Rank 1 : false
2025-10-25 20:38:15,047 [INFO] ADCParametersView:116 -                Rank 1 : false
2025-10-25 20:38:15,069 [INFO] ADCParametersView:116 -                Rank 1 : false
2025-10-25 20:38:15,071 [INFO] ADCParametersView:116 -                Rank 1 : false
2025-10-25 20:38:15,071 [INFO] ADCParametersView:116 -                Rank 1 : false
2025-10-25 20:38:15,072 [INFO] ADCParametersView:116 -                Rank 1 : false
2025-10-25 20:38:15,073 [INFO] ADCParametersView:116 -                Rank 1 : false
2025-10-25 20:38:15,074 [INFO] ADCParametersView:116 -                Rank 1 : false
2025-10-25 20:38:15,074 [INFO] ADCParametersView:116 -                Rank 1 : false
2025-10-25 20:38:15,075 [INFO] ADCParametersView:116 -                Rank 1 : false
2025-10-25 20:38:15,076 [INFO] ADCParametersView:116 -                Rank 1 : false
2025-10-25 20:38:15,077 [INFO] ADCParametersView:116 -                Rank 1 : false
2025-10-25 20:38:15,078 [INFO] ADCParametersView:116 -                Rank 1 : false
2025-10-25 20:38:15,078 [INFO] ADCParametersView:116 -                Rank 1 : false
2025-10-25 20:38:15,079 [INFO] ADCParametersView:116 -                Rank 1 : false
2025-10-25 20:38:15,080 [INFO] ADCParametersView:116 -                Rank 1 : false
2025-10-25 20:38:15,094 [INFO] ADCParametersView:116 -                Rank 1 : false
2025-10-25 20:38:15,181 [INFO] ADCParametersView:116 -                Rank 1 : false
2025-10-25 20:38:15,182 [INFO] ADCParametersView:116 -                Rank 1 : false
2025-10-25 20:38:15,183 [INFO] ADCParametersView:116 -                Rank 1 : false
2025-10-25 20:38:15,184 [INFO] ADCParametersView:116 -                Rank 1 : false
2025-10-25 20:38:15,185 [INFO] ADCParametersView:116 -                Rank 1 : false
2025-10-25 20:38:15,186 [INFO] ADCParametersView:116 -                Rank 1 : false
2025-10-25 20:38:15,187 [INFO] ADCParametersView:116 -                Rank 1 : false
2025-10-25 20:38:15,187 [INFO] ADCParametersView:116 -                Rank 1 : false
2025-10-25 20:38:15,188 [INFO] ADCParametersView:116 -                Rank 1 : false
2025-10-25 20:38:15,189 [INFO] ADCParametersView:116 -                Rank 1 : false
2025-10-25 20:38:15,189 [INFO] ADCParametersView:116 -                Rank 1 : false
2025-10-25 20:38:15,190 [INFO] ADCParametersView:116 -                Rank 1 : false
2025-10-25 20:38:15,191 [INFO] ADCParametersView:116 -                Rank 1 : false
2025-10-25 20:38:15,191 [INFO] ADCParametersView:116 -                Rank 1 : false
2025-10-25 20:38:15,208 [INFO] ADCParametersView:116 -                Rank 1 : false
2025-10-25 20:38:15,235 [INFO] ADCParametersView:116 -                Rank 1 : false
2025-10-25 20:38:15,237 [INFO] ADCParametersView:116 -                Rank 1 : false
2025-10-25 20:38:15,238 [INFO] ADCParametersView:116 -                Rank 1 : false
2025-10-25 20:38:15,239 [INFO] ADCParametersView:116 -                Rank 1 : false
2025-10-25 20:38:15,239 [INFO] ADCParametersView:116 -                Rank 1 : false
2025-10-25 20:38:15,240 [INFO] ADCParametersView:116 -                Rank 1 : false
2025-10-25 20:38:15,241 [INFO] ADCParametersView:116 -                Rank 1 : false
2025-10-25 20:38:15,241 [INFO] ADCParametersView:116 -                Rank 1 : false
2025-10-25 20:38:15,242 [INFO] ADCParametersView:116 -                Rank 1 : false
2025-10-25 20:38:15,243 [INFO] ADCParametersView:116 -                Rank 1 : false
2025-10-25 20:38:15,243 [INFO] ADCParametersView:116 -                Rank 1 : false
2025-10-25 20:38:15,244 [INFO] ADCParametersView:116 -                Rank 1 : false
2025-10-25 20:38:15,245 [INFO] ADCParametersView:116 -                Rank 1 : false
2025-10-25 20:38:15,245 [INFO] ADCParametersView:116 -                Rank 1 : false
2025-10-25 20:38:15,260 [INFO] ADCParametersView:116 -                Rank 1 : false
2025-10-25 20:38:16,794 [INFO] ADCParametersView:116 -                Rank 1 : false
2025-10-25 20:38:16,796 [INFO] ADCParametersView:116 -                Rank 1 : false
2025-10-25 20:38:16,797 [INFO] ADCParametersView:116 -                Rank 1 : false
2025-10-25 20:38:16,798 [INFO] ADCParametersView:116 -                Rank 1 : false
2025-10-25 20:38:16,799 [INFO] ADCParametersView:116 -                Rank 1 : false
2025-10-25 20:38:16,799 [INFO] ADCParametersView:116 -                Rank 1 : false
2025-10-25 20:38:16,800 [INFO] ADCParametersView:116 -                Rank 1 : false
2025-10-25 20:38:16,801 [INFO] ADCParametersView:116 -                Rank 1 : false
2025-10-25 20:38:16,802 [INFO] ADCParametersView:116 -                Rank 1 : false
2025-10-25 20:38:16,803 [INFO] ADCParametersView:116 -                Rank 1 : false
2025-10-25 20:38:16,804 [INFO] ADCParametersView:116 -                Rank 1 : false
2025-10-25 20:38:16,805 [INFO] ADCParametersView:116 -                Rank 1 : false
2025-10-25 20:38:16,806 [INFO] ADCParametersView:116 -                Rank 1 : false
2025-10-25 20:38:16,807 [INFO] ADCParametersView:116 -                Rank 1 : false
2025-10-25 20:38:16,855 [INFO] ADCParametersView:116 -                Rank 1 : false
2025-10-25 20:38:16,907 [INFO] ADCParametersView:116 -                Rank 1 : false
2025-10-25 20:38:16,908 [INFO] ADCParametersView:116 -                Rank 1 : false
2025-10-25 20:38:16,909 [INFO] ADCParametersView:116 -                Rank 1 : false
2025-10-25 20:38:16,910 [INFO] ADCParametersView:116 -                Rank 1 : false
2025-10-25 20:38:16,911 [INFO] ADCParametersView:116 -                Rank 1 : false
2025-10-25 20:38:16,912 [INFO] ADCParametersView:116 -                Rank 1 : false
2025-10-25 20:38:16,912 [INFO] ADCParametersView:116 -                Rank 1 : false
2025-10-25 20:38:16,913 [INFO] ADCParametersView:116 -                Rank 1 : false
2025-10-25 20:38:16,914 [INFO] ADCParametersView:116 -                Rank 1 : false
2025-10-25 20:38:16,914 [INFO] ADCParametersView:116 -                Rank 1 : false
2025-10-25 20:38:16,915 [INFO] ADCParametersView:116 -                Rank 1 : false
2025-10-25 20:38:16,916 [INFO] ADCParametersView:116 -                Rank 1 : false
2025-10-25 20:38:16,916 [INFO] ADCParametersView:116 -                Rank 1 : false
2025-10-25 20:38:16,917 [INFO] ADCParametersView:116 -                Rank 1 : false
2025-10-25 20:38:16,960 [INFO] ADCParametersView:116 -                Rank 1 : false
2025-10-25 20:38:17,046 [INFO] ADCParametersView:116 -                Rank 1 : false
2025-10-25 20:38:17,048 [INFO] ADCParametersView:116 -                Rank 1 : false
2025-10-25 20:38:17,049 [INFO] ADCParametersView:116 -                Rank 1 : false
2025-10-25 20:38:17,050 [INFO] ADCParametersView:116 -                Rank 1 : false
2025-10-25 20:38:17,051 [INFO] ADCParametersView:116 -                Rank 1 : false
2025-10-25 20:38:17,052 [INFO] ADCParametersView:116 -                Rank 1 : false
2025-10-25 20:38:17,052 [INFO] ADCParametersView:116 -                Rank 1 : false
2025-10-25 20:38:17,053 [INFO] ADCParametersView:116 -                Rank 1 : false
2025-10-25 20:38:17,054 [INFO] ADCParametersView:116 -                Rank 1 : false
2025-10-25 20:38:17,055 [INFO] ADCParametersView:116 -                Rank 1 : false
2025-10-25 20:38:17,056 [INFO] ADCParametersView:116 -                Rank 1 : false
2025-10-25 20:38:17,056 [INFO] ADCParametersView:116 -                Rank 1 : false
2025-10-25 20:38:17,057 [INFO] ADCParametersView:116 -                Rank 1 : false
2025-10-25 20:38:17,058 [INFO] ADCParametersView:116 -                Rank 1 : false
2025-10-25 20:38:17,096 [INFO] ADCParametersView:116 -                Rank 1 : false
2025-10-25 20:38:17,122 [INFO] ADCParametersView:116 -                Rank 1 : false
2025-10-25 20:38:17,124 [INFO] ADCParametersView:116 -                Rank 1 : false
2025-10-25 20:38:17,125 [INFO] ADCParametersView:116 -                Rank 1 : false
2025-10-25 20:38:17,126 [INFO] ADCParametersView:116 -                Rank 1 : false
2025-10-25 20:38:17,126 [INFO] ADCParametersView:116 -                Rank 1 : false
2025-10-25 20:38:17,127 [INFO] ADCParametersView:116 -                Rank 1 : false
2025-10-25 20:38:17,128 [INFO] ADCParametersView:116 -                Rank 1 : false
2025-10-25 20:38:17,129 [INFO] ADCParametersView:116 -                Rank 1 : false
2025-10-25 20:38:17,130 [INFO] ADCParametersView:116 -                Rank 1 : false
2025-10-25 20:38:17,130 [INFO] ADCParametersView:116 -                Rank 1 : false
2025-10-25 20:38:17,131 [INFO] ADCParametersView:116 -                Rank 1 : false
2025-10-25 20:38:17,132 [INFO] ADCParametersView:116 -                Rank 1 : false
2025-10-25 20:38:17,132 [INFO] ADCParametersView:116 -                Rank 1 : false
2025-10-25 20:38:17,133 [INFO] ADCParametersView:116 -                Rank 1 : false
2025-10-25 20:38:17,148 [INFO] ADCParametersView:116 -                Rank 1 : false
2025-10-25 20:38:18,694 [INFO] ADCParametersView:116 -                Rank 1 : false
2025-10-25 20:38:18,695 [INFO] ADCParametersView:116 -                Rank 1 : false
2025-10-25 20:38:18,696 [INFO] ADCParametersView:116 -                Rank 1 : false
2025-10-25 20:38:18,697 [INFO] ADCParametersView:116 -                Rank 1 : false
2025-10-25 20:38:18,698 [INFO] ADCParametersView:116 -                Rank 1 : false
2025-10-25 20:38:18,699 [INFO] ADCParametersView:116 -                Rank 1 : false
2025-10-25 20:38:18,699 [INFO] ADCParametersView:116 -                Rank 1 : false
2025-10-25 20:38:18,700 [INFO] ADCParametersView:116 -                Rank 1 : false
2025-10-25 20:38:18,701 [INFO] ADCParametersView:116 -                Rank 1 : false
2025-10-25 20:38:18,701 [INFO] ADCParametersView:116 -                Rank 1 : false
2025-10-25 20:38:18,702 [INFO] ADCParametersView:116 -                Rank 1 : false
2025-10-25 20:38:18,703 [INFO] ADCParametersView:116 -                Rank 1 : false
2025-10-25 20:38:18,704 [INFO] ADCParametersView:116 -                Rank 1 : false
2025-10-25 20:38:18,704 [INFO] ADCParametersView:116 -                Rank 1 : false
2025-10-25 20:38:18,721 [INFO] ADCParametersView:116 -                Rank 1 : false
2025-10-25 20:38:18,746 [INFO] ADCParametersView:116 -                Rank 1 : false
2025-10-25 20:38:18,747 [INFO] ADCParametersView:116 -                Rank 1 : false
2025-10-25 20:38:18,748 [INFO] ADCParametersView:116 -                Rank 1 : false
2025-10-25 20:38:18,749 [INFO] ADCParametersView:116 -                Rank 1 : false
2025-10-25 20:38:18,750 [INFO] ADCParametersView:116 -                Rank 1 : false
2025-10-25 20:38:18,751 [INFO] ADCParametersView:116 -                Rank 1 : false
2025-10-25 20:38:18,752 [INFO] ADCParametersView:116 -                Rank 1 : false
2025-10-25 20:38:18,752 [INFO] ADCParametersView:116 -                Rank 1 : false
2025-10-25 20:38:18,753 [INFO] ADCParametersView:116 -                Rank 1 : false
2025-10-25 20:38:18,754 [INFO] ADCParametersView:116 -                Rank 1 : false
2025-10-25 20:38:18,755 [INFO] ADCParametersView:116 -                Rank 1 : false
2025-10-25 20:38:18,756 [INFO] ADCParametersView:116 -                Rank 1 : false
2025-10-25 20:38:18,757 [INFO] ADCParametersView:116 -                Rank 1 : false
2025-10-25 20:38:18,757 [INFO] ADCParametersView:116 -                Rank 1 : false
2025-10-25 20:38:18,774 [INFO] ADCParametersView:116 -                Rank 1 : false
2025-10-25 20:38:18,865 [INFO] ADCParametersView:116 -                Rank 1 : false
2025-10-25 20:38:18,867 [INFO] ADCParametersView:116 -                Rank 1 : false
2025-10-25 20:38:18,867 [INFO] ADCParametersView:116 -                Rank 1 : false
2025-10-25 20:38:18,868 [INFO] ADCParametersView:116 -                Rank 1 : false
2025-10-25 20:38:18,869 [INFO] ADCParametersView:116 -                Rank 1 : false
2025-10-25 20:38:18,869 [INFO] ADCParametersView:116 -                Rank 1 : false
2025-10-25 20:38:18,870 [INFO] ADCParametersView:116 -                Rank 1 : false
2025-10-25 20:38:18,871 [INFO] ADCParametersView:116 -                Rank 1 : false
2025-10-25 20:38:18,871 [INFO] ADCParametersView:116 -                Rank 1 : false
2025-10-25 20:38:18,872 [INFO] ADCParametersView:116 -                Rank 1 : false
2025-10-25 20:38:18,873 [INFO] ADCParametersView:116 -                Rank 1 : false
2025-10-25 20:38:18,873 [INFO] ADCParametersView:116 -                Rank 1 : false
2025-10-25 20:38:18,874 [INFO] ADCParametersView:116 -                Rank 1 : false
2025-10-25 20:38:18,875 [INFO] ADCParametersView:116 -                Rank 1 : false
2025-10-25 20:38:18,891 [INFO] ADCParametersView:116 -                Rank 1 : false
2025-10-25 20:38:18,915 [INFO] ADCParametersView:116 -                Rank 1 : false
2025-10-25 20:38:18,916 [INFO] ADCParametersView:116 -                Rank 1 : false
2025-10-25 20:38:18,917 [INFO] ADCParametersView:116 -                Rank 1 : false
2025-10-25 20:38:18,918 [INFO] ADCParametersView:116 -                Rank 1 : false
2025-10-25 20:38:18,919 [INFO] ADCParametersView:116 -                Rank 1 : false
2025-10-25 20:38:18,919 [INFO] ADCParametersView:116 -                Rank 1 : false
2025-10-25 20:38:18,920 [INFO] ADCParametersView:116 -                Rank 1 : false
2025-10-25 20:38:18,921 [INFO] ADCParametersView:116 -                Rank 1 : false
2025-10-25 20:38:18,921 [INFO] ADCParametersView:116 -                Rank 1 : false
2025-10-25 20:38:18,922 [INFO] ADCParametersView:116 -                Rank 1 : false
2025-10-25 20:38:18,923 [INFO] ADCParametersView:116 -                Rank 1 : false
2025-10-25 20:38:18,923 [INFO] ADCParametersView:116 -                Rank 1 : false
2025-10-25 20:38:18,924 [INFO] ADCParametersView:116 -                Rank 1 : false
2025-10-25 20:38:18,924 [INFO] ADCParametersView:116 -                Rank 1 : false
2025-10-25 20:38:18,941 [INFO] ADCParametersView:116 -                Rank 1 : false
2025-10-25 20:38:36,062 [INFO] ADCParametersView:116 -                Rank 1 : false
2025-10-25 20:38:36,063 [INFO] ADCParametersView:116 -                Rank 1 : false
2025-10-25 20:38:36,064 [INFO] ADCParametersView:116 -                Rank 1 : false
2025-10-25 20:38:36,065 [INFO] ADCParametersView:116 -                Rank 1 : false
2025-10-25 20:38:36,066 [INFO] ADCParametersView:116 -                Rank 1 : false
2025-10-25 20:38:36,067 [INFO] ADCParametersView:116 -                Rank 1 : false
2025-10-25 20:38:36,068 [INFO] ADCParametersView:116 -                Rank 1 : false
2025-10-25 20:38:36,068 [INFO] ADCParametersView:116 -                Rank 1 : false
2025-10-25 20:38:36,069 [INFO] ADCParametersView:116 -                Rank 1 : false
2025-10-25 20:38:36,070 [INFO] ADCParametersView:116 -                Rank 1 : false
2025-10-25 20:38:36,071 [INFO] ADCParametersView:116 -                Rank 1 : false
2025-10-25 20:38:36,071 [INFO] ADCParametersView:116 -                Rank 1 : false
2025-10-25 20:38:36,072 [INFO] ADCParametersView:116 -                Rank 1 : false
2025-10-25 20:38:36,073 [INFO] ADCParametersView:116 -                Rank 1 : false
2025-10-25 20:38:36,087 [INFO] ADCParametersView:116 -                Rank 1 : false
2025-10-25 20:38:36,108 [INFO] ADCParametersView:116 -                Rank 1 : false
2025-10-25 20:38:36,109 [INFO] ADCParametersView:116 -                Rank 1 : false
2025-10-25 20:38:36,110 [INFO] ADCParametersView:116 -                Rank 1 : false
2025-10-25 20:38:36,111 [INFO] ADCParametersView:116 -                Rank 1 : false
2025-10-25 20:38:36,111 [INFO] ADCParametersView:116 -                Rank 1 : false
2025-10-25 20:38:36,112 [INFO] ADCParametersView:116 -                Rank 1 : false
2025-10-25 20:38:36,113 [INFO] ADCParametersView:116 -                Rank 1 : false
2025-10-25 20:38:36,113 [INFO] ADCParametersView:116 -                Rank 1 : false
2025-10-25 20:38:36,114 [INFO] ADCParametersView:116 -                Rank 1 : false
2025-10-25 20:38:36,115 [INFO] ADCParametersView:116 -                Rank 1 : false
2025-10-25 20:38:36,115 [INFO] ADCParametersView:116 -                Rank 1 : false
2025-10-25 20:38:36,116 [INFO] ADCParametersView:116 -                Rank 1 : false
2025-10-25 20:38:36,116 [INFO] ADCParametersView:116 -                Rank 1 : false
2025-10-25 20:38:36,117 [INFO] ADCParametersView:116 -                Rank 1 : false
2025-10-25 20:38:36,131 [INFO] ADCParametersView:116 -                Rank 1 : false
2025-10-25 20:38:36,222 [INFO] ADCParametersView:116 -                Rank 1 : false
2025-10-25 20:38:36,224 [INFO] ADCParametersView:116 -                Rank 1 : false
2025-10-25 20:38:36,224 [INFO] ADCParametersView:116 -                Rank 1 : false
2025-10-25 20:38:36,225 [INFO] ADCParametersView:116 -                Rank 1 : false
2025-10-25 20:38:36,226 [INFO] ADCParametersView:116 -                Rank 1 : false
2025-10-25 20:38:36,227 [INFO] ADCParametersView:116 -                Rank 1 : false
2025-10-25 20:38:36,227 [INFO] ADCParametersView:116 -                Rank 1 : false
2025-10-25 20:38:36,228 [INFO] ADCParametersView:116 -                Rank 1 : false
2025-10-25 20:38:36,229 [INFO] ADCParametersView:116 -                Rank 1 : false
2025-10-25 20:38:36,229 [INFO] ADCParametersView:116 -                Rank 1 : false
2025-10-25 20:38:36,230 [INFO] ADCParametersView:116 -                Rank 1 : false
2025-10-25 20:38:36,231 [INFO] ADCParametersView:116 -                Rank 1 : false
2025-10-25 20:38:36,231 [INFO] ADCParametersView:116 -                Rank 1 : false
2025-10-25 20:38:36,232 [INFO] ADCParametersView:116 -                Rank 1 : false
2025-10-25 20:38:36,247 [INFO] ADCParametersView:116 -                Rank 1 : false
2025-10-25 20:38:36,269 [INFO] ADCParametersView:116 -                Rank 1 : false
2025-10-25 20:38:36,271 [INFO] ADCParametersView:116 -                Rank 1 : false
2025-10-25 20:38:36,272 [INFO] ADCParametersView:116 -                Rank 1 : false
2025-10-25 20:38:36,272 [INFO] ADCParametersView:116 -                Rank 1 : false
2025-10-25 20:38:36,273 [INFO] ADCParametersView:116 -                Rank 1 : false
2025-10-25 20:38:36,273 [INFO] ADCParametersView:116 -                Rank 1 : false
2025-10-25 20:38:36,274 [INFO] ADCParametersView:116 -                Rank 1 : false
2025-10-25 20:38:36,275 [INFO] ADCParametersView:116 -                Rank 1 : false
2025-10-25 20:38:36,275 [INFO] ADCParametersView:116 -                Rank 1 : false
2025-10-25 20:38:36,276 [INFO] ADCParametersView:116 -                Rank 1 : false
2025-10-25 20:38:36,277 [INFO] ADCParametersView:116 -                Rank 1 : false
2025-10-25 20:38:36,277 [INFO] ADCParametersView:116 -                Rank 1 : false
2025-10-25 20:38:36,278 [INFO] ADCParametersView:116 -                Rank 1 : false
2025-10-25 20:38:36,279 [INFO] ADCParametersView:116 -                Rank 1 : false
2025-10-25 20:38:36,293 [INFO] ADCParametersView:116 -                Rank 1 : false
2025-10-25 20:38:43,575 [INFO] ADCParametersView:116 -                Rank 1 : false
2025-10-25 20:38:43,577 [INFO] ADCParametersView:116 -                Rank 1 : false
2025-10-25 20:38:43,578 [INFO] ADCParametersView:116 -                Rank 1 : false
2025-10-25 20:38:43,579 [INFO] ADCParametersView:116 -                Rank 1 : false
2025-10-25 20:38:43,580 [INFO] ADCParametersView:116 -                Rank 1 : false
2025-10-25 20:38:43,581 [INFO] ADCParametersView:116 -                Rank 1 : false
2025-10-25 20:38:43,582 [INFO] ADCParametersView:116 -                Rank 1 : false
2025-10-25 20:38:43,582 [INFO] ADCParametersView:116 -                Rank 1 : false
2025-10-25 20:38:43,583 [INFO] ADCParametersView:116 -                Rank 1 : false
2025-10-25 20:38:43,584 [INFO] ADCParametersView:116 -                Rank 1 : false
2025-10-25 20:38:43,584 [INFO] ADCParametersView:116 -                Rank 1 : false
2025-10-25 20:38:43,585 [INFO] ADCParametersView:116 -                Rank 1 : false
2025-10-25 20:38:43,586 [INFO] ADCParametersView:116 -                Rank 1 : false
2025-10-25 20:38:43,587 [INFO] ADCParametersView:116 -                Rank 1 : false
2025-10-25 20:38:43,602 [INFO] ADCParametersView:116 -                Rank 1 : false
2025-10-25 20:38:43,624 [INFO] ADCParametersView:116 -                Rank 1 : false
2025-10-25 20:38:43,626 [INFO] ADCParametersView:116 -                Rank 1 : false
2025-10-25 20:38:43,627 [INFO] ADCParametersView:116 -                Rank 1 : false
2025-10-25 20:38:43,627 [INFO] ADCParametersView:116 -                Rank 1 : false
2025-10-25 20:38:43,628 [INFO] ADCParametersView:116 -                Rank 1 : false
2025-10-25 20:38:43,629 [INFO] ADCParametersView:116 -                Rank 1 : false
2025-10-25 20:38:43,630 [INFO] ADCParametersView:116 -                Rank 1 : false
2025-10-25 20:38:43,630 [INFO] ADCParametersView:116 -                Rank 1 : false
2025-10-25 20:38:43,631 [INFO] ADCParametersView:116 -                Rank 1 : false
2025-10-25 20:38:43,632 [INFO] ADCParametersView:116 -                Rank 1 : false
2025-10-25 20:38:43,633 [INFO] ADCParametersView:116 -                Rank 1 : false
2025-10-25 20:38:43,633 [INFO] ADCParametersView:116 -                Rank 1 : false
2025-10-25 20:38:43,634 [INFO] ADCParametersView:116 -                Rank 1 : false
2025-10-25 20:38:43,635 [INFO] ADCParametersView:116 -                Rank 1 : false
2025-10-25 20:38:43,649 [INFO] ADCParametersView:116 -                Rank 1 : false
2025-10-25 20:38:43,733 [INFO] ADCParametersView:116 -                Rank 1 : false
2025-10-25 20:38:43,734 [INFO] ADCParametersView:116 -                Rank 1 : false
2025-10-25 20:38:43,735 [INFO] ADCParametersView:116 -                Rank 1 : false
2025-10-25 20:38:43,736 [INFO] ADCParametersView:116 -                Rank 1 : false
2025-10-25 20:38:43,737 [INFO] ADCParametersView:116 -                Rank 1 : false
2025-10-25 20:38:43,738 [INFO] ADCParametersView:116 -                Rank 1 : false
2025-10-25 20:38:43,738 [INFO] ADCParametersView:116 -                Rank 1 : false
2025-10-25 20:38:43,739 [INFO] ADCParametersView:116 -                Rank 1 : false
2025-10-25 20:38:43,740 [INFO] ADCParametersView:116 -                Rank 1 : false
2025-10-25 20:38:43,741 [INFO] ADCParametersView:116 -                Rank 1 : false
2025-10-25 20:38:43,742 [INFO] ADCParametersView:116 -                Rank 1 : false
2025-10-25 20:38:43,742 [INFO] ADCParametersView:116 -                Rank 1 : false
2025-10-25 20:38:43,743 [INFO] ADCParametersView:116 -                Rank 1 : false
2025-10-25 20:38:43,743 [INFO] ADCParametersView:116 -                Rank 1 : false
2025-10-25 20:38:43,758 [INFO] ADCParametersView:116 -                Rank 1 : false
2025-10-25 20:38:43,784 [INFO] ADCParametersView:116 -                Rank 1 : false
2025-10-25 20:38:43,786 [INFO] ADCParametersView:116 -                Rank 1 : false
2025-10-25 20:38:43,787 [INFO] ADCParametersView:116 -                Rank 1 : false
2025-10-25 20:38:43,788 [INFO] ADCParametersView:116 -                Rank 1 : false
2025-10-25 20:38:43,789 [INFO] ADCParametersView:116 -                Rank 1 : false
2025-10-25 20:38:43,790 [INFO] ADCParametersView:116 -                Rank 1 : false
2025-10-25 20:38:43,790 [INFO] ADCParametersView:116 -                Rank 1 : false
2025-10-25 20:38:43,791 [INFO] ADCParametersView:116 -                Rank 1 : false
2025-10-25 20:38:43,792 [INFO] ADCParametersView:116 -                Rank 1 : false
2025-10-25 20:38:43,792 [INFO] ADCParametersView:116 -                Rank 1 : false
2025-10-25 20:38:43,793 [INFO] ADCParametersView:116 -                Rank 1 : false
2025-10-25 20:38:43,794 [INFO] ADCParametersView:116 -                Rank 1 : false
2025-10-25 20:38:43,795 [INFO] ADCParametersView:116 -                Rank 1 : false
2025-10-25 20:38:43,796 [INFO] ADCParametersView:116 -                Rank 1 : false
2025-10-25 20:38:43,821 [INFO] ADCParametersView:116 -                Rank 1 : false
2025-10-25 20:38:46,927 [INFO] ADCParametersView:116 -                Rank 1 : false
2025-10-25 20:38:46,929 [INFO] ADCParametersView:116 -                Rank 1 : false
2025-10-25 20:38:46,930 [INFO] ADCParametersView:116 -                Rank 1 : false
2025-10-25 20:38:46,930 [INFO] ADCParametersView:116 -                Rank 1 : false
2025-10-25 20:38:46,931 [INFO] ADCParametersView:116 -                Rank 1 : false
2025-10-25 20:38:46,932 [INFO] ADCParametersView:116 -                Rank 1 : false
2025-10-25 20:38:46,933 [INFO] ADCParametersView:116 -                Rank 1 : false
2025-10-25 20:38:46,934 [INFO] ADCParametersView:116 -                Rank 1 : false
2025-10-25 20:38:46,934 [INFO] ADCParametersView:116 -                Rank 1 : false
2025-10-25 20:38:46,935 [INFO] ADCParametersView:116 -                Rank 1 : false
2025-10-25 20:38:46,936 [INFO] ADCParametersView:116 -                Rank 1 : false
2025-10-25 20:38:46,937 [INFO] ADCParametersView:116 -                Rank 1 : false
2025-10-25 20:38:46,937 [INFO] ADCParametersView:116 -                Rank 1 : false
2025-10-25 20:38:46,938 [INFO] ADCParametersView:116 -                Rank 1 : false
2025-10-25 20:38:46,953 [INFO] ADCParametersView:116 -                Rank 1 : false
2025-10-25 20:38:46,975 [INFO] ADCParametersView:116 -                Rank 1 : false
2025-10-25 20:38:46,977 [INFO] ADCParametersView:116 -                Rank 1 : false
2025-10-25 20:38:46,977 [INFO] ADCParametersView:116 -                Rank 1 : false
2025-10-25 20:38:46,978 [INFO] ADCParametersView:116 -                Rank 1 : false
2025-10-25 20:38:46,979 [INFO] ADCParametersView:116 -                Rank 1 : false
2025-10-25 20:38:46,980 [INFO] ADCParametersView:116 -                Rank 1 : false
2025-10-25 20:38:46,980 [INFO] ADCParametersView:116 -                Rank 1 : false
2025-10-25 20:38:46,982 [INFO] ADCParametersView:116 -                Rank 1 : false
2025-10-25 20:38:46,982 [INFO] ADCParametersView:116 -                Rank 1 : false
2025-10-25 20:38:46,983 [INFO] ADCParametersView:116 -                Rank 1 : false
2025-10-25 20:38:46,984 [INFO] ADCParametersView:116 -                Rank 1 : false
2025-10-25 20:38:46,985 [INFO] ADCParametersView:116 -                Rank 1 : false
2025-10-25 20:38:46,986 [INFO] ADCParametersView:116 -                Rank 1 : false
2025-10-25 20:38:46,986 [INFO] ADCParametersView:116 -                Rank 1 : false
2025-10-25 20:38:47,000 [INFO] ADCParametersView:116 -                Rank 1 : false
2025-10-25 20:39:03,137 [INFO] NvicIntPanel:101 - NVIC parent = com.st.microxplorer.plugins.ip.nvic.MultiNvicIntPanel[,0,0,0x0,invalid,layout=javax.swing.BoxLayout,alignmentX=0.0,alignmentY=0.0,border=,flags=9,maximumSize=,minimumSize=,preferredSize=]
2025-10-25 20:39:03,181 [INFO] ADCParametersView:116 -                Rank 1 : false
2025-10-25 20:39:03,184 [INFO] ADCParametersView:116 -                Rank 1 : false
2025-10-25 20:39:03,185 [INFO] ADCParametersView:116 -                Rank 1 : false
2025-10-25 20:39:03,186 [INFO] ADCParametersView:116 -                Rank 1 : false
2025-10-25 20:39:03,187 [INFO] ADCParametersView:116 -                Rank 1 : false
2025-10-25 20:39:03,187 [INFO] ADCParametersView:116 -                Rank 1 : false
2025-10-25 20:39:03,188 [INFO] ADCParametersView:116 -                Rank 1 : false
2025-10-25 20:39:03,189 [INFO] ADCParametersView:116 -                Rank 1 : false
2025-10-25 20:39:03,189 [INFO] ADCParametersView:116 -                Rank 1 : false
2025-10-25 20:39:03,190 [INFO] ADCParametersView:116 -                Rank 1 : false
2025-10-25 20:39:03,191 [INFO] ADCParametersView:116 -                Rank 1 : false
2025-10-25 20:39:03,192 [INFO] ADCParametersView:116 -                Rank 1 : false
2025-10-25 20:39:03,192 [INFO] ADCParametersView:116 -                Rank 1 : false
2025-10-25 20:39:03,193 [INFO] ADCParametersView:116 -                Rank 1 : false
2025-10-25 20:39:03,213 [INFO] ADCParametersView:116 -                Rank 1 : false
2025-10-25 20:39:08,386 [INFO] NvicIntPanel:101 - NVIC parent = com.st.microxplorer.plugins.ip.nvic.MultiNvicIntPanel[,0,0,0x0,invalid,layout=javax.swing.BoxLayout,alignmentX=0.0,alignmentY=0.0,border=,flags=9,maximumSize=,minimumSize=,preferredSize=]
2025-10-25 20:39:08,418 [INFO] ADCParametersView:116 -                Rank 1 : false
2025-10-25 20:39:08,421 [INFO] ADCParametersView:116 -                Rank 1 : false
2025-10-25 20:39:08,422 [INFO] ADCParametersView:116 -                Rank 1 : false
2025-10-25 20:39:08,422 [INFO] ADCParametersView:116 -                Rank 1 : false
2025-10-25 20:39:08,423 [INFO] ADCParametersView:116 -                Rank 1 : false
2025-10-25 20:39:08,424 [INFO] ADCParametersView:116 -                Rank 1 : false
2025-10-25 20:39:08,425 [INFO] ADCParametersView:116 -                Rank 1 : false
2025-10-25 20:39:08,425 [INFO] ADCParametersView:116 -                Rank 1 : false
2025-10-25 20:39:08,426 [INFO] ADCParametersView:116 -                Rank 1 : false
2025-10-25 20:39:08,427 [INFO] ADCParametersView:116 -                Rank 1 : false
2025-10-25 20:39:08,428 [INFO] ADCParametersView:116 -                Rank 1 : false
2025-10-25 20:39:08,429 [INFO] ADCParametersView:116 -                Rank 1 : false
2025-10-25 20:39:08,429 [INFO] ADCParametersView:116 -                Rank 1 : false
2025-10-25 20:39:08,430 [INFO] ADCParametersView:116 -                Rank 1 : false
2025-10-25 20:39:08,446 [INFO] ADCParametersView:116 -                Rank 1 : false
2025-10-25 20:39:22,989 [INFO] SpinnerEditorADC:65 - is string kkkk
2025-10-25 20:39:26,187 [INFO] NvicIntPanel:101 - NVIC parent = com.st.microxplorer.plugins.ip.nvic.MultiNvicIntPanel[,0,0,0x0,invalid,layout=javax.swing.BoxLayout,alignmentX=0.0,alignmentY=0.0,border=,flags=9,maximumSize=,minimumSize=,preferredSize=]
2025-10-25 20:39:26,225 [INFO] ADCParametersView:116 -                Rank 1 : false
2025-10-25 20:39:26,228 [INFO] ADCParametersView:116 -                Rank 1 : false
2025-10-25 20:39:26,229 [INFO] ADCParametersView:116 -                Rank 1 : false
2025-10-25 20:39:26,230 [INFO] ADCParametersView:116 -                Rank 1 : false
2025-10-25 20:39:26,230 [INFO] ADCParametersView:116 -                Rank 1 : false
2025-10-25 20:39:26,231 [INFO] ADCParametersView:116 -                Rank 1 : false
2025-10-25 20:39:26,232 [INFO] ADCParametersView:116 -                Rank 1 : false
2025-10-25 20:39:26,233 [INFO] ADCParametersView:116 -                Rank 1 : false
2025-10-25 20:39:26,234 [INFO] ADCParametersView:116 -                Rank 1 : false
2025-10-25 20:39:26,234 [INFO] ADCParametersView:116 -                Rank 1 : false
2025-10-25 20:39:26,235 [INFO] ADCParametersView:116 -                Rank 1 : false
2025-10-25 20:39:26,236 [INFO] ADCParametersView:116 -                Rank 1 : false
2025-10-25 20:39:26,237 [INFO] ADCParametersView:116 -                Rank 1 : false
2025-10-25 20:39:26,237 [INFO] ADCParametersView:116 -                Rank 1 : false
2025-10-25 20:39:26,251 [INFO] ADCParametersView:116 -                Rank 1 : false
2025-10-25 20:39:31,458 [INFO] ADCParametersView:116 -                Rank 1 : true
2025-10-25 20:39:42,716 [INFO] UtilMem:75 - End SaveConfig() Used Memory: 779544768 Bytes (1073741824)
2025-10-25 20:40:09,185 [INFO] ServerAccessManage:452 - Complete download http(s) 200
2025-10-25 20:40:09,186 [INFO] ServerAccessManage:509 - Download File stm32cube_fw_f4_v1280.zip
2025-10-25 20:40:25,442 [INFO] AnalyticsPlugin:363 - Accepted License(s) without tracking enabled: [FW.F4.1.28.0]
2025-10-25 20:40:25,445 [INFO] FileExtend:248 - Unzip File : stm32cube_fw_f4_v1280.zip
2025-10-25 20:40:25,448 [INFO] FileExtend:263 - Standard Zip Deflate
2025-10-25 20:40:54,803 [INFO] ServerAccessManage:452 - Complete download http(s) 200
2025-10-25 20:40:54,804 [INFO] ServerAccessManage:509 - Download File stm32cube_fw_f4_v1283.zip
2025-10-25 20:40:58,373 [INFO] FileExtend:248 - Unzip File : stm32cube_fw_f4_v1283.zip
2025-10-25 20:40:58,376 [INFO] FileExtend:263 - Standard Zip Deflate
2025-10-25 20:41:16,349 [INFO] LoadServerPackagesThread:196 - End of LoadServerPackages Thread
2025-10-25 20:41:16,627 [INFO] ThirdPartyModel:298 - Start build external matchings
2025-10-25 20:41:16,687 [INFO] UtilMem:75 - End SaveConfig() Used Memory: 765933192 Bytes (1073741824)
2025-10-25 20:41:17,475 [INFO] ThirdPartyModel:316 - End build external matchings
2025-10-25 20:41:17,509 [INFO] CheckServerUpdateThread:120 - End of CheckServer Thread
2025-10-25 20:41:21,914 [INFO] BlockDiagram:2775 - set Specific Code input for plugin: NVIC
2025-10-25 20:41:21,922 [INFO] BlockDiagram:2775 - set Specific Code input for plugin: USART
2025-10-25 20:41:21,928 [INFO] BlockDiagram:2775 - set Specific Code input for plugin: SYS
2025-10-25 20:41:21,930 [INFO] BlockDiagram:2775 - set Specific Code input for plugin: GPIO
2025-10-25 20:41:21,931 [INFO] BlockDiagram:2775 - set Specific Code input for plugin: ADC
2025-10-25 20:41:21,934 [INFO] BlockDiagram:2775 - set Specific Code input for plugin: RCC
2025-10-25 20:41:21,955 [INFO] CodeGenerator:892 - code generatio: config db path: C:\ST\STM32CubeIDE_1.19.0\STM32CubeIDE\plugins\com.st.stm32cube.common.mx_6.15.0.202507011659\\db\
2025-10-25 20:41:22,320 [INFO] CodeEngine:265 - oldGeneratedFile, N:\ECE-298\STM32_WORKSPACE\ADC_TEST\MXTmpFiles\license.tmp_save
2025-10-25 20:41:22,961 [INFO] CodeEngine:289 - Generated code: N:\ECE-298\STM32_WORKSPACE\ADC_TEST\MXTmpFiles\license.tmp
2025-10-25 20:41:23,130 [INFO] CodeEngine:265 - oldGeneratedFile, N:\ECE-298\STM32_WORKSPACE\ADC_TEST\MXTmpFiles\gpio.tmp_save
2025-10-25 20:41:23,369 [INFO] CodeEngine:289 - Generated code: N:\ECE-298\STM32_WORKSPACE\ADC_TEST\MXTmpFiles\gpio.tmp
2025-10-25 20:41:23,618 [INFO] CodeEngine:265 - oldGeneratedFile, N:\ECE-298\STM32_WORKSPACE\ADC_TEST\Core\Src\stm32f4xx_it.c_save
2025-10-25 20:41:23,855 [INFO] CodeEngine:289 - Generated code: N:\ECE-298\STM32_WORKSPACE\ADC_TEST\Core\Src\stm32f4xx_it.c
2025-10-25 20:41:23,890 [INFO] CodeEngine:265 - oldGeneratedFile, N:\ECE-298\STM32_WORKSPACE\ADC_TEST\Core\Inc\stm32f4xx_it.h_save
2025-10-25 20:41:24,110 [INFO] CodeEngine:289 - Generated code: N:\ECE-298\STM32_WORKSPACE\ADC_TEST\Core\Inc\stm32f4xx_it.h
2025-10-25 20:41:24,198 [INFO] CodeEngine:265 - oldGeneratedFile, N:\ECE-298\STM32_WORKSPACE\ADC_TEST\Core\Src\stm32f4xx_hal_msp.c_save
2025-10-25 20:41:24,454 [INFO] CodeEngine:289 - Generated code: N:\ECE-298\STM32_WORKSPACE\ADC_TEST\Core\Src\stm32f4xx_hal_msp.c
2025-10-25 20:41:24,487 [INFO] CodeEngine:265 - oldGeneratedFile, N:\ECE-298\STM32_WORKSPACE\ADC_TEST\MXTmpFiles\system.tmp_save
2025-10-25 20:41:24,619 [INFO] CodeEngine:289 - Generated code: N:\ECE-298\STM32_WORKSPACE\ADC_TEST\MXTmpFiles\system.tmp
2025-10-25 20:41:24,689 [INFO] CodeEngine:321 - oldGeneratedFile, N:\ECE-298\STM32_WORKSPACE\ADC_TEST\Core\Inc\stm32f4xx_hal_conf.h_save
2025-10-25 20:41:24,893 [INFO] CodeEngine:345 - Generated code: N:\ECE-298\STM32_WORKSPACE\ADC_TEST\Core\Inc\stm32f4xx_hal_conf.h
2025-10-25 20:41:24,978 [INFO] ApiDbMcu:532 - Load IP Config File for ADC1
2025-10-25 20:41:24,982 [INFO] ApiDbMcu:532 - Load IP Config File for USART2
2025-10-25 20:41:24,987 [INFO] ApiDbMcu:532 - Load IP Config File for RCC
2025-10-25 20:41:25,029 [INFO] CodeEngine:265 - oldGeneratedFile, N:\ECE-298\STM32_WORKSPACE\ADC_TEST\Core\Inc\main.h_save
2025-10-25 20:41:25,229 [INFO] CodeEngine:289 - Generated code: N:\ECE-298\STM32_WORKSPACE\ADC_TEST\Core\Inc\main.h
2025-10-25 20:41:25,269 [INFO] CodeEngine:265 - oldGeneratedFile, N:\ECE-298\STM32_WORKSPACE\ADC_TEST\Core\Src\main.c_save
2025-10-25 20:41:25,523 [INFO] CodeEngine:289 - Generated code: N:\ECE-298\STM32_WORKSPACE\ADC_TEST\Core\Src\main.c
2025-10-25 20:41:26,896 [INFO] ProjectBuilder:3606 - Time for Copy HAL[1] : 1027mS.
2025-10-25 20:41:26,917 [INFO] ProjectBuilder:5216 - Project Generator version: 4.7.0-B52
2025-10-25 20:41:27,014 [INFO] ConfigFileManager:1595 - The Die is : DIE433
2025-10-25 20:41:27,027 [INFO] ApiDbMcu:532 - Load IP Config File for FATFS
2025-10-25 20:41:27,032 [INFO] ApiDbMcu:532 - Load IP Config File for FREERTOS
2025-10-25 20:41:27,036 [INFO] ApiDbMcu:532 - Load IP Config File for LIBJPEG
2025-10-25 20:41:27,043 [INFO] ApiDbMcu:532 - Load IP Config File for MBEDTLS
2025-10-25 20:41:27,056 [INFO] ApiDbMcu:532 - Load IP Config File for USB_DEVICE
2025-10-25 20:41:27,061 [INFO] ApiDbMcu:532 - Load IP Config File for USB_HOST
2025-10-25 20:41:27,559 [INFO] LogOutputStream:77 - [STDOUT_REDIRECT] 
2025-10-25 20:41:31,356 [INFO] ProjectBuilder:5496 - Time for Generating toolchain IDE Files: 4437mS.
2025-10-25 20:41:31,388 [INFO] ProjectBuilder:3463 - Time for Copy CMSIS : 32mS.
2025-10-25 20:41:31,397 [INFO] ProjectBuilder:3463 - Time for Copy CMSIS : 0mS.
2025-10-25 20:58:19,125 [ERROR] LogOutputStream:75 - [STDERR_REDIRECT] 
